file_name,sinhala_transcript,sinhala_transcript_with_code_switch
Download (1).wav,මේක දන්නැතුව ලංකාවේ වන්ප්ලස් ඩිවයිස් එකක් ගන්නවා නම් ඔයා ලොකු වැරැද්දක් කරනවා. බිකෝස් ලංකාවේ ඕතරයිස්ඩ් වන්ප්ලස් ඩිස්ට්‍රිබියුටර් බ්‍රවුන්ස්. ඔයා වන්ප්ලස් ඩිවයිස් එකක් ගන්න,මේක දන්නැතුව ලංකාවේ OnePlus device එකක් ගන්නවා නම් ඔයා ලොකු වැරැද්දක් කරනවා. Because ලංකාවේ authorized OnePlus distributor Browns. ඔයා OnePlus device එකක් ගන්න
Download (2).wav,ස්යක් ගන්න කලින් මෙන්න මේ දේවල් ගැන දැනගන්න ඕනේ. පලවෙනි එක. එයාලා එක්ස්ක්ලූසිව්ලි ඔෆර් කරන්නේ වන්ප්ලස් ග්ලෝබල් වේරියන්ට් එක විතරයි නැතුව එක එක රටවල් වලින් රැන්ඩම් ඉම්පෝර්ට් කර,ස්යක් ගන්න කලින් මෙන්න මේ දේවල් ගැන දැනගන්න ඕනේ. පලවෙනි එක. එයාලා exclusively offer කරන්නේ OnePlus global variant එක විතරයි නැතුව එක එක රටවල් වලින් random import කර
Download (3).wav,ඉම්පෝර්ට් කරපු ඒවා නෙවෙයි. ඒ වගේම මේවා ඔක්කොම ෆුල් මැනිෆැක්චර් වොරන්ටි එක්ක එන ටීආර්සීඑස්එල් ඇපෲව්ඩ් ඩිවයිසස්. දෙවෙනි එක ඔයා බ්‍රවුන්ස් එකෙන් ගන්න වන්ප්ලස්,import කරපු ඒවා නෙවෙයි. ඒ වගේම මේවා ඔක්කොම full manufacture warranty එක්ක එන TRCSL approved devices. දෙවෙනි එක ඔයා Browns එකෙන් ගන්න OnePlus
Download (4).wav,වන්ප්ලස් ඩිවයිසස් ඔක්කොමට 2 ඉයර්ස් මැනිෆැක්චර් වොරන්ටි එකක් හම්බෙනවා හැබැයි කූල්ම පාර්ට් එක ග්‍රීන් ලයින් ඉෂූස් වලට ලයිෆ්ටයිම් ස්ක්‍රීන් වොරන්ටි එකක්,OnePlus devices ඔක්කොමට 2 years manufacture warranty එකක් හම්බෙනවා හැබැයි coolම part එක green line issues වලට lifetime screen warranty එකක්
Download (5).wav,රන්ටි එකක් හම්බෙනවා. යෙස් ලයිෆ්ටයිම් වොරන්ටි. සෝ මින් පස්සේ බ්‍රවුන්ස් වලින් ගන්න වන්ප්ලස් ඩිවයිසස් වලට ග්‍රීන් ලයින් ඉෂු එකක් ආවොත් එහෙම බ්‍රවුන්ස්ලම ඒක ගැන බලාගන්නවා.,"රන්ටි එකක් හම්බෙනවා. Yes, lifetime warranty. So මින් පස්සේ Browns වලින් ගන්න OnePlus devices වලට green line issue එකක් ආවොත් එහෙම Brownsලම ඒක ගැන බලාගන්නවා."
Download (6).wav,"තුන්වෙනි එක. දැන් ඔයාලට වන්ප්ලස් නෝඩ් සීඊ 5, නෝඩ් 5 ඒ වගේම පවර්ෆුල් වන්ප්ලස් 13ආර් එක බ්‍රවුන්ස් ඩීල්ස් නැත්තං ලංකාව පුරාම තියෙන","තුන්වෙනි එක. දැන් ඔයාලට OnePlus Nord CE5, Nord 5 ඒ වගේම powerful OnePlus 13R එක Browns Deals නැත්තං ලංකාව පුරාම තියෙන"
Download (7).wav,ව පුරා තියෙන බ්‍රවුන්ස් ඕතරයිස්ඩ් රිටේලර්ස්ලගෙන් මිලදී ගන්න පුළුවන්. මේ ස්නැප්ඩ්‍රැගන් 8ජෙන් 3 එක්ක එන වන්ප්ලස් 13ආර් එක බීස්ට් එකක් ගේමිං ඇන්ඩ් මල්ටි,ව පුරා තියෙන Browns authorized retailersලගෙන් මිලදී ගන්න පුළුවන්. මේ Snapdragon 8 Gen 3 එක්ක එන OnePlus 13R එක beast එකක් gaming and multi
Download (8).wav,"මල්ටිටාස්ක් වලදී. හැබැයි පොඩ්ඩක් ඉන්න. තාම ඉවර නෑ. වන්ප්ලස් 15, වන්ප්ලස් 15ආර්, වන්ප්ලස් පෑඩ්, ඒ වගේම ස්මාර්ට්වොචස් ඇන්ඩ් ඇක්සසරිස්","multitask වලදී. හැබැයි පොඩ්ඩක් ඉන්න. තාම ඉවර නෑ. OnePlus 15, OnePlus 15R, OnePlus Pad, ඒ වගේම smartwatches and accessories"
Download (9).wav,"රීස්, බ්‍රවුන්ස් හරහා ලංකාවට ඔෆීෂියලි ලෝන්ච් වෙන්නයි යන්නේ. සෝ ලංකාවේ ජෙනුයින් වොරන්ටි එක්ක හොඳ ආෆ්ටර් සේල්ස් සර්විස් එක්ක වන්ප්ලස් ඩිවයිස් එකක් ගන්න ඕනෙ නම් බ්‍රවුන්ස්","ries, Browns හරහා ලංකාවට officially launch වෙන්නයි යන්නේ. So ලංකාවේ genuine warranty එක්ක හොඳ after sales service එක්ක OnePlus device එකක් ගන්න ඕනෙ නම් Browns"
Download (10).wav,බ්‍රවුන්ස් තමා දැන් එකම තැන. ඔයාලගේ සෙට් එකේ ඉන්න වන්ප්ලස් ෆෑන් බෝයිව මෙන්න මේ වීඩියෝ එකේ ටැග් කරන්න ඒ වගේම වන්ප්ලස් 15 එකේ ෆුල් රිවීව් එකක් ඕනෙනම් ඒකත් පල්ලෙහා කමෙන්ට් කරන්න.,Browns තමා දැන් එකම තැන. ඔයාලගේ set එකේ ඉන්න OnePlus fan boyව මෙන්න මේ video එකේ tag කරන්න ඒ වගේම OnePlus 15 එකේ full review එකක් ඕනෙනම් ඒකත් පල්ලෙහා comment කරන්න.
Download (11).wav,පීස්,Peace
Download (12).wav,"ඔයා ලංකාවේ අයිෆෝන් එකක් ගන්න ඉන්නවනම් ඔයා මෙන්න මේක දැනගන්න ඕනේ. ලංකාවේ හැමෝගෙම ආසාවක් තමා අයිෆෝන් එකක් ගන්න එක. බ්‍රෑන්ඩ් නිව් අයිෆෝන්ස් ගණන් වැඩියි, ඒ නිසා ගොඩක් කට්ටිය හොයන්නේ යූස්ඩ් අයිෆෝන්ස්. ඒකේ","ඔයා ලංකාවේ iPhone එකක් ගන්න ඉන්නවනම් ඔයා මෙන්න මේක දැනගන්න ඕනේ. ලංකාවේ හැමෝගෙම ආසාවක් තමා iPhone එකක් ගන්න එක. brand new iPhones ගණන් වැඩියි, ඒ නිසා ගොඩක් කට්ටිය හොයන්නේ used iPhones. ඒකේ"
Download (13).wav,"ඒකේ කිසි ප්‍රශ්නයක් නෑ, මගෙත් පලවෙනි අයිෆෝන් එක යූස්ඩ් අයිෆෝන් එකක්. හැබැයි යූස්ඩ් අයිෆෝන් එකක් ගන්නකොට හරියට බලන්න ඕනේ, එහෙම නැත්නම් ඔයාට අයිෆෝන්ම එපා වෙලා යනවා. පලවෙනි දේ තමා වොරන්ටි.","ඒකේ කිසි ප්‍රශ්නයක් නෑ, මගෙත් පලවෙනි iPhone එක used iPhone එකක්. හැබැයි used iPhone එකක් ගන්නකොට හරියට බලන්න ඕනේ, එහෙම නැත්නම් ඔයාට iPhoneම එපා වෙලා යනවා. පලවෙනි දේ තමා warranty."
Download (14).wav,"ගොඩක් තැන් වල යූස්ඩ් අයිෆෝන් එකට ලයිෆ්ටයිම් සොෆ්ට්වෙයාර් වොරන්ටි එකක් දෙනවා කියලා ගොඩක් මාර්කට් කරනවා, හැබැයි අයිෆෝන් වලට ලේසියෙන්ම සොෆ්ට්වෙයාර් ඉෂූස් එන්නෙ නෑ. ඒ නිසා ඔයා යූස්ඩ් ෆෝන් එකක් ගන්නකොට ස්පෙෂලි","ගොඩක් තැන් වල used iPhone එකට lifetime software warranty එකක් දෙනවා කියලා ගොඩක් market කරනවා, හැබැයි iPhone වලට ලේසියෙන්ම software issues එන්නෙ නෑ. ඒ නිසා ඔයා used phone එකක් ගන්නකොට specially"
Download (15).wav,"ෂලි හාඩ්වෙයාර් වොරන්ටි එක තමා බලන්න ඕනේ. ගොඩක් යූස්ඩ් ෆෝන් ශොප්ස් වල මාසයයි එහෙම නැත්තන් මාස තුනක් වගේ තමා වොරන්ටි දෙන්නේ, උපරිම ගියොත් මාස හයක් දෙනවා. හැබැයි මං දන්නවා තැනක් යූස්ඩ් අයිෆෝන්ස් වලට","cially hardware warranty එක තමා බලන්න ඕනේ. ගොඩක් used phone shops වල මාසයයි එහෙම නැත්තන් මාස තුනක් වගේ තමා warranty දෙන්නේ, උපරිම ගියොත් මාස හයක් දෙනවා. හැබැයි මං දන්නවා තැනක් used iPhones වලට"
Download (16).wav,අයිෆෝන්ස් වලට අවුරුද්දක් වොරන්ටි දෙනවා. ඔයා අයිෆෝන් 16 ප්‍රෝ මැක්ස් එකක් ගත්තත් නැත්නම් අයිෆෝන් 11 එකක් ගත්තත් බැටරියත් එක්කම ඔයාට අවුරුද්දක් වොරන්ටි හම්බෙනවා. ඒ විතරක් නෙවෙයි.,iPhones වලට අවුරුද්දක් warranty දෙනවා. ඔයා iPhone 16 Pro Max එකක් ගත්තත් නැත්නම් iPhone 11 එකක් ගත්තත් බැටරියත් එක්කම ඔයාට අවුරුද්දක් warranty හම්බෙනවා. ඒ විතරක් නෙවෙයි.
Download (17).wav,"ර නෙවෙයි, ඒකත් එක්කම සික්ස් මන්ත් ෆෝන් ටු ෆෝන් චෙක් කිරීම් වොරන්ටි එකකුත් ඔයාට හම්බෙනවා. දැන් ඔයාලට තියෙන ප්‍රශ්නේ තමා කොහොමද මෙයාලා අවුරුද්දක් වොරන්ටි දෙන්නේ? මෙයාලා සෝස් කරන්නේ සිංගප්පූරු","ර නෙවෙයි, ඒකත් එක්කම 6 month phone-to-phone checking warranty එකකුත් ඔයාට හම්බෙනවා. දැන් ඔයාලට තියෙන ප්‍රශ්නේ තමා කොහොමද මෙයාලා අවුරුද්දක් warranty දෙන්නේ? මෙයාලා source කරන්නේ සිංගප්පූරු"
Download (18).wav,"සිංගප්පූරු වල තියෙන පී වන් ප්ලස් ට්‍රේඩ් අයිෆෝන්ස් විතරයි. මේ රේටින් එක කොහොමද හම්බෙන්නේ කියලා බැලුවොත් එහෙම, සිංගප්පූරු වල ඉන්න අයිෆෝන් හෝල්සේලර්ස්ලා එයාලගේ ෆෝන්ස් වල කන්ඩිෂන් එකට අනුව රේටින් එකක් දෙනවා.","සිංගප්පූරු වල තියෙන P1+ trade iPhones විතරයි. මේ rating එක කොහොමද හම්බෙන්නේ කියලා බැලුවොත් එහෙම, සිංගප්පූරු වල ඉන්න iPhone wholesalersලා එයාලගේ phones වල condition එකට අනුව rating එකක් දෙනවා."
Download (19).wav,දෙනවා. ඒකේ හයස්ම රේටින් එක තමා මෙන්න මේ පී වන් ප්ලස් කියන්නේ. ඒ රේටින් එක ඒ ෆෝන් එකට හම්බෙනවා කියන්නේ ඇට්ලීස්ට් පොඩි ස්ක්‍රැච් එකක් වත් ඒ ෆෝන් එකේ පේන්න නෑ. සෝ මෙන්න මේ රීසන් එක නිසා එයාලට වන් ඉයර්,දෙනවා. ඒකේ highestම rating එක තමා මෙන්න මේ P1+ කියන්නේ. ඒ rating එක ඒ phone එකට හම්බෙනවා කියන්නේ at least පොඩි scratch එකක් වත් ඒ phone එකේ පේන්න නෑ. So මෙන්න මේ reason එක නිසා එයාලට 1 year
Download (20).wav,වන් ඉයර් හාඩ්වෙයාර් වොරන්ටි එකක් දෙන්න පුළුවන් බැටරි එකත් එක්ක. අනිත් ෂොප් වල වගේ බැටරි බූස්ට් කරපු එහෙම නැත්නම් ඩිස්ප්ලේ නැත්නම් පාර්ට්ස් මාරු කරපු ෆෝන්ස් ඔයාට මෙහෙ බලාගන්න බෑ. සෝ මේ වන් ඉයර් වොරන්ටි එකත් එක්ක,1 year hardware warranty එකක් දෙන්න පුළුවන් battery එකත් එක්ක. අනිත් shop වල වගේ battery boost කරපු එහෙම නැත්නම් display නැත්නම් parts මාරු කරපු phones ඔයාට මෙහෙ බලාගන්න බෑ. So මේ 1 year warranty එකත් එක්ක
Download (21).wav,එක්ක යූස්ඩ් අයිෆෝන්ස් ලබා දෙන්නේ අනුරාධපුරේ තියෙන ෂාන් මොබයිල්. ඔන්න දැන් නහන්න එපා අයිෆෝන් ගන්න අනුරාධපුරේ යන්න ඕනෙද කියලා. ඔයාට වට්ස්ඇප් හරහා ඔන්ලයින් එකේම වොරන්ටි කරගන්න පුළුවන්. එක්සාම්පල් එකක් හැටියට,එක්ක used iPhones ලබා දෙන්නේ අනුරාධපුරේ තියෙන Shan Mobile. ඔන්න දැන් නහන්න එපා iPhone ගන්න අනුරාධපුරේ යන්න ඕනෙද කියලා. ඔයාට WhatsApp හරහා online එකේම warranty කරගන්න පුළුවන්. Example එකක් හැටියට
Download (22).wav,"එකක් හැටියට මට අයිෆෝන් 13 ප්‍රෝ එකක් ඕන නම් මට කරන්න තියෙන්නේ මෙන්න මේ නම්බර් එකට මැසේජ් එකක් දාන්න. ඔන්ලයින් ඒඅයි චැට්බොට් එකක් යනවා, ඒක හරහා ඔයාට ක්ෂණික රිප්ලයි එකක් හම්බෙනවා. සෝ ඔයාට ඒ ප්‍රයිස්","එකක් හැටියට මට iPhone 13 Pro එකක් ඕන නම් මට කරන්න තියෙන්නේ මෙන්න මේ number එකට message එකක් දාන්න. online AI chatbot එකක් යනවා, ඒක හරහා ඔයාට ක්ෂණික reply එකක් හම්බෙනවා. So ඔයාට ඒ price"
Download (23).wav,ඒ ප්‍රයිස් එකේ ඒ ෆෝන් එක ඕකේ නම් ඔයාට කේම වට්ස්ඇප් එකෙන් ෆෝන් එක බුක් කරගන්න පුළුවන් ආයේ ගෙදරටම ඩිලිවර් කරනවා. ඔයා මොන වෙලාවේ මැසේජ් කරත් මේ වට්ස්ඇප් බොට් එකෙන් ඔයාට ක්ෂණික රිප්ලයි එකක් අරන් දෙනවා,ඒ price එකේ ඒ phone එක okay නම් ඔයාට කේම WhatsApp එකෙන් ෆෝන් එක book කරගන්න පුළුවන් ආයේ ගෙදරටම deliver කරනවා. ඔයා මොන වෙලාවේ message කරත් මේ WhatsApp bot එකෙන් ඔයාට ක්ෂණික reply එකක් අරන් දෙනවා
Download (24).wav,අයිෆෝන් එකක් කියන්නේ අපි හැමෝම අමාරුවෙන් සල්ලි හම්බ කරලා ගන්න දෙයක්. ඉන් ෆැක්ට් මගෙත් පලවෙනි වීඩියෝස් එහෙම ගත්තේ අයිෆෝන් එක්ස් එස් එකකින්. ඊට පස්සේ තමා දැන් කැමරාස් වලට ස්විච් වුණේ. සෝ යූස්ඩ් අයිෆෝන්ස් ගත්තට පස්සේ,iPhone එකක් කියන්නේ අපි හැමෝම අමාරුවෙන් සල්ලි හම්බ කරලා ගන්න දෙයක්. In fact මගෙත් පලවෙනි videos එහෙම ගත්තේ iPhone XS එකකින්. ඊට පස්සේ තමා දැන් cameras වලට switch වුණේ. So used iPhones ගත්තට පස්සේ
Download (25).wav,"ඇත්තටම ප්‍රශ්නයක් නෑ. හොඳ වගකීමක් තියෙන තැනකින් ගන්න. ස්පෙෂලි වොරන්ටි එක පොඩ්ඩක් ඩබල් චෙක් කරලා බලන්න. සෝ අයිෆෝන් එකට ඉන්වෙස්ට් කරන්න ඉන්නවනම් ඇත්තටම ඒක හොඳම තැනකින් ඉන්වෙස්ට් කරන්න, එහෙම නැත්නම් ඔයාගේ අතින් තමා අන්තිමට වියදම් වෙන්න.","ඇත්තටම ප්‍රශ්නයක් නෑ. හොඳ වගකීමක් තියෙන තැනකින් ගන්න. specially warranty එක පොඩ්ඩක් double check කරලා බලන්න. So iPhone එකට invest කරන්න ඉන්නවනම් ඇත්තටම ඒක හොඳම තැනකින් invest කරන්න, එහෙම නැත්නම් ඔයාගේ අතින් තමා අන්තිමට වියදම් වෙන්න"
Download (26).wav,අන්තිමට වියදම් වෙන්නේ. සෝ ෂාන් මොබයිල් ලාව කන්ටැක්ට් කරගන්න ඕනේ කන්ටැක්ට් ඩීටේල්ස් වට්ස්ඇප් නම්බර්ස් ඔක්කොම මම පල්ලෙහා ඩිස්ක්‍රිප්ෂන් එකේ දෙන්නම්. සෝ මේ වීඩියෝ එක ළඟදීම අයිෆෝන් එකක් ගන්න ඉන්න ඔයාලගේ යාළුවන්ට ෂෙයා කරන්න,"අන්තිමට වියදම් වෙන්නේ. So Shan Mobileලව contact කරගන්න ඕනේ contact details, WhatsApp numbers ඔක්කොම මම පල්ලෙහා description එකේ දෙන්නම්. So මේ video එක ළඟදීම iPhone එකක් ගන්න ඉන්න ඔයාලගේ යාළුවන්ට share කරන්න"
Download (28).wav,ඔයා වගේ සැම්සුන් ගැලැක්සි ෆෝන් එක චාජර් එකට දාගෙන ගේම්ස් ගහනවා නම් මෙන්න මේ සීක්‍රට් සෙටින්ග් එක අනිවාර්යයෙන් ඔන් කරගන්න. මේක ඔයාගේ බැටරි එක ගේම්ස් ගහනකොට ඕවර් හීට් වෙන එකෙන් ආරක්ෂා කරනවා. ඒ වගේම ඔයාට,ඔයා වගේ Samsung Galaxy phone එක charger එකට දාගෙන games ගහනවා නම් මෙන්න මේ secret setting එක අනිවාර්යයෙන් on කරගන්න. මේක ඔයාගේ battery එක games ගහනකොට overheat වෙන එකෙන් ආරක්ෂා කරනවා. ඒ වගේම ඔයාට
Download (29).wav,ම ඔයාට හොඳ පර්ෆෝමන්ස් එකක් හම්බෙනවා. ඒ වගේම ලෝන් ටර්ම් බැටරි හෙල්ත් එකත් මේන්ටේන් වෙනවා. ඒකට කලින් මතක ඇතුව මේ වීඩියෝ එක සේව් කරලා ලයික් කරලා තියාගන්න. ඒ කියන්නේ ආයේ ඔයාට මේක මිස් වෙන්නේ නැහැ,ම ඔයාට හොඳ performance එකක් හම්බෙනවා. ඒ වගේම long-term battery health එකත් maintain වෙනවා. ඒකට කලින් මතක ඇතුව මේ video එක save කරලා like කරලා තියාගන්න. ඒ කියන්නේ ආයේ ඔයාට මේක miss වෙන්නේ නැහැ
Download (30).wav,නෑ. ෆෝන් එක චාජර් එකට කනෙක්ට් කරලා සෙටින්ග්ස් වලට යන්න. දැන් ඇඩ්වාන්ස් ෆීචර්ස් වලට යන්න. දැන් ගේම් බූස්ටර් සෙටින්ග්ස් ක්ලික් කරන්න. දැන් මෙන්න මේ සෙටින්ග්ස් එක ඔන් වෙලාද කියලා ඩබල් චෙක් කරගන්න,නෑ. Phone එක charger එකට connect කරලා settings වලට යන්න. දැන් advanced features වලට යන්න. දැන් Game Booster settings click කරන්න. දැන් මෙන්න මේ settings එක on වෙලාද කියලා double check කරගන්න
Download (31).wav,යන්න. ඒක තමා පෝස්ට් යූඑස්බී පීඩී චාජින් වෙන් ගේමින්. මේ සෙටින්ග් එකෙන් ඔයාගේ ෆෝන් එක බයිපාස් චාජින් යූස් කරන්න පටන් ගන්නවා ඔයා ගේම්ස් ගහනකොට. ඒ කියන්නේ ඔයා ගේම්ස් ගහනකොට ඩිරෙක්ට්ලි,යන්න. ඒක තමා bypass USB PD charging when gaming. මේ setting එකෙන් ඔයාගේ phone එක bypass charging use කරන්න පටන් ගන්නවා ඔයා games ගහනකොට. ඒ කියන්නේ ඔයා games ගහනකොට directly
Download (32).wav,"ඔන්න ඔයා ලක්ෂ දෙකක් විතර වියදම් කරලා වින්ඩෝස් ලැප්ටොප් එකක් අරන් ආවා. හොඳ ප්‍රොසෙසර් එකක් තියෙනවා, රැම් එක තියෙනවා ඔක්කොම හොඳයි. හැබැයි ඔයා එක ගෙනල්ලා ස්ටාර්ට් කරපු ගමන් මුලින්ම","ඔන්න ඔයා ලක්ෂ දෙකක් විතර වියදම් කරලා Windows ලැප්ටොප් එකක් අරන් ආවා. හොඳ processor එකක් තියෙනවා, RAM එක තියෙනවා ඔක්කොම හොඳයි. හැබැයි ඔයා එක ගෙනල්ලා start කරපු ගමන් මුලින්ම"
Download (33).wav,"මුලින්ම ඔයාගේ මයික්‍රොසොෆ්ට් එකවුන්ට් එක ඉල්ලනවා. ඊට පස්සේ ඔයා ස්ටාර්ට් මෙනු එකට ගියපු ගමන් ඇඩ්ස් හැම තැනම, ඊට පස්සේ ඔයා ජීවිතයට යූස් කරන්නේ නැති බ්ලෝට්වෙයාර් ඇප්ස් ඔයාට සෑහෙන්න බලාගන්න පුළුවන්. ඊට පස්සේ මෙන්න මේ","මුලින්ම ඔයාගේ Microsoft account එක ඉල්ලනවා. ඊට පස්සේ ඔයා start menu එකට ගියපු ගමන් ads හැම තැනම, ඊට පස්සේ ඔයා ජීවිතයට use කරන්නේ නැති bloatware apps ඔයාට සෑහෙන්න බලාගන්න පුළුවන්. ඊට පස්සේ මෙන්න මේ"
Download (34).wav,"මෙන්න මේ කෝ-පයිලට් කියන එක හැමතැනම බලාගන්න පුළුවන්. ඒ වගේම ඔයා ඩොකියුමන්ට් එකක් හදන්න ගියපු ගමන් එතනත් සබ්ස්ක්‍රිප්ෂන් එකක් ඉල්ලනවා. මේක ඔයා බග් එකක් කියලා හිතුවොත් නම් ඒක බග් එකක් නෙමෙයි, මේක ප්ලෑන් එකක්. මේක වෙලා","මෙන්න මේ Co-pilot කියන එක හැමතැනම බලාගන්න පුළුවන්. ඒ වගේම ඔයා document එකක් හදන්න ගියපු ගමන් එතනත් subscription එකක් ඉල්ලනවා. මේක ඔයා bug එකක් කියලා හිතුවොත් නම් ඒක bug එකක් නෙමෙයි, මේක plan එකක්. මේක වෙලා"
Download (35).wav,"මේක වෙලා තියෙන හේතුව තමා ඒඅයි. ඇයි මෙහෙම වෙන්නේ, ඒ වගේම අපි ඉස්සර යූස් කරපු ඕජී වින්ඩෝස් වගේ දැන් අපිට වින්ඩෝස් එක එහෙම බලාගන්න බෑ. ඒකට හේතු මොනවාද? මේවා ගැන තමා අද මේ වීඩියෝ එකේ ඩිස්කස් කරන්න යන්නේ","මේක වෙලා තියෙන හේතුව තමා AI. ඇයි මෙහෙම වෙන්නේ, ඒ වගේම අපි ඉස්සර use කරපු OG Windows වගේ දැන් අපිට Windows එක එහෙම බලාගන්න බෑ. ඒකට හේතු මොනවාද? මේවා ගැන තමා අද මේ video එකේ discuss කරන්න යන්නේ"
Download (36).wav,"ගන්න යන්නේ. සෝ ඒකට කලින් මෙන්න මේ වීඩියෝ එක ලයික් කරලා අපේ චැනල් එක සබ්ස්ක්‍රයිබ් කරලා තියාගන්න. සෝ මේ ඉන්නේ කසුන්. එයා පරණ ලැප්ටොප් එක අහක් කරලා, මාස ගානක් සල්ලි එකතු කරලා, අලුත් වින්ඩෝස් 11 ලැප්ටොප් එකක් ගන්නවා","ගන්න යන්නේ. So ඒකට කලින් මෙන්න මේ video එක like කරලා අපේ channel එක subscribe කරලා තියාගන්න. So මේ ඉන්නේ කසුන්. එයා පරණ laptop එක අහක් කරලා, මාස ගානක් සල්ලි එකතු කරලා, අලුත් Windows 11 laptop එකක් ගන්නවා"
Download (37).wav,එකක් ගන්නවා. සෝ සතුටින් පලවෙනි සැරේ ඒ ලැප්ටොප් එක බූට් කරනවා. පලවෙනි සැරේ එයා සෙට් අප් කරන්න යනකොට එයාට වයිෆයි කනෙක්ෂන් එකක් ඉල්ලනවා. ඊට පස්සේ එයාගේ මයික්‍රොසොෆ්ට් එකවුන්ට් එකට සයින් ඉන් වෙන්න කියනවා. එයාට සෙට් අප් ප්‍රොසෙස් එක,එකක් ගන්නවා. So සතුටින් පලවෙනි සැරේ ඒ laptop එක boot කරනවා. පලවෙනි සැරේ එයා setup කරන්න යනකොට එයාට Wi-Fi connection එකක් ඉල්ලනවා. ඊට පස්සේ එයාගේ Microsoft account එකට sign in වෙන්න කියනවා. එයාට setup process එක
Download (38).wav,"ප්‍රොසෙස් එකෙන් ඉස්සරහට යන්න. මේකේ ස්කිප් කරන්න බැහැ, අනිවාර්යයෙන් මේක කරන්න වෙනවා. මේක ස්කිප් කරන්න මෙතඩ් එකක් තියෙනවා, ඒක දන්නේ ඉතාමත් සීමිත පිරිසක් නැත්නම් මෙන්න මේ වගේ ටෙක් ඉන්තූසියාස්ට්ලා විතරයි","Process එකෙන් ඉස්සරහට යන්න. මේකේ skip කරන්න බැහැ, අනිවාර්යයෙන් මේක කරන්න වෙනවා. මේක skip කරන්න method එකක් තියෙනවා, ඒක දන්නේ ඉතාමත් සීමිත පිරිසක් නැත්නම් මෙන්න මේ වගේ tech enthusiastsලා විතරයි"
Download (39).wav,සාමාන්‍ය කෙනෙක්ට ඒවා දන්නෑ. එයාලා අනිවාර්යයෙන් සයින්-ඉන් වෙලා තමා යන්න වෙන්නේ. කමක් නෑ කියලා එයා එකවුන්ට් එකක් හදලා සෙට්-අප් එක ෆිනිෂ් කරලා ඩෙස්ක්ටොප් එකට යනවා. ඩෙස්ක්ටොප් එක ස්ටාර්ට් වුණ ගමන් එයා ස්ටාර්ට් මෙනු එක ක්ලික් කරපු,සාමාන්‍ය කෙනෙක්ට ඒවා දන්නෑ. එයාලා අනිවාර්යයෙන් sign-in වෙලා තමා යන්න වෙන්නේ. කමක් නෑ කියලා එයා account එකක් හදලා setup එක finish කරලා desktop එකට යනවා. desktop එක start වුණ ගමන් එයා start menu එක click කරපු
Download (40).wav,ක්ලික් කරපු ගමන් එතන ඇඩ්ස් සෑහෙන්න ප්‍රමාණයක් බලාගන්න පුළුවන්. ඊට පස්සේ එයා ජීවිතයට යූස් කරන්න නැති බ්ලෝට්වෙයාර් ඇප්ස් සෑහෙන්න ගොඩක් බලාගන්න පුළුවන්. ඊට අමතරව එයා ජීවිතයට ප්ලේ කරන්න කැමති නැති ගේම්ස්,Click කරපු ගමන් එතන ads සෑහෙන්න ප්‍රමාණයක් බලාගන්න පුළුවන්. ඊට පස්සේ එයා ජීවිතයට use කරන්න නැති bloatware apps සෑහෙන්න ගොඩක් බලාගන්න පුළුවන්. ඊට අමතරව එයා ජීවිතයට play කරන්න කැමති නැති games
Download (41).wav,ගේම්සුත් එයාට සජෙස්ට් වෙනවා. ඊට පස්සේ කමක් නෑ මම එසයින්මන්ට් කරන්න තමා මේක ගත්තේ කියලා එයා එසයින්මන්ට් කරන්න මයික්‍රොසොෆ්ට් වර්ඩ් එක ඕපන් කරනවා. ඊට පස්සේ එයාට ලොකු පොප් අප් එකක් එනවා මයික්‍රොසොෆ්ට් 360,Gamesුත් එයාට suggest වෙනවා. ඊට පස්සේ කමක් නෑ මම assignment කරන්න තමා මේක ගත්තේ කියලා එයා assignment කරන්න Microsoft Word එක open කරනවා. ඊට පස්සේ එයාට ලොකු pop up එකක් එනවා Microsoft 360
Download (42).wav,"365 එකට සබ්ස්ක්‍රිප්ෂන් එකක් ගෙවන්න කියලා. මයික්‍රොසොෆ්ට් වර්ඩ්, මයික්‍රොසොෆ්ට් පවර් පොයින්ට්, එක්සෙල්, වන්ඩ්‍රයිව්, ඊට පස්සේ කෝ-පයිලට් මේවා ඔක්කොම සබ්ස්ක්‍රිප්ෂන් එකක් පිටිපස්සේ මයික්‍රොසොෆ්ට් ලොක් කර","365 එකට subscription එකක් ගෙවන්න කියලා. Microsoft Word, Microsoft PowerPoint, Excel, OneDrive, ඊට පස්සේ Co-pilot මේවා ඔක්කොම subscription එකක් පිටිපස්සේ Microsoft ලා lock කර"
Download (43).wav,"ලා ලොක් කරලා තියෙන්නේ. ලැප්ටොප් එකේ කිසි ප්‍රශ්නයක් නෑ, ලැප්ටොප් එක තාමත් ෆාස්ට් විදිහට තමා වැඩ කරන්නේ. කසුන් ලක්ෂ දෙකක් පේ කරලා තමා මෙන්න මේ ලැප්ටොප් එක ගත්තේ. එයා ගත්තට පස්සේ ඒ සර්විසස් ටික යූස් කරන්න","ලා lock කරලා තියෙන්නේ. Laptop එකේ කිසි ප්‍රශ්නයක් නෑ, laptop එක තාමත් fast විදිහට තමා වැඩ කරන්නේ. කසුන් ලක්ෂ දෙකක් pay කරලා තමා මෙන්න මේ laptop එක ගත්තේ. එයා ගත්තට පස්සේ ඒ services ටික use කරන්න"
Download (44).wav,"කිරීමට එයා තවත් මාසෙන් මාසෙට ගෙවන්න සිද්ධ වෙනවා. සෝ සබ්ස්ක්‍රිප්ෂන් පේ කරන්න නැතුව දාගන්න පුළුවන් මෙතඩ්ස් තියෙනවා, හැබැයි ඒවා අන් එතික්කල් මෙතඩ්ස්, ඒවා ගැන අපි මෙතන කතා කරන්නේ නැතුව ඉමු. සෝ 2025, 26","කිරීමට එයා තවත් මාසෙන් මාසෙට ගෙවන්න සිද්ධ වෙනවා. So subscription pay කරන්න නැතුව දාගන්න පුළුවන් methods තියෙනවා, හැබැයි ඒවා unethical methods, ඒවා ගැන අපි මෙතන කතා කරන්නේ නැතුව ඉමු. So 2025, 26"
Download (45).wav,6 ඉඳන් වින්ඩෝස් මෙන්න මෙහෙම තමා පර්ෆෝම් කරන්නේ. ඇන්ඩ් වින්ඩෝස් යූස් කරන සමහර කට්ටියම මේවා හරියට රියලයිස් කරන්නේ නෑ. ඔයාලා හිස්ට්‍රි එක අරන් බැලුවොත් එහෙම 1990 ඉඳන් 2000 වෙනකන් වින්ඩෝස් තමා,6 ඉඳන් Windows මෙන්න මෙහෙම තමා perform කරන්නේ. And Windows use කරන සමහර කට්ටියම මේවා හරියට realize කරන්නේ නෑ. ඔයාලා history එක අරන් බැලුවොත් එහෙම 1990 ඉඳන් 2000 වෙනකන් Windows තමා
Download (46).wav,"ලෝකයේම තියෙන කොම්පියුටර්ස් වල 90%ක කොම්පියුටර්ස් වල වැඩ කළේ වින්ඩෝස්. ගොඩක් ගවර්න්මන්ට් ඔෆිසර්ස්, ස්කූල්ස්, යුනිවර්සිටීස්, හැමතැනම ඔයාට වින්ඩෝස් ඔපරේටින් සිස්ටම් එක තමා බලාගන්න පුළුවන්","ලෝකයේම තියෙන computers වල 90%ක computers වල වැඩ කළේ Windows. ගොඩක් government officers, schools, universities, හැමතැනම ඔයාට Windows operating system එක තමා බලාගන්න පුළුවන්"
Download (47).wav,මේ වීඩියෝ එක බලන් ඉන්න ඔයාලගෙත් පළවෙනි ඔපරේටින් සිස්ටම් එක සමහර වෙලාවට වින්ඩෝස් තමා වෙන්න ඇත්තේ. මේකට රීසන් එක මොකද්ද කියලා බැලුවොත් එහෙම වින්ඩෝස් ඒ දවස්වල හරිම සිම්පල්. ඔයා ජස්ට් පීසී එකක් ගත්තා,මේ video එක බලන් ඉන්න ඔයාලගෙත් පළවෙනි operating system එක සමහර වෙලාවට Windows තමා වෙන්න ඇත්තේ. මේකට reason එක මොකද්ද කියලා බැලුවොත් එහෙම Windows ඒ දවස්වල හරිම simple. ඔයා just PC එකක් ගත්තා
Download (48).wav,"ඉන්ස්ටෝල් කරා ඊට පස්සේ ලේසියෙන්ම යූස් කරන්න පුළුවන්. ඔයාට එකවුන්ට්ස් අවශ්‍ය නෑ, සබ්ස්ක්‍රිප්ෂන් එකක් තිබ්බේ නෑ, ඒ වගේම ක්ලවුඩ් බැකප් රිමයින්ඩර්සුත් ආවේ නෑ. අපි ඒ දවස්වල වින්ඩෝස් යූස් කරනකොට මයික්‍රොසොෆ්ට්ලත්","Install කරා ඊට පස්සේ ලේසියෙන්ම use කරන්න පුළුවන්. ඔයාට accounts අවශ්‍ය නෑ, subscription එකක් තිබ්බේ නෑ, ඒ වගේම cloud backup remindersුත් ආවේ නෑ. අපි ඒ දවස්වල Windows use කරනකොට Microsoftලත්"
Download (49).wav,ලත් ඒ දවස්වල වින්ඩෝස් වලින් සෑහෙන ප්‍රමාණයක් හම්බ කළා. 2006යේ විතරක් මයික්‍රොසොෆ්ට්ලට මෙන්න මේ වින්ඩෝස් ඔපරේටින් සිස්ටම් එක 13 බිලියන් ඩොලර්ස් රෙවනියු එකක් අරන් දීලා තියෙනවා. බට් ඒවා ඔක්කොම දැන්,ලත් ඒ දවස්වල Windows වලින් සෑහෙන ප්‍රමාණයක් හම්බ කළා. 2006යේ විතරක් Microsoftලට මෙන්න මේ Windows operating system එක 13 billion dollars revenue එකක් අරන් දීලා තියෙනවා. But ඒවා ඔක්කොම දැන්
Download (50).wav,දැන් වෙනස් වෙලා තියෙන්නේ. ඔයා දැන් මයික්‍රොසොෆ්ට්ලාගේ රෙවනියු එක අරන් බැලුවොත් එහෙම මෙන්න මේ වින්ඩෝස් ඔපරේටින් සිස්ටම් එක එයාලගේ ටෝටල් රෙවනියු සිස්ටම් එකෙන් 10%ටත් වඩා අඩුවෙන් තමා රෙවනියු,දැන් වෙනස් වෙලා තියෙන්නේ. ඔයා දැන් Microsoftලාගේ revenue එක අරන් බැලුවොත් එහෙම මෙන්න මේ Windows operating system එක එයාලගේ total revenue system එකෙන් 10%ටත් වඩා අඩුවෙන් තමා revenue
Download (51).wav,ආ රෙවනියු එකක් අරන් දෙන්නේ. දැන් වෙනකොට මයික්‍රොසොෆ්ට් එකට ගොඩක්ම රෙවනියු අරන් දෙන්නේ ක්ලවුඩ් සර්වර්සුයි මෙන්න මේ ඒ.අයි කියන එක. ඔයාලා දන්නවා ඇති මයික්‍රොසොෆ්ට් බිලියන ගණන් ඉන්වෙස්ට් කරා මෙන්න මේ ඒ.අයි එකට. එයාලා ඕපන් ඒ.අයි.,ආ revenue එකක් අරන් දෙන්නේ. දැන් වෙනකොට Microsoft එකට ගොඩක්ම revenue අරන් දෙන්නේ cloud serversුයි මෙන්න මේ AI කියන එක. ඔයාලා දන්නවා ඇති Microsoft බිලියන ගණන් invest කරා මෙන්න මේ AI එකට. එයාලා Open AI.
Download (52).wav,ඕපන් ඒ.අයි. කම්පනි එකට බිලියන් ගණන් ඉන්වෙස්ට් කරා මෙන්න මේ ඒ.අයි. ටූල්ස් ඩිවලොප් කරන්න. එයාලා මේක ඉන්වෙස්ට් කරපු පලියට එයාලා කෝ-පයිලට් කියලා එකක් ඉන්ට්‍රොඩියුස් කරලා ඔයාලගේ වින්ඩෝස් පීසී එකේ හැම තැනම දැන් ඒක බලාගන්න පුළුවන්,Open AI company එකට බිලියන් ගණන් invest කරා මෙන්න මේ AI tools develop කරන්න. එයාලා මේක invest කරපු පලියට එයාලා Co-pilot කියලා එකක් introduce කරලා ඔයාලගේ Windows PC එකේ හැම තැනම දැන් ඒක බලාගන්න පුළුවන්
Download (53).wav,බලාගන්න පුළුවන්. ඔයාගේ වින්ඩෝස් ස්ටාර්ට් මෙනු එකේ තියෙනවා. මයික්‍රොසොෆ්ට් එජ් එකේ බලාගන්න පුළුවන්. ඇයි? පේන්ට් ඇප් එකේත් දැන් ඔයාට කෝ-පයිලට් බලාගන්න පුළුවන්. ඒ වගේම අලුතෙන් එන පීසී එකේ ඔයාගේ කීබෝඩ් එකෙත් කෝ-පයිලට් තියෙනවා,බලාගන්න පුළුවන්. ඔයාගේ Windows start menu එකේ තියෙනවා. Microsoft Edge එකේ බලාගන්න පුළුවන්. ඇයි? Paint app එකෙත් දැන් ඔයාට Co-pilot බලාගන්න පුළුවන්. ඒ වගේම අලුතෙන් එන PC එකේ ඔයාගේ keyboard එකෙත් Co-pilot තියෙනවා
Download (54).wav,"කී එකක් දීලා තියෙනවා. දැන් ඉස්සර වගේ ඕ.එස්. එක නෙවෙයි ප්‍රොඩක්ට් එක, දැන් ඔයාලා තමා මයික්‍රොසොෆ්ට් එකට ප්‍රොඩක්ට් එකක් වෙලා තියෙන්නේ. ඔයාලගේ ඇටෙන්ෂන් එක, ඔයාලගේ ඩේටා, ඒ වගේම මන්ත්ලි සබ්ස්ක්‍රිප්ෂන් එක තමා දැන් වින්ඩෝස් වලට","Key එකක් දීලා තියෙනවා. දැන් ඉස්සර වගේ OS එක නෙවෙයි product එක, දැන් ඔයාලා තමා Microsoft එකට product එකක් වෙලා තියෙන්නේ. ඔයාලගේ attention එක, ඔයාලගේ data, ඒ වගේම monthly subscription එක තමා දැන් Windows වලට"
Download (55).wav,"වින්ඩෝස් වලට අවශ්‍ය. දැන් මේ ඒ.අයි. කියන එක වින්ඩෝස් වලට එයාලා ෆෝස්ෆුලි දාලා තියෙනවා, ඒ වගේම ගොඩක් වින්ඩෝස් යූසර්ස්ලා මේවා යූස් කරන්නෙත් නෑ. පලවෙනි එක මෙන්න මේ කෝ-පයිලට් එක දැන් ඔයාට හැම තැනම බලාගන්න පුළුවන්","Windows වලට අවශ්‍ය. දැන් මේ AI කියන එක Windows වලට එයාලා forcefully දාලා තියෙනවා, ඒ වගේම ගොඩක් Windows usersලා මේවා use කරන්නෙත් නෑ. පලවෙනි එක මෙන්න මේ Co-pilot එක දැන් ඔයාට හැම තැනම බලාගන්න පුළුවන්"
Download (56).wav,"එවරිවෙයා අයි ගෝ, අයි සී හිස් ෆේස්","Everywhere I go, I see his face"
Download (57).wav,ඒ වගේම මයික්‍රොසොෆ්ට් ත්‍රි සික්ස්ටි ෆයිව් පිටිපස්සෙත් ඔයාට මෙන්න මේ කෝ පයිලට් එක බලාගන්න පුළුවන්. ඒ වගේම මයික්‍රොසොෆ්ට්ලා වින්ඩෝස් රිකෝල් කියලා ෆීචර් එකක් ඉන්ට්‍රොඩියුස් කරා. ඒක හැමෝටම රිලීස් කරන්න කලින්,ඒ වගේම Microsoft 365 පිටිපස්සෙත් ඔයාට මෙන්න මේ Co-pilot එක බලාගන්න පුළුවන්. ඒ වගේම Microsoftලා Windows Recall කියලා feature එකක් introduce කරා. ඒක හැමෝටම release කරන්න කලින්
Download (58).wav,"ඉන්ට්‍රොඩියුස් කරා. ඒක හැමෝටම රිලීස් කරන්න කලින් මුලින් බීටා ටෙස්ට් කරා. මේකේ මොකද්ද වෙන්නේ කියලා බැලුවොත් එහෙම ඔයා කොම්පියුටර් එක යූස් කරගෙන ඉන්නකොට එයා නිතරම ස්ක්‍රීන්ෂොට්ස් ගහනවා. ඔයාගේ ඩොකියුමන්ට්ස්, ඔයා විසිත් කරන වෙබ්සයිට්ස්, ඔයාගේ පර්සනල් ඩේටා","Introduce කරා. ඒක හැමෝටම release කරන්න කලින් මුලින් beta test කරා. මේකේ මොකද්ද වෙන්නේ කියලා බැලුවොත් එහෙම ඔයා computer එක use කරගෙන ඉන්නකොට එයා නිතරම screenshots ගහනවා. ඔයාගේ documents, ඔයා visit කරන websites, ඔයාගේ personal data"
Download (59).wav,මේවා ඔක්කොම ස්ක්‍රීන්ෂොට්ස් අරගන්නවා. ඊට පස්සේ ඔයා මක්කරි ඒක ගැන ප්‍රශ්නයක් නැත්නම් ඔයා කලින් මොකක්ද සර්ච් කරේ වගේ දේවල් ඒකෙන් ඇහුව ගමන් එයා ඒ ඩේටා ඔක්කොම අරන් දෙනවා. මයික්‍රොසොෆ්ට්ලා කිව්වා මේක,මේවා ඔක්කොම screenshots අරගන්නවා. ඊට පස්සේ ඔයා මක්කරි ඒක ගැන ප්‍රශ්නයක් නැත්නම් ඔයා කලින් මොකක්ද search කරේ වගේ දේවල් ඒකෙන් ඇහුව ගමන් එයා ඒ data ඔක්කොම අරන් දෙනවා. Microsoftලා කිව්වා මේක
Download (60).wav,"කීවා මේක හන්ඩ්‍රඩ් පර්සන්ට් සේෆ් ඔක්කොම වෙන්නේ කොම්පියුටර් එක ඇතුලේ කියලා. හැබැයි ගොඩක් සිකියුරිටි රිසර්චස්ලා මේකේ ප්‍රොබ්ලම්ස් අයිඩෙන්ටිෆයි කරගෙන තියෙනවා, ඒ වගේම මේක ගොඩක් ඩේටත් ලීක් වෙනවා කියලා අයිඩෙන්ටිෆයි කරගෙන තියෙනවා","කීවා මේක 100% safe ඔක්කොම වෙන්නේ computer එක ඇතුලේ කියලා. හැබැයි ගොඩක් security researchersලා මේකේ problems identify කරගෙන තියෙනවා, ඒ වගේම මේක ගොඩක් dataත් leak වෙනවා කියලා identify කරගෙන තියෙනවා"
Download (61).wav,තියෙනවා. ඊට පස්සේ ඒ ෆීචර් එක ඩිලීට් වුණා. ඊට පස්සේ ආයේ රීඩිසයින් කරලා ආයෙත් ඩිලීට් වුණා. තාම ඒක රීඩිසයිනින් පේස් එකේ තමා තියෙන්නේ. ඇන්ඩ් තුන්වෙනි එක තමා මෙන්න මේ එන්ඩ්,තියෙනවා. ඊට පස්සේ ඒ feature එක delete වුණා. ඊට පස්සේ ආයේ redesign කරලා ආයෙත් delete වුණා. තාම ඒක redesigning phase එකේ තමා තියෙන්නේ. and තුන්වෙනි එක තමා මෙන්න මේ end
Download (62).wav,"එන්.පී.යූ ටැක්ස්. ඔයාලා අහලා ඇති දැන් අලුතෙන්ම රිලීස් වෙන ලැප්ටොප්ස් වලට කෝ-පයිලට් ප්ලස් පීසීස් කියනවා, එහෙම නැත්නම් ඒ.අයි පීසීස් කියනවා. මෙන්න මේ ලේබල් එක මයික්‍රොසොෆ්ට් එකෙන් හම්බවෙන්න ඕන නම් ඒ පී.සී","NPU tax. ඔයාලා අහලා ඇති දැන් අලුතෙන්ම release වෙන laptops වලට Copilot+ PCs කියනවා, එහෙම නැත්නම් AI PCs කියනවා. මෙන්න මේ label එක Microsoft එකෙන් හම්බවෙන්න ඕන නම් ඒ PC"
Download (63).wav,එකේ පී.සී. මැනුෆැක්චරර් එන්.පී.යූ කියන දේ ඉන්ක්ලූඩ් කරන්න ඕනේ එයාලගේ ලැප්ටොප්ස් වලට. එන්.පී.යූ කියන්නේ නියුරල් ප්‍රොසෙසින් යුනිට් ස්පෙෂල් මෙන්න මේ ඒ.අයි ටාස්ක් වලට. මෙන්න මේ ලැප්ටොප් සාමාන්‍ය,එකේ PC manufacturer NPU කියන දේ include කරන්න ඕනේ එයාලගේ laptops වලට. NPU කියන්නේ Neural Processing Unit ස්පෙෂල් මෙන්න මේ AI tasks වලට. මෙන්න මේ laptop සාමාන්‍ය
Download (64).wav,ලැප්ටොප්ස් වලට වඩා ටිකක් ගානෙන් වැඩියි. හැබැයි අපි හැමෝම දන්නවා ඒ.අයි. ටාස්ක් රන් කරන්න ගොඩක්ම පවර් එක යූස් වෙන්නේ ජී.පී.යූ. එක හරහා. ඩෙඩිකේටඩ් එන්.පී.යූ. එකක් තියෙන පී.සී. එකකට වඩා,laptops වලට වඩා ටිකක් ගානෙන් වැඩියි. හැබැයි අපි හැමෝම දන්නවා AI tasks run කරන්න ගොඩක්ම power එක use වෙන්නේ GPU එක හරහා. Dedicated NPU එකක් තියෙන PC එකකට වඩා
Download (65).wav,ඉන්බිල්ට් ජී.පී.යූ එකක් තියෙන පී.සී. එකක් ඒ ඒ.අයි ටාස්ක් ෆාස්ට්ලි කරනවා මේ එන්.පී.යූ පී.සී එකට වඩා. සෝ මෙන්න මේ පී.සී එකක් කෝ-පයිලට් ප්ලස් පී.සී එකක් කියලා මෙන්ෂන් කරපු පලියට කස්ටමර්,Inbuilt GPU එකක් තියෙන PC එකක් ඒ AI tasks fastly කරනවා මේ NPU PC එකට වඩා. So මෙන්න මේ PC එකක් Copilot+ PC එකක් කියලා mention කරපු පලියට customer
Download (66).wav,කස්ටමර්ස්ලාට වැඩිපුර ගාණක් පේ කරන්න අවශ්‍යයි එකම ෆීචර්ස් ටිකට. රීසන්ට්ලි බැලුවොත් එහෙම ඩෙල් කම්පනි එකෙන් එයාලගේ ලැප්ටොප් ඇඩ්වර්ටයිස්මන්ට් වල මෙන්න මේ ඒ.අයි. කෑල්ල රිමූව් කරා. බිකෝස් මේක කස්ටමර්ස්ලා,Customersලාට වැඩිපුර ගාණක් pay කරන්න අවශ්‍යයි එකම features ටිකට. Recently බැලුවොත් එහෙම Dell company එකෙන් එයාලගේ laptop advertisement වල මෙන්න මේ AI කෑල්ල remove කරා. Because මේක customersලා
Download (67).wav,"කස්ටමර්ස්ලාව කන්ෆියුස් කරනවා කියලා. මම කියන්නේ නෑ මෙන්න මේ ඒ.අයි. කියන එක යූස්ලස් කියලා. ඒ.අයි. කියන්නේ ඇත්තටම යූස්ෆුල් දෙයක්. ඔයාගේ එඩිටින්, ඊට පස්සේ ක්‍රියේටිව් වැඩ, රිසර්ච් වැඩ ඔක්කොම මෙයා ටෙන් ටයිම්ස් ලේට්","Customersලාව confuse කරනවා කියලා. මම කියන්නේ නෑ මෙන්න මේ AI කියන එක useless කියලා. AI කියන්නේ ඇත්තටම useful දෙයක්. ඔයාගේ editing, ඊට පස්සේ creative වැඩ, research වැඩ ඔක්කොම මෙයා 10 times late"
Download (68).wav,"ටයිම්ස් ලේසි කරලා දෙනවා. සෝ මමත් මෙන්න මේ ඒ.අයි. ටූල්ස් නිතරම යූස් කරන එක්කෙනෙක් තමා. හැබැයි මෙතන පොඩි ඩිෆරන්ස් එකක් තියෙනවා. ඔයා ඒ.අයි. ටූල් එකක් යූස් කරන එකටයි, ඔයාව ෆෝස් කරලා ඒ.අයි. ටූල් එකක් යූස්","times ලේසි කරලා දෙනවා. So මමත් මෙන්න මේ AI tools නිතරම use කරන එක්කෙනෙක් තමා. හැබැයි මෙතන පොඩි difference එකක් තියෙනවා. ඔයා AI tool එකක් use කරන එකටයි, ඔයාව force කරලා AI tool එකක් use"
Download (69).wav," යූස් කරවලා එතනින් එක්ස්ට්‍රා චාජ් ගන්න එක. සෝ මෙන්න මේකට ටෙක් ටර්ම් එකක් තියෙනවා, මේකට කියන්නේ එන්ශිෆ්ටිෆිකේෂන්. එතන බලාගන්න පුළුවන්","use කරවලා එතනින් extra charge ගන්න එක. So මෙන්න මේකට tech term එකක් තියෙනවා, මේකට කියන්නේ Enshittification. එතන බලාගන්න පුළුවන්"
Download (70).wav,ඉතින් මේකෙන් කියන්නේ ප්ලැට්ෆෝම් එකක් යූසර්ස්ලට සර්ව් කරන එක නතර කරලා එයාලටම එයාලා සර්ව් කරගන්න එකට. සෝ මෙතන අපිට ගොඩක් ඇප්ස් බලාගන්න පුළුවන් ලයික්,ඉතින් මේකෙන් කියන්නේ platform එකක් usersලට serve කරන එක නතර කරලා එයාලටම එයාලා serve කරගන්න එකට. So මෙතන අපිට ගොඩක් apps බලාගන්න පුළුවන් like
Download (71).wav,"ටික් ටොක්, වට්ස්ඇප්, සෝ මෙන්න මේ වගේ දෙයක් තමා මෙන්න මේ වින්ඩෝස් වලටත් යන්නේ. සෝ ඒ දවස්වල වින්ඩෝස් බැලුවොත් එහෙම මමත් පර්සනලි යූස් කරලා තියෙනවා වින්ඩෝස් එක්ස්.පී, වින්ඩෝස්","TikTok, WhatsApp, So මෙන්න මේ වගේ දෙයක් තමා මෙන්න මේ Windows වලටත් යන්නේ. So ඒ දවස්වල Windows බැලුවොත් එහෙම මමත් personally use කරලා තියෙනවා Windows XP, Windows"
Download (72).wav,"වින්ඩෝස් සෙවන්, ඊට පස්සේ මම වින්ඩෝස් ඒට් ස්කිප් කරා, ඊට පස්සේ වින්ඩෝස් ටෙන්, මෙන්න මේවා එහෙම ඒ දවස්වල ඕ.ජී ඔපරේටින් සිස්ටම් එකක් වෙලා තිබ්බා","Windows 7, ඊට පස්සේ මම Windows 8 skip කරා, ඊට පස්සේ Windows 10, මෙන්න මේවා එහෙම ඒ දවස්වල OG operating system එකක් වෙලා තිබ්බා"
Download (73).wav,"දැට්ස් වයි, ඉට්ස් රියලි බැඩ්!","That's why, it's really bad!"
Download (74).wav,දැට්ස් වයි හීස් ද ගෝට්!,That's why he is the GOAT!
Download (75).wav,ද ගෝට්! දැනට මේ වින්ඩෝස් ලෙවන් එකේ වෙලා තියෙන සිටුවේෂන් එකෙන් ගොඩක් කට්ටිය මැක් ඕ.එස් එකටත් ස්විච් වෙනවා. සෝ මේ වීඩියෝ එකත් බලන් ඉන්න ගොඩක් කට්ටියගේ පලවෙනි ඔපරේටින් සිස්ටම්,The GOAT! දැනට මේ Windows 11 එකේ වෙලා තියෙන situation එකෙන් ගොඩක් කට්ටිය macOS එකටත් switch වෙනවා. So මේ video එකත් බලන් ඉන්න ගොඩක් කට්ටියගේ පලවෙනි operating system
Download (76).wav,එකක් වින්ඩෝස් එක්ස්.පී එකක් නැත්නම් වින්ඩෝස් සෙවන් එකක් වෙන්න ඇති. සෝ ඒ දවස්වල බැලුවොත් එහෙම වින්ඩෝස් මේ වගේ අප්ඩේට් ෆෝස් කරන්නේ නෑ. අපිට බ්ලූ ස්ක්‍රීන් එරස් එනවා අඩුයි,එකක් Windows XP එකක් නැත්නම් Windows 7 එකක් වෙන්න ඇති. So ඒ දවස්වල බැලුවොත් එහෙම Windows මේ වගේ update force කරන්නේ නෑ. අපිට blue screen errors එනවා අඩුයි
Download (77).wav,මෙන්න මේ වගේ සෑහෙන බෙල්ෆිට්ස් තොගයක් තිබ්බා. හැබැයි දෙදහස් විසිහය බලනකොට වින්ඩෝස් එයාලගේ යූසර්ස්ලව රිවෙනියු ස්ට්‍රීම් එකක් හැටියට තමා ට්‍රීට් කරන්නේ. සෝ මේ වීඩියෝ එක කවුරුහරි මයික්‍රොසොෆ්ට් එකේ පැත්ත,මෙන්න මේ වගේ සෑහෙන benefits තොගයක්  තිබ්බා. හැබැයි 2026 බලනකොට Windows එයාලගේ usersලව revenue stream එකක් හැටියට තමා treat කරන්නේ. සෝ මේ video එක කවුරුහරි Microsoft එකේ පැත්ත
Download (78).wav,එකේ පැත්තෙන් අහගෙන ඉන්නවා නම් අපිට කියන්න තියෙන්නේ එක දෙයයි. අපි වින්ඩෝස් වලට කැමතියි. අපිට මැක් ඕ.එස් එකටවත් නැත්නම් ලිනක්ස් වලටවත් ස්විච් වෙන්න කැමති නෑ. හැබැයි අපිට අවශ්‍ය වෙන්නේ ඉස්සර තිබ්බ ඕ.ජී. වින්ඩෝස් එක්ස්පීරියන්ස් එක,එකේ පැත්තෙන් අහගෙන ඉන්නවා නම් අපිට කියන්න තියෙන්නේ එක දෙයයි. අපි Windows වලට කැමතියි. අපිට macOS එකටවත් නැත්නම් Linux වලටවත් switch වෙන්න කැමති නෑ. හැබැයි අපිට අවශ්‍ය වෙන්නේ ඉස්සර තිබ්බ OG Windows experience එක
Download (79).wav,"එක්ස්පීරියන්ස් එක. මෙන්න මේ කෝ-පයිලට් කියන එක ෆෝස් කරන්න අවශ්‍යතාවයක් නෑ, ඒ වගේම ස්ටාට් මෙනු එකේ ඇඩ්ස් ඕනේ නෑ. ඒ වගේම අපිට ඉන්ස්ටෝල් කරන්න ඕනේ නම් එකවුන්ට් එකක් නැතුවම ඉන්ස්ටෝල් කරගන්න පුළුවන් ඔප්ෂන් එකක් තිබ්බා නම් ඇති","experience එක. මෙන්න මේ Copilot කියන එක force කරන්න අවශ්‍යතාවයක් නෑ, ඒ වගේම Start menu එකේ ads ඕනේ නෑ. ඒ වගේම අපිට install කරන්න ඕනේ නම් account එකක් නැතුවම install කරගන්න පුළුවන් option එකක් තිබ්බා නම් ඇති"
Download (80).wav,තිබ්බාම ඇති. සෝ වින්ඩෝස් මට මේ දැනිච්ච විදිහට ඔයාලටත් දැනෙනවා නම් පල්ලෙහා කමෙන්ට් කරන්න. ඒ වගේම ඔයාලා මේ වින්ඩෝස් වල එක්ස්පීරියන්ස් කරපු පොසිටිව් ඇන්ඩ් නෙගටිව් දේවල් දෙකම පල්ලෙහා කමෙන්ට් කරන්න. ඒ වගේම ඔයාලා,තිබ්බාම ඇති. So Windows මට මේ දැනිච්ච විදිහට ඔයාලටත් දැනෙනවා නම් පල්ලෙහා comment කරන්න. ඒ වගේම ඔයාලා මේ Windows වල experience කරපු positive ඇන්ඩ් negative දේවල් දෙකම පල්ලෙහා comment කරන්න. ඒ වගේම ඔයාලා
Download (81).wav,ඔයාලා අලුතෙන්ම රිලීස් වෙච්ච එස් විසි හය අල්ට්‍රා එකේ ෆුල් රිවීව් එක බලන්න ඕනේ නම් මෙන්න මෙතන ක්ලික් කරන්න. ඇන්ඩ් මේ වීඩියෝ එක ලයික් කරන්න එහෙම නැත්නම් ලයික් නොකර ඉන්න ප්‍රශ්නයක් නෑ. මේක කමියුනිටි එක වෙනුවෙන් කරපු වීඩියෝ එකක්,ඔයාලා අලුතෙන්ම release වෙච්ච S26 Ultra එකේ full review එක බලන්න ඕනේ නම් මෙන්න මෙතන click කරන්න. And මේ video එක like කරන්න එහෙම නැත්නම් like නොකර ඉන්න ප්‍රශ්නයක් නෑ. මේක community එක වෙනුවෙන් කරපු video එකක්
Download (83).wav,ඩිරෙක්ට්ලි චාජ් එකෙන් එන පවර් එක තමා මෙයා යූස් කරන්නේ බැටරි එකෙන් යූස් කරන්නේ නෑ. මේකෙන් ඔයාගේ ෆෝන් එකේ ලෝන්ග් ටර්ම් බැටරි හෙල්ත් එක ආරක්ෂා කරනවා. ඒ වගේම ෆෝන් එක ඕවර් හීට් වෙන එකෙනුත් ආරක්ෂා කරනවා,directly charge එකෙන් එන power එක තමා මෙයා use කරන්නේ battery එකෙන් use කරන්නේ නෑ. මේකෙන් ඔයාගේ phone එකේ long term battery health එක ආරක්ෂා කරනවා. ඒ වගේම phone එක overheat වෙන එකෙනුත් ආරක්ෂා කරනවා
Download (84).wav,ක්ෂා කරනවා. සෝ ඕවර්ඕල් බැලුවොත් චාජර් එක කනෙක්ට් කරගෙනම සේෆ්ලි ඔයාට ගේම්ස් ප්ලේ කරන්න පුළුවන්. සෝ මේ වීඩියෝ එක හැමවෙලේම ගැලැක්සි ෆෝන් එක යූස් කරගෙන ගේම්ස් ගහන ඔයාගේ යාළුවන්ට ශෙයාර් කරන්න,ක්ෂා කරනවා. So overall බැලුවොත් charger එක connect කරගෙනම safely ඔයාට games play කරන්න පුළුවන්. So මේ video එක හැමවෙලේම galaxy phone එක use කරගෙන games ගහන ඔයාගේ යාළුවන්ට share කරන්න
Download (86).wav,"මේ ප්‍රොඩක්ට්ස් දෙකම ගත්තා එක මිඩ් රේන්ජ් ෆෝන් එකක් ගන්න ගාණට. මේ තියෙන්නේ 41,000ට බ්ලැක්වීව් ශාක් 6 කියන ෆෝන් එක. ඔයාට යූනිඑස්ඕසී ටී81000 සීපීයූ එකක් එක්ක","මේ products දෙකම ගත්තා එක mid-range phone එකක් ගන්න ගාණට. මේ තියෙන්නේ 41,000ට Blackview Shark 6 කියන phone එක. ඔයාට UNISOC T81000 CPU එකක් එක්ක"
Download (87).wav,"ත් එක්ක ෆෝ ජීබී රෑම්, එකසිය විසිඅට ජීබී යූ.එෆ්.එස් ටූ පොයින්ට් ටූ ස්ටෝරේජ් එකක් ඔයාට බලාගන්න පුළුවන්. ප්‍රයිස් එකත් එක්ක කම්පෙයා කරනකොට බෙන්ච්මාර්ක් ස්කෝ එක ඇත්තටම හොඳයි. හැබැයි නෝටිස් කරන්න ඕනේ දේ තමා බෙන්ච්මාර්ක්","ත් එක්ක 4GB RAM, 128GB UFS 2.2 storage එකක් ඔයාට බලාගන්න පුළුවන්. Price එකත් එක්ක compare කරනකොට benchmark score එක ඇත්තටම හොඳයි. හැබැයි notice කරන්න ඕනේ දේ තමා benchmark"
Download (88).wav,බෙන්ච්මාර්ක් කරනකොට අපිට කිසිම හීටින් ඉෂු එකක් බලාගන්න තිබ්බේ නෑ. ඉස්සරහා ඩිස්ප්ලේ එක බැලුවොත් එහෙම 6.88 ඉන්ච් අයි.පී.එස් එල්.සී.ඩී 120 හර්ට්ස් පැනල් එකක් බලාගන්න පුළුවන්. ඒත් එක්කම,benchmark කරනකොට අපිට කිසිම heating issue එකක් බලාගන්න තිබ්බේ නෑ. ඉස්සරහා display එක බැලුවොත් එහෙම 6.88 inch IPS LCD 120Hz panel එකක් බලාගන්න පුළුවන්. ඒත් එක්කම
Download (89).wav,"ඒත් එක්කම සයින් මවුන්ටඩ් ෆින්ගර්ප්‍රින්ට් සෙන්ස් එකකුත් හම්බවෙනවා. මේ ෆෝන් එක ඩියුරබල් වුනත් එක්ස්ට්‍රා ප්‍රොටෙක්ෂන් එකට කවර් එක බොක්ස් එකේම දීලා තියෙනවා. ඇන්ඩ් යෙස්, එන්.එෆ්.සී හරහා ගූගල් ටැප් ටු පේ සපෝට් එකෙන් ඔයාට දැන් මේකෙන් පේමන්ට්ස් කරන්න පුළුවන්","ඒත් එක්කම sign mounted fingerprint sense එකකුත් හම්බවෙනවා. මේ phone එක durable වුනත් extra protection එකට cover එක box එකේම දීලා තියෙනවා. And yes, NFC හරහා Google tap to pay support එකෙන් ඔයාට දැන් මේකෙන් payments කරන්න පුළුවන්"
Download (90).wav,"මන්ට්ස් කරගන්නත් පුළුවන්. මේ ෆෝන් එක රන් වෙන්නේ ඩෝක් ඕඑස් 4.2 බේස්ඩ් ඔන් ඇන්ඩ්‍රොයිඩ් 15, ඇප් ඕපනින්, නැවිගේෂන් ඒ වගේම මල්ටි ටාස්කින් ඇනිමේෂන් ඔක්කොම ඇත්තටම ස්මූත්. ඊළඟට ගොඩක් ක","ments කරගන්නත් පුළුවන්. මේ phone එක run වෙන්නේ DokeOS 4.2 based on Android 15, app opening, navigation ඒ වගේම multitasking animation ඔක්කොම ඇත්තටම smooth. ඊළඟට ගොඩක් ක"
Download (91).wav,ගොඩක් කට්ටිය ඇෆෝඩබල් ප්‍රයිස් එකට ටැබ්ලට් එකක් හොයනවා. මෙන්න මේ ටැබ්ලට් එක ඔයාලට සෙට් වෙනවද කියලා පොඩ්ඩක් බලන්නකො. මේ තියෙන්නේ බ්ලැක්වීව් සෙනෝ 10 5G කියන ටැබ්ලට් එක. මේ ටැබ්ලට් එකේ මං කැමති දේවල් තුනක් ඔයාලත්,ගොඩක් කට්ටිය affordable price එකට tablet එකක් හොයනවා. මෙන්න මේ tablet එක ඔයාලට set වෙනවද කියලා පොඩ්ඩක් බලන්නකො. මේ තියෙන්නේ Blackview Xeno 10 5G කියන tablet එක. මේ tablet එකේ මං කැමති දේවල් තුනක් ඔයාලත්
Download (92).wav,ක් ඔයාලත් එක්ක ශෙයා කරගන්නම්. පළවෙනි එක මල්ටිමීඩියා කන්සම්ප්ෂන්. මේ ටැබ්ලට් එකේ ඔයාලට ෆුල් එච්.ඩී අයි.පී.එස් පැනල් එකක් බලාගන්න පුළුවන්. ඒකත් 90 හර්ට්ස් රිෆ්‍රෙශ් රේට් එක්ක. ඒකත් එක්කම ක්වාඩ් කෝ ස්පීකර් සෙට්අප් එකක් මේකෙ,ක් ඔයාලත් එක්ක share කරගන්නම්. පළවෙනි එක multimedia consumption. මේ tablet එකේ ඔයාලට Full HD IPS panel එකක් බලාගන්න පුළුවන්. ඒකත් 90Hz refresh rate එක්ක. ඒකත් එක්කම quad core speaker setup එකක් මේකෙ
Download (93).wav,ඇප් එකක් මේකෙ තියෙනවා. සෝ මීඩියා කන්සම්ප්ෂන් ඇන්ඩ් මූවී වොචින් වලට මේක ඇත්තටම හොඳයි. දෙවෙනි එක තමා වයර්ලස් මවුස් එකක් බොක්ස් එකේම එනවා. ඒකත් එක්ක මේක පෙයා කරගෙන සෑහෙන ප්‍රොඩක්ටිවිටි දේවල්ස් ඔයාට කරගන්න පුළුවන්. තුන්වෙනි එක තමා මේ,app එකක් මේකෙ තියෙනවා. So media consumption and movie watching වලට මේක ඇත්තටම හොඳයි. දෙවෙනි එක තමා wireless mouse එකක් box එකේම එනවා. ඒකත් එක්ක මේක pair කරගෙන සෑහෙන productivity දේවල්ස් ඔයාට කරගන්න පුළුවන්. තුන්වෙනි එක තමා මේ
Download (94).wav,තමා මේකෙ ඔයාලට මැසිව් 8800 බැටරි එකක් බලාගන්න පුළුවන්. ඒකත් එක්කම 18 වොට් ෆාස්ට් චාජින්නුත් සපෝට් කරනවා. බය වෙන්න එපා චාජර් එක බොක්ස් එකේම ඉන්ක්ලූඩ් කරලා එන්නේ. ඇන්ඩ් ඊළඟ මේජර් පො,තමා මේකෙ ඔයාලට massive 8800 battery එකක් බලාගන්න පුළුවන්. ඒකත් එක්කම 18W fast chargingනුත් support කරනවා. බය වෙන්න එපා charger එක box එකේම include කරලා එන්නේ. And ඊළඟ major පො
Download (95).wav,"මේජර් පොසිටිව් එක තමා බොක්ස් එකේම ඔයාට ස්ටයිලස්, බැක් කවර්, වයර්ලස් මවුස්, ටෙම්පර්ඩ් ග්ලාස් ඔක්කොම ඉන්ක්ලූඩ් කරලා එන්නේ. ඔව්, කීබෝඩුත් ඉන්ක්ලූඩඩ්. ඇන්ඩ් මේ ඔක්කොම ප්‍රොඩක්ට්ස් ටී.ආර්.සී.එස්.එල් ඇපෲව්ඩ් ඩිවයිසස්","major positive එක තමා box එකේම ඔයාට stylus, back cover, wireless mouse, tempered glass ඔක්කොම include කරලා එන්නේ. ඔව්, keyboard ත් included. And මේ ඔක්කොම products TRCSL approved devices"
Download (96).wav,සස්. මේ ප්‍රොඩක්ට්ස් ජෙනුයින් 18 මන්ත්ස් වොරන්ටි එක්ක නෙක්සස් ඕතරයිස්ඩ් ඩීලර්ස්ලාගෙන් මිලදී ගන්න පුළුවන්. ඒ වගේම ඔයා ඩයලොග් සිම් එකක් යූස් කරොත් එහෙම ෆ්‍රී 275 ජීබී ඩේටා,ses. මේ products genuine 18 months warranty එක්ක Nexus authorized dealersලාගෙන් මිලදී ගන්න පුළුවන්. ඒ වගේම ඔයා Dialog SIM එකක් use කරොත් එහෙම free 275GB data
Download (97).wav,හම්බෙනවා. සෝ ටෙක් එක එච්චර එක්ස්පෙන්සිව් නෑ ඔයාලට ඇෆෝඩබල් ප්‍රයිස් එකටත් ස්ටිල් හොඳ ඩිවයිස් එකක් ගන්න පුළුවන්. ඇන්ඩ් මේ වගේ තවත් යූස්ෆුල් ටෙක් ඉන්සයිට් එකක් අරගෙන මං ඔයාලව ආයෙත් හමුවෙන්නම් අන්ටිල් දෙන් පීස්.,හම්බෙනවා. So tech එක එච්චර expensive නෑ ඔයාලට affordable price එකටත් still හොඳ device එකක් ගන්න පුළුවන්. And මේ වගේ තවත් useful tech insight එකක් අරගෙන මං ඔයාලව ආයෙත් හමුවෙන්නම් until then peace
Download (101).wav,"ඒකත් එක්කම සයිඩ් මවුන්ටඩ් ෆින්ගර්ප්‍රින්ට් සෙන්සර් එකකුත් හම්බවෙනවා. මේ ෆෝන් එක ඩියුරබල් වුනත් එක්ස්ට්‍රා ප්‍රොටෙක්ෂන් එකට කවර් එක බොක්ස් එකේම දීලා තියෙනවා. ඇන්ඩ් යෙස්, එන්.එෆ්.සී. හරහා ගූගල් ටැප් ටු පේ සපෝට් එකෙන් ඔයාට දැන් මේකෙන් පේමන්ට්ස් කරගන්නත්","ඒකත් එක්කම side mounted fingerprint sensor එකකුත් හම්බවෙනවා. මේ phone එක durable වුනත් extra protection එකට cover එක box එකේම දීලා තියෙනවා. And yes, NFC හරහා Google Tap to pay support එකෙන් ඔයාට දැන් මේකෙන් payments කරගන්නත්"
Download (102).wav,"කරගන්නත් පුළුවන්. මේ ෆෝන් එක රන් වෙන්නේ ඩෝක් ඕ.එස්. 4.2 බේස්ඩ් ඔන් ඇන්ඩ්‍රොයිඩ් 15. ඇප් ඕපනින්ග්, නැවිගේෂන් ඒ වගේම මල්ටිටාස්කින් ඇනිමේෂන් ඔක්කොම ඇත්තටම ස්මූත්. ඊළඟට ගොඩක්","කරගන්නත් පුළුවන්. මේ phone එක run වෙන්නේ Doke OS 4.2 based on Android 15. App opening, navigation ඒ වගේම multitasking animation ඔක්කොම ඇත්තටම smooth. ඊළඟට ගොඩක්"
Download (103).wav,ඊළඟට ගොඩක් කට්ටිය ඇෆෝඩබල් ප්‍රයිස් එකට ටැබ්ලට් එකක් හොයනවා. මෙන්න මේ ටැබ්ලට් එක ඔයාලට සෙට් වෙනවද කියලා පොඩ්ඩක් බලන්නකෝ. මේ තියෙන්නේ බ්ලැක්වීව් සෙනියෝ 10 ෆයිව් ජී කියන ටැබ්ලට් එක. මේ ටැබ්ලට් එකේ මං කැමති දේවල් තුනක්,ඊළඟට ගොඩක් කට්ටිය affordable price එකට tablet එකක් හොයනවා. මෙන්න මේ tablet එක ඔයාලට සෙට් වෙනවද කියලා පොඩ්ඩක් බලන්නකෝ. මේ තියෙන්නේ Blackview Zenio 10 5G කියන tablet එක. මේ tablet එකේ මං කැමති දේවල් තුනක් ඔයාලත්
Download (104).wav,ඔයාලත් එක්ක ශෙයාර් කරගන්නම්.පළවෙනි එක මල්ටිමීඩියා කන්සම්ප්ෂන්. මේ ටැබ්ලට් එකේ ඔයාලට ෆුල් එච්.ඩී. අයි.පී.එස්. පැනල් එකක් බලාගන්න පුළුවන්. ඒකත් 90 හර්ට්ස් රිෆ්‍රෙෂ් රේට් එක්ක. ඒකත් එක්කම ක්වොඩ් කෝර් ස්පීකර් සෙටප් එකක් මේකේ,ඔයාලත් එක්ක share කරගන්නම්.පළවෙනි එක multimedia consumption. මේ tablet එකේ ඔයාලට Full HD IPS panel එකක් බලාගන්න පුළුවන්. ඒකත් 90Hz refresh rate එක්ක. ඒකත් එක්කම Quad core speaker setup එකක් මේකේ
Download (105).wav,සෙටප් එකක් මේකේ තියෙනවා. සෝ මීඩියා කන්සම්ප්ෂන් ඇන්ඩ් මූවි වොචින්ග් වලට මේක ඇත්තටම හොඳයි. දෙවෙනි එක තමා වයර්ලස් මවුස් එකක් බොක්ස් එකේම එනවා. ඒකත් එක්ක මේක පෙයාර් කරගෙන සෑහෙන ප්‍රොඩක්ටිවිටි දේවල්ස් ඔයාට කරගන්න පුළුවන්. තුන්වෙනි එක තමා මේ,setup එකක් මේකේ තියෙනවා. So media consumption and movie watching වලට මේක ඇත්තටම හොඳයි. දෙවෙනි එක තමා wireless mouse එකක් box එකේම එනවා. ඒකත් එක්ක මේක pair කරගෙන සෑහෙන productivity දේවල්ස් ඔයාට කරගන්න පුළුවන්. තුන්වෙනි එක තමා මේ
Download (106).wav,මේකේ ඔයාලට මැසිව් 8800 බැටරි එකක් බලාගන්න පුළුවන්. ඒකත් එක්කම 18 වොට් ෆාස්ට් චාජින්ග් උත් සපෝට් කරනවා. බය වෙන්න එපා චාජර් එක බොක්ස් එකේම ඉන්ක්ලූඩ් කරලා එන්නේ. ඇන්ඩ් ඊළඟ මේජර්,මේකේ ඔයාලට massive 8800 battery එකක් බලාගන්න පුළුවන්. ඒකත් එක්කම 18W fast charging උත් support කරනවා. බය වෙන්න එපා charger එක box එකේම include කරලා එන්නේ. And ඊළඟ major
Download (107).wav,"මේජර් පොසිටිව් එක තමා බොක්ස් එකේම ඔයාට ස්ටයිලස්, බැක් කවර්, වයර්ලස් මවුස්, ටෙම්පර්ඩ් ග්ලාස් ඔක්කොම ඉන්ක්ලූඩ් කරලා එන්නේ. ඔව්, කීබෝඩ් උත් ඉන්ක්ලූඩඩ්.ඇන්ඩ් මේ ඔක්කොම ප්‍රොඩක්ට්ස් ටී.ආර්.සී.එස්.එල්. ඇප්ෲව්ඩ් ඩිවයිසස්.","major positive එක තමා box එකේම ඔයාට stylus, back cover, wireless mouse, tempered glass ඔක්කොම include කරලා එන්නේ. ඔව්, keyboard උත් included. And මේ ඔක්කොම products TRCSL approved devices."
Download (108).wav,ඩිවයිසස්. මේ ප්‍රොඩක්ට්ස් ජෙනුයින් 18 මන්ත්ස් වොරන්ටි එක්ක නෙක්සස් ඕතරයිස්ඩ් ඩීලර්ස්ලාගෙන් මිලදී ගන්න පුළුවන්. ඒ වගේම ඔයා ඩයලොග් සිම් එකක් යූස් කරොත් එහෙම ෆ්‍රී 275 ජී.බී. ඩේටා,devices. මේ products genuine 18 months warranty එක්ක Nexus authorized dealers ලගෙන් මිලදී ගන්න පුළුවන්. ඒ වගේම ඔයා Dialog sim එකක් use කරොත් එහෙම free 275GB data
Download (109).wav,"ඩේටා හම්බෙනවා. සෝ ටෙක් එක එච්චර එක්ස්පෙන්සිව් නෑ, ඔයාලට ඇෆෝඩබල් ප්‍රයිස් එකටත් ස්ටිල් හොඳ ඩිවයිස් එකක් ගන්න පුළුවන්. ඇන්ඩ් මේ වගේ තවත් යූස්ෆුල් ටෙක් ඉන්සයිට්ස් අරගෙන මං ඔයාලව ආයෙත් හමුවෙන්නම්, අන්ටිල් දෙන් පීස්.","data හම්බෙනවා. So tech එක එච්චර expensive නෑ, ඔයාලට affordable price එකටත් still හොඳ device එකක් ගන්න පුළුවන්. And මේ වගේ තවත් useful tech insights අරගෙන මං ඔයාලව ආයෙත් හමුවෙන්නම්, until then peace."
Download (110).wav,"මම මේ ප්‍රොඩක්ට්ස් දෙකම ගත්තා එක මිඩ්-රේන්ජ් ෆෝන් එකක් ගන්න ගාණට. මේ තියෙන්නේ 41,000ට බ්ලැක්වීව් ෂාක් 6 කියන ෆෝන් එක. ඔයාට යුනිසොක් ටී8 1000 සී.පී.යූ. එකක් එක්ක","මම මේ products දෙකම ගත්තා එක mid-range phone එකක් ගන්න ගාණට. මේ තියෙන්නේ 41,000ට Blackview Shark 6 කියන phone එක. ඔයාට UNISOC T8 1000 CPU එකක් එක්ක"
Download (111).wav,"එක්ක 4ජී.බී. රෑම්, 128ජී.බී. යූ.එෆ්.ඇස්. 2.2 ස්ටෝරේජ් එකක් ඔයාට බලාගන්න පුළුවන්.ප්‍රයිස් එකත් එක්ක කොම්පෙයාර් කරනකොට බෙංච්මාර්ක් ස්කෝර් එක ඇත්තටම හොඳයි. හැබැයි නෝටිස් කරන්න ඕනේ දේ තමා බෙංච්මාර්ක්","එක්ක 4GB RAM, 128GB UFS 2.2 storage එකක් ඔයාට බලාගන්න පුළුවන්.Price එකත් එක්ක compare කරනකොට benchmark score එක ඇත්තටම හොඳයි. හැබැයි notice කරන්න ඕනේ දේ තමා benchmark"
Download (112).wav,බෙංච්මාර්ක් කරනකොට අපිට කිසිම හීටින්ග් ඉෂූ එකක් බලාගන්න තිබ්බේ නෑ. ඉස්සරහා ඩිස්ප්ලේ එක බැලුවොත් එහෙම 6.88 ඉන්ච් අයි.පී.එස්. එල්.සී.ඩී. 120හර්ට්ස් පැනල් එකක් බලාගන්න පුළුවන්. ඒත් එක්කම,benchmark කරනකොට අපිට කිසිම heating issue එකක් බලාගන්න තිබ්බේ නෑ.ඉස්සරහා display එක බැලුවොත් එහෙම 6.88 inch IPS LCD 120Hz panel එකක් බලාගන්න පුළුවන්. ඒත් එක්කම
Download (113).wav,"ඒත් එක්කම සයිඩ් මවුන්ටඩ් ෆින්ගර්ප්‍රින්ට් සෙන්සර් එකකුත් හම්බෙනවා. මේ ෆෝන් එක ඩියුරබල් වුණත් එක්ස්ට්‍රා ප්‍රොටෙක්ෂන් එකට කවර් එක බොක්ස් එකේම දීලා තියෙනවා. ඇන්ඩ් යෙස්, එන්.එෆ්.සී. හරහා ගූගල් ටැප් ටු පේ සපෝට් එකෙන් ඔයාට දැන් මේකෙන් පේමන්ට්ස් කරගන්නත්","ඒත් එක්කම side mounted fingerprint sensor එකකුත් හම්බෙනවා. මේ phone එක durable වුණත් extra protection එකට cover එක box එකේම දීලා තියෙනවා. And yes, NFC හරහා Google Tap to pay support එකෙන් ඔයාට දැන් මේකෙන් payments කරගන්නත්"
Download (115).wav,ගොඩක් කට්ටිය ඇෆෝඩබල් ප්‍රයිස් එකට ටැබ්ලට් එකක් හොයනවා. මෙන්න මේ ටැබ්ලට් එක ඔයාලට සෙට් වෙනවද කියලා පොඩ්ඩක් බලන්නකෝ. මේ තියෙන්නේ බ්ලැක්වීව් සෙනියෝ 10 ෆයිව් ජී කියන ටැබ්ලට් එක. මේ ටැබ්ලට් එකේ මං කැමති දේවල් තුනක් ඔයාලට,ගොඩක් කට්ටිය affordable price එකට tablet එකක් හොයනවා. මෙන්න මේ tablet එක ඔයාලට set වෙනවද කියලා පොඩ්ඩක් බලන්නකෝ. මේ තියෙන්නේ Blackview Xeno 10 5G කියන tablet එක. මේ tablet එකේ මං කැමති දේවල් තුනක් ඔයාලට
Download (117).wav,"එකක් මේකෙ තියෙනවා, සෝ මීඩියා කන්සම්ප්ෂන් ඇන්ඩ් මූවි වොචින්ග් වලට මේක ඇත්තටම හොඳයි. දෙවෙනි එක තමා වයර්ලස් මවුස් එකක් බොක්ස් එකේම එනවා, ඒකත් එක්ක මේක පෙයාර් කරගෙන සෑහෙන ප්‍රොඩක්ටිවිටි දේවල් ඔයාට කරගන්න පුළුවන්.තුන්වෙනි එක තමා","එකක් මේකෙ තියෙනවා, so media consumption and movie watching වලට මේක ඇත්තටම හොඳයි. දෙවෙනි එක තමා wireless mouse එකක් box එකේම එනවා, ඒකත් එක්ක මේක pair කරගෙන සෑහෙන productivity දේවල් ඔයාට කරගන්න පුළුවන්. තුන්වෙනි එක තමා මේකේ"
Download (118).wav,"මේකේ ඔයාලට මැසිව් 8800 බැටරි එකක් බලාගන්න පුළුවන්, ඒකත් එක්කම 18වොට් ෆාස්ට් චාජින්ග් උත් සපෝට් කරනවා, බය වෙන්න එපා චාජර් එක බොක්ස් එකේම ඉන්ක්ලූඩ් කරලා එන්නෙ.ඇන්ඩ් ඊළඟ මේජර්","මේකේ ඔයාලට massive 8800 battery එකක් බලාගන්න පුළුවන්, ඒකත් එක්කම 18W fast charging උත් support කරනවා, බය වෙන්න එපා charger එක box එකේම include කරලා එන්නෙ. And ඊළඟ major"
Download (122).wav,"ඩෙඩ් ලැප්ටොප් එකක් නැත්නම් හැම වෙලේම කැඩෙන ලැප්ටොප් එකක් තියාගෙන තාමත් එන්ජෝයි කරනවා නම්, මේ වීඩියෝ එක ඔයාට නෙවෙයි. දැන්ම ස්කිප් කරන්න. ඔන්න මාත් ඉස්සර ඔයාලා වගේ තමා, ලැප්ටොප් එකක්","ඩෙඩ් ලැප්ටොප් එකක් නැත්නම් හැම වෙලේම කැඩෙන ලැප්ටොප් එකක් තියාගෙන තාමත් enjoy කරනවා නම්, මේ වීඩියෝ එක ඔයාට නෙවෙයි. දැන්ම skip කරන්න. ඔන්න මාත් ඉස්සර ඔයාලා වගේ තමා, ලැප්ටොප් එකක්"
Download (123).wav,ලැප්ටොප් එකක් ඕන වුණ ගමන් ගූගල් එකේ සර්ච් කරලා ගන්න පුළුවන් අඩුම තැනකින් තමා ලැප්ටොප් එකක් ගන්නේ. හැබැයි ලැප්ටොප් එක අරන් මාස දෙකකට පස්සේ තමා වැඩේ පත්තු වෙන්නේ,ලැප්ටොප් එකක් ඕන වුණ ගමන් Google එකේ search කරලා ගන්න පුළුවන් අඩුම තැනකින් තමා ලැප්ටොප් එකක් ගන්නේ. හැබැයි ලැප්ටොප් එක අරන් මාස දෙකකට පස්සේ තමා වැඩේ පත්තු වෙන්නේ
Download (124).wav,"බ්ලූ ස්ක්‍රීන් එරර්ස්, ලැප්ටොප් එක ස්ටක් වෙනවා. ඒ වගේම සමහර කට්ටියට මදර්බෝඩ් ඉෂූස් උත් රිපෝර්ට් වෙලා තියෙනවා. හැබැයි පොඩ්ඩක් රිසර්ච් කරලා බලපු ගමන් තමා මට තේරුණේ, මේ අඩුවට ගන්න","Blue screen errors, ලැප්ටොප් එක stuck වෙනවා. ඒ වගේම සමහර කට්ටියට motherboard issues උත් report වෙලා තියෙනවා. හැබැයි පොඩ්ඩක් research කරලා බලපු ගමන් තමා මට තේරුණේ, මේ අඩුවට ගන්න"
Download (125).wav,"අඩුවට ගන්න තියෙන එච්.පී. ලැප්ටොප් ඔක්කොම ග්‍රේ මාර්කට් ලැප්ටොප්. ඒ මොකක්ද බ්‍රෝ ඒ ග්‍රේ ලැප්ටොප් කියන්නේ කියලා බැලුවොත් එහෙම, මේවාට හරි වොරන්ටි එකක් නෑ, ජෙනුයින් වින්ඩෝස් නෑ. ඒ වගේම","අඩුවට ගන්න තියෙන HP ලැප්ටොප් ඔක්කොම grey market ලැප්ටොප්. ඒ මොකක්ද bro ඒ grey ලැප්ටොප් කියන්නේ කියලා බැලුවොත් එහෙම, මේවාට හරි warranty එකක් නෑ, genuine Windows නෑ. ඒ වගේම"
Download (126).wav,ඒ වගේම ලැප්ටොප් එක ඇතුලේ ජෙනුයින් පාට්ස් අපිට බලාගන්න බෑ. ඒ වගේම එච්.පී. ඔෆීෂියල් සපෝට් එකත් ඒ ලැප්ටොප් එකට හම්බවෙන්නේ නෑ. සෝ බේසික්ලි කිව්වොත් එහෙම ඔයාගේ ලැප්ටොප් එකට,ඒ වගේම ලැප්ටොප් එක ඇතුලේ genuine parts අපිට බලාගන්න බෑ. ඒ වගේම HP official support එකත් ඒ ලැප්ටොප් එකට හම්බවෙන්නේ නෑ. So basically කිව්වොත් එහෙම ඔයාගේ ලැප්ටොප් එකට
Download (127).wav,"ලැප්ටොප් එකට කිසිම සපෝට් එකක් නෑ, ඒ ලැප්ටොප් එකට මොකක් හරි වුනොත්,සෝ බේසික්ලි ඔයාගේ ලැප්ටොප් එකට මොකක් හරි වුනොත් ඒ ෂොප් එකේ ඉන්න කට්ටියවත් දන්නේ නෑ ඒකකොහොමද හරියට රිපෙයාර් කරගන්නේ කියලා","ලැප්ටොප් එකට කිසිම support එකක් නෑ, ඒ ලැප්ටොප් එකට මොකක් හරි වුනොත්, So basically ඔයාගේ ලැප්ටොප් එකට මොකක් හරි වුනොත් ඒ shop එකේ ඉන්න කට්ටියවත් දන්නේ නෑ ඒක කොහොමද හරියට repair කරගන්නේ කියලා"
Download (128).wav,"ගන්නේ කියලා. අන්න ඒකයි. ගොඩක් කට්ටිය මේක ගැන දැනුවත් නැතුව ඇති. ග්‍රේ මාර්කට් එකෙන් ගන්න එච්.පී. ලැප්ටොප් එකේ බොක්ස් එකටයි, ඕතරයිස්ඩ් එච්.පී. ලැප්ටොප් එකේ බොක්ස් එකයි ගොඩක් සමානයි. සේම් සේම්","ගන්නේ කියලා. අන්න ඒකයි. ගොඩක් කට්ටිය මේක ගැන දැනුවත් නැතුව ඇති. Grey market එකෙන් ගන්න HP laptop එකේ box එකටයි, authorized HP laptop එකේ box එකයි ගොඩක් සමානයි. Same same"
Download (129).wav,බට් ඩිෆරන්ට්. එළියෙන් අපිට කිසිම ඩිෆරන්ස් එකක් බලාගන්න බෑ. සෝ මෙහෙම ගන්න ගොඩක් ලැප්ටොප්ස් වල ඇතුලේ ජෙනුයින් නැති රිෆර්බිෂ්ඩ් පාට්ස් එන්න චාන්ස් එකක් තියෙනවා. ඒ වගේම මේ ලැප්ටොප්ස් වලට,but different. එළියෙන් අපිට කිසිම difference එකක් බලාගන්න බෑ. So මෙහෙම ගන්න ගොඩක් laptops වල ඇතුලේ genuine නැති refurbished parts එන්න chance එකක් තියෙනවා. ඒ වගේම මේ laptops වලට
Download (130).wav,ලැප්ටොප්ස් වලට ඔෆීෂියල් බ්‍රෑන්ඩ් සපෝට් එකත් හම්බෙන්නේ නෑ. මෙන්න මේ වගේ චීප් ප්‍රයිස් එකට තියෙන ලැප්ටොප්ස් ඔයා ගත්තට මොකක් හරි වුනොත් එහෙම ඔයාගේ අතින් තමා වියදම් කරන්න ඕනේ. සෝ ලෝන්ග් රන් එකේ ඔයාට ඒක ලොකු,laptops වලට official brand support එකත් හම්බෙන්නේ නෑ. මෙන්න මේ වගේ cheap price එකට තියෙන laptops ඔයා ගත්තට මොකක් හරි වුනොත් එහෙම ඔයාගේ අතින් තමා වියදම් කරන්න ඕනේ. so long run එකේ ඔයාට ඒක ලොකු
Download (131).wav,ලොකු වියදමක් වෙන්න ඉඩ තියෙනවා. මේකට සොලියුෂන් එක මොකක්ද? ඔයා එච්.පී. වික්ටස් ගේමින් ලැප්ටොප් එකක් ගන්නවා නම් ඕතරයිස්ඩ් රීසෙලර් තැනකින් ගන්න. හරියට ලැප්ටොප් ඩොට් එල්කේ එක වගේ. ඒ වගේම ඔයා ගේමින් ලැප්,ලොකු වියදමක් වෙන්න ඉඩ තියෙනවා. මේකට solution එක මොකක්ද? ඔයා HP Victus gaming laptop එකක් ගන්නවා නම් authorized reseller තැනකින් ගන්න. හරියට laptop.lk එක වගේ. ඒ වගේම ඔයා gaming lap
Download (132).wav,"ගේමින් ලැප්ටොප් එකක් ගන්න අයිඩියා එකක් තියෙනවා නම්, ඔයාට පුළුවන් එච්.පී. වික්ටස් එක කන්සිඩර් කරලා බලන්න. මේකත් වැලියු ෆෝ මනි ගේමින් ලැප්ටොප් එකක්. හැබැයි මතක ඇතුව ඕතරයිස්ඩ් තැනකින් මිලදී ගන්න. ඔයා ඕතරයිස්ඩ් තැනකින් එච්.","gaming laptop එකක් ගන්න අයිඩියා එකක් තියෙනවා නම්, ඔයාට පුළුවන් HP Victus එක consider කරලා බලන්න. මේකත් value for money gaming laptop එකක්. හැබැයි මතක ඇතුව authorized තැනකින් මිලදී ගන්න. ඔයා authorized තැනකින් H"
Download (133).wav,තැනකින් එච්.පී. ලැප්ටොප් එකක් ගන්නකොට තියෙන වාසිය තමා ඔයාට ජෙනුයින් වොරන්ටි එකක් හම්බවෙනවා. ඒත් එක්කම ජෙනුයින් වින්ඩෝස් හම්බවෙනවා. ඒ වගේම ඔෆීෂියල් බ්‍රෑන්ඩ් සපෝට් එකත් හම්බවෙනවා. ඒ වගේම කූල් ම පාර්ට් එක තමා,තැනකින් HP laptop එකක් ගන්නකොට තියෙන වාසිය තමා ඔයාට genuine warranty එකක් හම්බවෙනවා. ඒත් එක්කම genuine Windows හම්බවෙනවා. ඒ වගේම official brand support එකත් හම්බවෙනවා. ඒ වගේම cool ම part එක තමා
Download (134).wav,පාර්ට් එක තමා එච්.පී. ලැප්ටොප්ස් වලට ඔයාට 2 ඉයර්ස් ජෙනුයින් මැනුෆැක්චර් වොරන්ටි එකකුත් හම්බවෙනවා.සෝ ෆයිනලි මට කියන්න තියෙන්නේ ඔයා එච්.පී. ලැප්ටොප් එකක් ගන්නවා නම් ඕතරයිස්ඩ් තැනකින් හොඳ බ්‍රෑන්ඩ් වොරන්ටි එකත්,part එක තමා HP laptops වලට ඔයාට 2 years genuine manufacture warranty එකකුත් හම්බවෙනවා. So finally මට කියන්න තියෙන්නේ ඔයා HP laptop එකක් ගන්නවා නම් authorized තැනකින් හොඳ brand warranty එකත්
Download (135).wav,"වොරන්ටි එකත් එක්ක මිලදී ගන්න. සෝ ළඟදීම ලැප්ටොප් එකක් ගන්න බලන් ඉන්න ඔයාලගේ යාලුවන්ට මෙන්න මේ වීඩියෝ එක ශෙයාර් කරන්න. එතකොට එයාලවත් ග්‍රේ මාර්කට් ට්‍රැප් එකෙන් සේව් කරගන්න පුළුවන්. බයි ස්මාර්ට්, බයි සේෆ්,","warranty එකත් එක්ක මිලදී ගන්න. So ළඟදීම ලැප්ටොප් එකක් ගන්න බලන් ඉන්න ඔයාලගේ යාලුවන්ට මෙන්න මේ වීඩියෝ එක share කරන්න. එතකොට එයාලවත් grey market trap එකෙන් save කරගන්න පුළුවන්. Buy smart, buy safe"
Download (136).wav,"බයි ෆ්‍රොම් එච්.පී. ඕතරයිස්ඩ් රීසෙලර්ස්. විත් රයිට් ටූල්ස්, වර්ක් ඩස්න්ට් හැව් ටු ෆීල් ලයික් වර්ක්","buy from HP authorized resellers. With right tools, work doesn't have to feel like work."
Download (138).wav,"ඒ තියෙන්නේ 37,000 ඇතුළට ගන්න පුළුවන් හොඳම ඇන්ඩ්‍රොයිඩ් ප්‍රොජෙක්ටර් එක. මේකේ වීඩියෝ කොලිටි එක බලනකම් පොඩ්ඩක් ඉන්නකෝ. මෙහෙම තමා ඔයාලට මේ ප්‍රොජෙක්ටර් එක බලාගන්න පුළුවන්. මේකේ බිල්ට්-ඉන් ඇන්ඩ්‍රොයිඩ් එන නිසා","ඒ තියෙන්නේ 37,000 ඇතුළට ගන්න පුළුවන් හොඳම Android projector එක. මේකේ video quality එක බලනකම් පොඩ්ඩක් ඉන්නකෝ. මෙහෙම තමා ඔයාලට මේ projector එක බලාගන්න පුළුවන්. මේකේ built-in Android එන නිසා"
Download (139).wav,"එන නිසා ඔයාලට ඔක්කොම ඇප්ස් ටික මේකෙන්ම යූස් කරගන්න පුළුවන්. ඔයාට බිල්ට්-ඉන් වයි-ෆයි, බ්ලූටූත් 5, ඒ වගේම මේකේ ඔයාට ඕඩියෝ ජැක් එකක් බලාගන්න පුළුවන්. ඒ වගේම එච්.ඩී.එම්.අයි.","එන නිසා ඔයාලට ඔක්කොම apps ටික මේකෙන්ම use කරගන්න පුළුවන්. ඔයාට built-in Wi-Fi, Bluetooth 5, ඒ වගේම මේකේ ඔයාට audio jack එකක් බලාගන්න පුළුවන්. ඒ වගේම HDMI"
Download (140).wav,එච්.ඩී.එම්.අයි. පෝර්ට් එකකුත් තියෙනවා.සෝ ඔයාට පුළුවන් ෆයර් ටී.වී. ස්ටික් එකක් එහෙම නැත්නම් ඔයාගේ ලැප්ටොප් එක මේකට කනෙක්ට් කරන්න. සෝ මේකේ වීඩියෝ කොලිටි එක කියන ගන්නේ ඔයාලා බලන් ඉන්නේ. මේකේ රෙසලූෂන් එක වෙන්නේ 1080පී,HDMI port එකකුත් තියෙනවා. So ඔයාට පුළුවන් Fire TV stick එකක් එහෙම නැත්නම් ඔයාගේ laptop එක මේකට connect කරන්න. So මේකේ video quality එක කියන ගන්නේ ඔයාලා බලන් ඉන්නේ. මේකේ resolution එක වෙන්නේ 1080p
Download (141).wav,1080පී නේටිව්. ඒ වගේම හයර් රෙසලූෂන් ප්ලේබැක් උත් සපෝට් කරනවා. මේ ප්‍රොජෙක්ටර් එකට 200 ඉන්චස් මැක්ස් සයිස් එක වෙනකම් එක්ස්පෑන්ඩ් වෙන්නත් පුළුවන්. ඒ වගේම 200,1080p native. ඒ වගේම higher resolution playback උත් support කරනවා. මේ projector එකට 200 inches max size එක වෙනකම් expand වෙන්නත් පුළුවන්. ඒ වගේම 200
Download (142).wav,"400 ඇන්සි පීක් බ්‍රයිට්නස් එකක් තියෙනවා. මමත් සෑහෙන බජට් ප්‍රොජෙක්ටර් ට්‍රයි කරලා තියෙනවා. හැබැයි මේකට මං සෑහෙන කැමතියි. මේ බලන්න පික්චර් කොලිටි එක ගොඩක් හොඳයි, ප්‍රයිස් එකත් එක්ක","400 A.n.s.i. peak brightness එකක් තියෙනවා. මමත් සෑහෙන budget projector ට්‍රයි කරලා තියෙනවා. හැබැයි මේකට මං සෑහෙන කැමතියි. මේ බලන්න picture quality එක ගොඩක් හොඳයි, price එකත් එක්ක "
Download (143).wav,"එක්ක කොම්පෙයාර් කරනකොට. ඩීටේල්ස් හොඳයි, කලර්ස් හොඳයි. ඒ වගේම ගොඩක් වැදගත් වන ෂාප්නස් උත් මේ ප්‍රොජෙක්ටර් එකේ හොඳට බලාගන්න පුළුවන්. සෝ ඕවර්ඕල් ප්‍රයිස් එකට වීඩියෝ කොලිටි එක හොඳයි.","එක්ක compare කරනකොට. Details හොඳයි, colors හොඳයි. ඒ වගේම ගොඩක් වැදගත් වන sharpness උත් මේ projector එකේ හොඳට බලාගන්න පුළුවන්. So overall price එකට video quality එක හොඳයි."
Download (144).wav,"එක හොඳයි. මේකත් එක්කම ඔයාට රිමෝට් එකක් හම්බවෙනවා, ඒකත් මාර රෙස්පොන්සිව්. හැබැයි මේක පර්ෆෙක්ට් නෙවෙයි. මේකේ ඔයාට බිල්ට්-ඉන් 3 වොට් ස්පීකර් එකක් එනවා. හැබැයි මං ඒක ජීවිතේට යූස් කරල","එක හොඳයි.මේකත් එක්කම ඔයාට remote එකක් හම්බවෙනවා, ඒකත් මාර responsive. හැබැයි මේක perfect නෙවෙයි. මේකේ ඔයාට built-in 3 W speaker එකක් එනවා. හැබැයි මං ඒක ජීවිතේට use කරල"
Download (145).wav,"යූස් කරලා නෑ. එක්ස්ටර්නල් ස්පීකර් එකක් කනෙක්ට් කරලා තමා මේක යූස් කරලා තියෙන්නේ. සෝ ස්පීකර් කියනකොට තමා මතක් වෙන්නේ, ඔයාට මේකේ කොම්බෝ ඔෆර් එකක් හැටියට මෙන්න මේ ප්‍රයිස් එකට.","use කරලා නෑ. External speaker එකක් connect කරලා තමා මේක use කරලා තියෙන්නේ. So speaker කියනකොට තමා මතක් වෙන්නේ, ඔයාට මේකේ combo offer එකක් හැටියට මෙන්න මේ price එකට."
Download (146).wav,සිංගර් සවුන්ඩ් ප්‍රෝ කියන සවුන්ඩ් බාර් එකත් මේකත් එක්ක මිලදී ගන්න පුළුවන්. මේ දෙකම කොම්බයින් කරලා ඔයා ගත්තා කියන්නේ mini සිනමා හෝල් එකක් ඔයාගේ ගෙදර ඇතුලේ. සෝ මගේ ෆයිනල් ඔපීනියන් එක මොකක්ද කියලා,Singer Sound Pro කියන sound bar එකත් මේකත් එක්ක මිලදී ගන්න පුළුවන්. මේ දෙකම combine කරලා ඔයා ගත්තා කියන්නේ mini cinema hall එකක් ඔයාගේ ගෙදර ඇතුලේ. So මගේ final opinion එක මොකක්ද කියලා
Download (147).wav,"මොකක්ද කියලා බැලුවොත් එහෙම, මේක ඇත්තටම හොඳ ඩීල් එකක්. අවශ්‍ය කෙනෙක් ඉන්නවා නම්, දැන්ම සිංගර් ලාගේ ඔෆිෂියල් සයිට් එකට නැත්නම් එයාලගේ ෂෝරුම්ස් වලට ගිහින් මිලදී ගන්න. ඔයා සයිට් එකෙන් ඕඩර් කරනවා නම්, ඔයා මෙන්න මේ","මොකක්ද කියලා බැලුවොත් එහෙම, මේක ඇත්තටම හොඳ deal එකක්. අවශ්‍ය කෙනෙක් ඉන්නවා නම්, දැන්ම singer ලාගේ official site එකට නැත්නම් එයාලගේ showrooms වලට ගිහින් මිලදී ගන්න. ඔයා site එකෙන් oder කරනවා නම්, ඔයා මෙන්න මේ"
Download (148).wav,"මෙන්න මේ කූපන් කෝඩ් එක යූස් කරොත් එහෙම, 45,000 වලට තිබ්බ බන්ඩල් පැකේජ් එක 40,000 වලට මිලදී ගන්න පුළුවන්. ඇන්ඩ් මේ වගේ තවත් යූස්ෆුල් වීඩියෝ එකකින් මම ඔයාලව ආයෙත් හමුවෙන්නම්. අන්ටිල් දෙන්.","මෙන්න මේ coupon code එක use කරොත් එහෙම, 45,000 වලට තිබ්බ bundle packadge එක 40,000 වලට මිලදී ගන්න පුළුවන්. and මේ වගේ තවත් useful video එකකින් මම ඔයාලව ආයෙත් හමුවෙන්නම්. until then."
Download (150).wav,"ඔයා දන්නවද? දැන් ඔයාගේ ෆෝන් එක ජස්ට් ටැප් කරලා පේමන්ට් කරන්න පුළුවන්. ඔයා කමර්ෂල් බැංක් වීසා කාඩ් හෝල්ඩර් කෙනෙක් නම්, ඔයාට දැන් Google Pay සපෝට් කරනවා. ඉතින් මේක තමා ලංකාවේ ඔෆිෂියල්","ඔයා දන්නවද? දැන් ඔයාගේ phone එක just tap කරලා payment කරන්න පුළුවන්. ඔයා commercial bank visa card holder කෙනෙක් නම්, ඔයාට දැන් Google Pay support කරනවා. ඉතින් මේක තමා ලංකාවේ official"
Download (151).wav,"ඔෆිෂියල් පලවෙනි ගූගල් පේ සපෝට් එක. මේ ෆීචර් එක ඔයා යූස් කරන්න ඕන නම්, ඔයාට මෙන්න මේ දේවල් තුනක් ඕනේ. එන්.එෆ්.සී. සපෝට් කරන ඇන්ඩ්‍රොයිඩ් ෆෝන් එකක් ඕනේ. ඔව්, මේක අයිෆෝන් වලට කරන්න බෑ. ප්ලේ ස්ටෝර් එකෙන් ගූගල්","official පලවෙනි Google Pay support එක. මේ feature එක ඔයා use කරන්න ඕන නම්, ඔයාට මෙන්න මේ දේවල් තුනක් ඕනේ. NFC support කරන android phone එකක් ඕනේ. ඔව්, මේක iphone වලට කරන්න බෑ. playstore එකෙන් Google"
Download (152).wav,"එකෙන් ගූගල් වොලට් ඇප් එක ඉන්ස්ටෝල් කරන්න ඕනේ. ඔයාට කමර්ෂල් බැංක් වීසා ක්‍රෙඩිට් කාඩ් නැත්නම් ඩෙබිට් කාඩ් එකක් ඕනේ. ඔයාට කරන්න තියෙන්නේ ඇප් එක ඕපන් කරලා, ඔයාගේ කාඩ් ඩීටේල්ස් එන්ටර් කරන්න. ඊට පස්සේ බැංකුව","එකෙන් Google wallet app එක install කරන්න ඕනේ. ඔයාට commercial bank visa credit card නැත්නම් debit card එකක් ඕනේ. ඔයාට කරන්න තියෙන්නේ app එක ඕපන් කරලා, ඔයාගේ card details enter කරන්න. ඊට පස්සේ බැංකුව"
Download (153).wav,"බැංකුව පැත්තෙන් ඕටීපී කෝඩ් එකක් එනවා. ඒක වෙරිෆයි කරපුවහම ඕල් ඩන්. මේක ඔයා ඇක්ටිවේට් කරගත්තට පස්සේ, ඔයා කිසිම වෙලාවක කාඩ් පේමන්ට් එකක් යූස් කරන්න ඕනේ නෑ. ඔයාගේ කාඩ් එක වෙනුවට ඔයාගේ ෆෝන් එකෙන්ම පේමන්ට්ස් කරගන්න","bank එක පැත්තෙන් OTP code එකක් එනවා. ඒක verify කරපුවහම all done. මේක ඔයා activate කරගත්තට පස්සේ, ඔයා කිසිම වෙලාවක card payment එකක් use කරන්න ඕනේ නෑ. ඔයාගේ card එක වෙනුවට ඔයාගේ phone එකෙන්ම payments කරගන්න"
Download (154).wav,"කරගන්න පුළුවන්. මේක නෝමල් කාඩ් පේමන්ට් එකට වැඩිය සෑහෙන්න සිකුවර්. ඔයා පේමන්ට් එකක් කරනකොට මර්චන්ට් ට, ඔයාගේ රියල් කාඩ් නම්බර් එක නෙවෙයි යන්නේ. ටෝකන් එකක් තමා යන්නේ. ඒ වගේම ඔයාට ගූගල් ලාගේ වෙයාර්","කරගන්න පුළුවන්. මේක normal card payment එකට වැඩිය සෑහෙන්න secure. ඔයා payment එකක් කරනකොට merchant ට, ඔයාගේ real card number එක නෙවෙයි යන්නේ. token එකක් තමා යන්නේ. ඒ වගේම ඔයාට Google ලාගේ wear"
Download (155).wav,"වෙයාර් ඕ.එස්. සපෝට් කරන වොච් එකක් තියෙනවා නම්, ලයික් ගැලැක්සි වොච් එහෙම නැත්නම් පික්සල් වොච් එකක්, ඔයාට ඒක හරහා පේමන්ට් කරන්නත් පුළුවන්. දැන් ඔයා ඇප් එකට ගිහින් කාඩ් ඩීටේල්ස් එන්ටර් කරපු ගමන්, ඒක ෆේල්ඩ් කියලා වැටෙයි","wear OS support කරන watch එකක් තියෙනවා නම්, like galaxy watch එහෙම නැත්නම් pixel watch එකක්, ඔයාට ඒක හරහා payments කරන්නත් පුළුවන්. දැන් ඔයා app එකට ගිහින් card details enter කරපු ගමන්, ඒක failed කියලා වැටෙයි"
Download (156).wav,හැබැයි කමර්ෂල් බැංක් කියපු හැටියට මේ මාසේ අන්තිම වෙනකොට හැම කාඩ් එකටම එලිජිබිලිටි එක හම්බවෙනවා. මේක වුණාට පස්සේ ඔයාට මේක ෆෝන් එකෙන් නැත්නම් වොච් එකෙන් පේමන්ට්ස් කරගන්න පුළුවන්.,හැබැයි commercial bank කියපු හැටියට මේ මාසේ අන්තිම වෙනකොට හැම card එකටම eligibility එක හම්බවෙනවා. මේක වුණාට පස්සේ ඔයාට මේක phone එකෙන් නැත්නම් watch එකෙන් payments කරගන්න පුළුවන්.
Download (158).wav,ඔයාලා සෝෂල් මීඩියා එකේ දැකලා ඇති ගොඩක් ඒ.අයි. ඇඩ්ස් ඇන්ඩ් ඒ.අයි. වීඩියෝස්. මම ඔයාට අද සිම්පල් ස්ටෙප්ස් වලින් මොබයිල් ෆෝන් එක යූස් කරලම අන්න ඒ වගේ වීඩියෝස් කොහොමද හදාගන්නේ කියලා කියලා දෙන්නම්.මුලින්ම ඔයාට කරන්න,ඔයාලා social media එකේ දැකලා ඇති ගොඩක් AI ads and AI videos. මම ඔයාට අද simple steps වලින් mobile phone එක use කරලම අන්න ඒ වගේ videos කොහොමද හදාගන්නේ කියලා කියලා දෙන්නම්.මුලින්ම ඔයාට කරන්න 
Download (159).wav,ඔයාට කරන්න තියෙන්නේ ප්ලේ ස්ටෝර් එකට නැත්නම් ඇප් ස්ටෝර් එකට යන්න. ඊට පස්සේ පෝලෝ ඒ.අයි. කියලා ටයිප් කරලා මෙන්න මේ ඇප් එක ඩවුන්ලෝඩ් කරලා ඉන්ස්ටෝල් කරගන්න. ඔයාලා දන්නවා ඇති ඒ.අයි. වීඩියෝස් හදනකොට එක එක,මුලින්ම ඔයාට කරන්න තියෙන්නේ Play Store එකට නැත්නම් App Store එකට යන්න. ඊට පස්සේ Polo AI කියලා type කරලා මෙන්න මේ app එක download කරලා install කරගන්න. ඔයාලා දන්නවා ඇති AI videos හදනකොට එක එක
Download (160).wav,"එක එක ඒ.අයි. මොඩල්ස් තියෙනවා. විඕ3, ක්ලින්ග් ඒ.අයි., පිකා ලැබ්ස් වගේ දේවල්. මේවා ඔක්කොම අපි වෙන වෙනම සබ්ස්ක්‍රිප්ෂන් අරන් කරොත් එහෙම අපිට සෑහෙන ගාණක් යනවා. හැබැයි ඔයාට පුළුවන් මේ","එක එක AI models තියෙනවා. Vio3, Cling AI, Pika Labs වගේ දේවල්. මේවා ඔක්කොම අපි වෙන වෙනම subscription අරන් කරොත් එහෙම අපිට සෑහෙන ගාණක් යනවා. හැබැයි ඔයාට පුළුවන් මේ"
Download (161).wav,"මේ ඔක්කොම ඒ.අයි. මොඩල්ස් වලට මෙන්න මේ සිංගල් ඇප් එකෙන්ම ඇක්සස් එක අරගන්න.දැන් මම ස්ටෙප් බයි ස්ටෙප් කොහොමද ප්‍රොම්ප්ට් කරන්නේ, කොහොමද හරියට වීඩියෝ එකක් ජෙනරේට් කරගන්නේ කියලා කියලා දෙන්නම්.ප්‍රොම්ප්ට් කරන එකත් ගොඩක්","මේ ඔක්කොම AI models වලට මෙන්න මේ single app එකෙන්ම access එක අරගන්න.දැන් මම step by step කොහොමද prompt කරන්නේ, කොහොමද හරියට video එකක් generate කරගන්නේ කියලා කියලා දෙන්නම්.Prompt කරන එකත් ගොඩක්"
Download (162).wav,"ගොඩක් සිම්පල්, ඔයාට කරන්න තියෙන්නේ චැට්ජීපීටී නැත්නම් ඕනෑම ලාර්ජ් ලැන්වේජ් මොඩල් එකකට යන්න. ගිහින් ඔයාට අවශ්‍ය කරන දේ කියන්න තියෙන්නේ. මම මෙතන කරන්න යන්නේ කොහොමද ඇවෙන්ජර්ස්ලා ලංකාවට ආවොත් ඒක කොහොමද,","ගොඩක් simple, ඔයාට කරන්න තියෙන්නේ ChatGPT නැත්නම් ඕනෑම large language model එකකට යන්න. ගිහින් ඔයාට අවශ්‍ය කරන දේ කියන්න තියෙන්නේ. මම මෙතන කරන්න යන්නේ කොහොමද Avengers ලා ලංකාවට ආවොත් ඒක කොහොමද,"
Download (163).wav,ඒක කොහොමද කියලා තමයි වීඩියෝ එකක් කරන්න යන්නේ.සෝ මම මෙන්න මේ වගේ මට දන්න ඉංග්‍රීසි වලින් මම කියනවා මට මෙන්න මේ වගේ වීඩියෝ එකක් ඕනේ කියලා. ඉමේජ් ප්‍රොම්ප්ට් එක දෙන්න කියලා තමයි මම මුලින් අහන්නේ. බිකෝස් වීඩියෝ ප්‍රොම්ප්ට් නෙවෙයි. ඔයාලා ඒ.අයි. වීඩියෝස්,ඒක කොහොමද කියලා තමයි video එකක් කරන්න යන්නේ. So මම මෙන්න මේ වගේ මට දන්න ඉංග්‍රීසි වලින් මම කියනවා මට මෙන්න මේ වගේ video එකක් ඕනේ කියලා. Image prompt එක දෙන්න කියලා තමයි මම මුලින් අහන්නේ. Because video prompt නෙවෙයි. ඔයාලා AI videos කරනකොට
Download (164).wav,ඒ.අයි. වීඩියෝස් කරනකොට මුලින්ම මගේ ටිප් එක තමා මුලින්ම ඔයා ඔයා අවශ්‍ය කරන ඉමේජ් එක හදාගන්න. ඒ ඉමේජ් එක ඔයාට සෙට් වෙනවා නම් විතරක් ඒක කෙලින්ම වීඩියෝ එකට කන්වර්ට් කරන්න. ඔයා ඩිරෙක්ට්ලි වීඩියෝ එකක් කන්ව,AI videos කරනකොට මුලින්ම මගේ tip එක තමා මුලින්ම ඔයා ඔයා අවශ්‍ය කරන image එක හදාගන්න. ඒ image එක ඔයාට set වෙනවා නම් විතරක් ඒක කෙලින්ම video එකට convert කරන්න. ඔයා directly video එකක් convert
Download (165).wav,වීඩියෝ එකක් කන්වර්ට් කරන්න ගියොත් එහෙම ඒකට සෑහෙන වෙලා යනවා. ඒ වගේම ඔයාගේ ක්‍රෙඩිට්ස් වලින් සෑහෙන මුදලක් යනවා. සෝ මුලින්ම ඉමේජස් ජෙනරේට් කරගෙන ඉන්න.ඊට පස්සේ ඔයාට කරන්න තියෙන්නේ ඒ ප්‍රොම්ප්ට් එක කොපි කරගෙන ගිහින්,video එකක් convert කරන්න ගියොත් එහෙම ඒකට සෑහෙන වෙලා යනවා. ඒ වගේම ඔයාගේ credits වලින් සෑහෙන මුදලක් යනවා. සෝ මුලින්ම images generate කරගෙන ඉන්න.ඊට පස්සේ ඔයාට කරන්න තියෙන්නේ ඒ prompt එක copy කරගෙන ගිහින්
Download (166).wav,"ගිහින් පෝලෝ ඒ.අයි. කියන එකට යන්න. එතන ලස්සන ටෙම්ප්ලේට්ස් තියෙනවා, ඔයාට පුළුවන් මේවා ටිකක් යූස් කරලා ෆන් එකක් ගන්න. හැබැයි මම ඒක ප්‍රොෆෙෂනල් එක කරන විදියට කියලා දෙන්නම්. ඔයාට කරන්න තියෙන්නේ මේ ඒ.අයි. ඉමේජස් කියන එකට යන්න.","ගිහින් Polo AI කියන එකට යන්න. එතන ලස්සන templates තියෙනවා, ඔයාට පුළුවන් මේවා ටිකක් use කරලා fun එකක් ගන්න. හැබැයි මම ඒක professional එක කරන විදියට කියලා දෙන්නම්. ඔයාට කරන්න තියෙන්නේ මේ AI images කියන එකට යන්න."
Download (167).wav,"මෙතන ඔයාට අවශ්‍ය කරන මොඩල් එක සිලෙක්ට් කරන්න, සාමාන්‍යයෙන් රියලිස්ටික් ඉමේජස් ජෙනරේට් වෙන්නේ ෆ්ලක්ස් මොඩල් එකෙන්, ඒ නිසා මම ඒක සිලෙක්ට් කරනවා. ඊට පස්සේ අවුට්පුට් නම්බර් ඉමේජ් එක","මෙතන ඔයාට අවශ්‍ය කරන model එක select කරන්න, සාමාන්‍යයෙන් realistic images generate වෙන්නේ Flux model එකෙන්, ඒ නිසා මම ඒක select කරනවා. ඊට පස්සේ output number image එක"
Download (168).wav,"ඉමේජ් එක 4 කියලා සිලෙක්ට් කරගන්න, ක්‍රියේට් ක්ලික් කරනවා. මෙන්න බලන්න ටික වෙලාවකට පස්සේ මට මෙන්න මේ වගේ ලස්සන ෆොටෝස් හතරක් එයා ජෙනරේට් කරලා තියෙනවා. ඇන්ඩ් මේ ෆොටෝස් වලින් ඔයා කැමති","image එක 4 කියලා select කරගන්න, create click කරනවා. මෙන්න බලන්න ටික වෙලාවකට පස්සේ මට මෙන්න මේ වගේ ලස්සන photos හතරක් එයා generate කරලා තියෙනවා. ඇන්ඩ් මේ photos වලින් ඔයා කැමති "
Download (169).wav,"කැමති එකක් තියෙනවා නම් ඔයාට පුළුවන් ඉස්සරහට ප්‍රොසීඩ් වෙන්න, එහෙම නැත්නම් ආයේ සැරයක් රීජෙනරේට් කරලා බලන්න. දැන් ඔයා ෆොටෝ එක ජෙනරේට් කරගත්තා, දැන් ඔයාට කරන්න තියෙන්නේ මේක වීඩියෝ එකකට හරවන්න.","කැමති එකක් තියෙනවා නම් ඔයාට පුළුවන් ඉස්සරහට proceed වෙන්න, එහෙම නැත්නම් ආයේ සැරයක් regenerate කරලා බලන්න. දැන් ඔයා photo එක generate කරගත්තා, දැන් ඔයාට කරන්න තියෙන්නේ මේක video එකකට හරවන්න."
Download (170).wav,"මේකටත් ඔයාට කරන්න තියෙන්නේ චැට්ජීපීටී එකට යන්න, ප්ලස් අයිකන් එක ක්ලික් කරලා ඔයා දැන් සේව් කරපු ෆොටෝ එක මෙන්න මේකට දෙන්න. දීලා ඔයා ප්‍රොම්ප්ට් එකක් දෙන්න ""අයි වෝන්ට් ටු මේක් අ වීඩියෝ ෆ්‍රොම් දිස්","මේකටත් ඔයාට කරන්න තියෙන්නේ ChatGPT එකට යන්න, plus icon එක click කරලා ඔයා දැන් save කරපු photo එක මෙන්න මේකට දෙන්න. දීලා ඔයා prompt එකක් දෙන්න I want to make a video from this"
Download (171).wav,"ෆ්‍රොම් දිස්, කැන් යූ ගිව් මී ද ප්‍රොම්ප්ට් නීඩඩ්"" කියලා. ඊට පස්සේ එයා ප්‍රොම්ප්ට් එකක් දෙනවා, ඒක කොපි කරගෙන ඇවිත් ආයේ පෝලෝ ඒ.අයි. එකට යන්න. ඊට පස්සේ පෝලෝ ඒ.අයි","from this, can you give me the prompt needed කියලා. ඊට පස්සේ එයා prompt එකක් දෙනවා, ඒක copy කරගෙන ඇවිත් ආයේ Polo AI එකට යන්න. ඊට පස්සේ Polo AI"
Download (172).wav,"පෝලෝ ඒ.අයි. එකට ඇවිල්ලා මෙන්න මේ ඒ.අයි. වීඩියෝස් කියලා තියෙනවා, අන්න ඒක සිලෙක්ට් කරන්න. දැන් මෙතන ඔයාට ටෙක්ස්ට් ටු වීඩියෝ කරන්න පුළුවන් එහෙම නැත්නම් ඉමේජ් ටු වීඩියෝ කරන්න පුළුවන්.","Polo AI එකට ඇවිල්ලා මෙන්න මේ AI videos කියලා තියෙනවා, අන්න ඒක select කරන්න. දැන් මෙතන ඔයාට text to video කරන්න පුළුවන් එහෙම නැත්නම් image to video කරන්න පුළුවන්."
Download (173).wav,මම මෙතන ඉමේජ් ටු වීඩියෝ ක්ලික් කරලා ගූගල් ලාගේ අලුත් විඕ3 මොඩල් එක සිලෙක්ට් කරනවා. මේකේ ඔයාට ඕඩියෝ ත් ජෙනරේට් කරගන්න පුළුවන්. දැන් මම කරන්න තියෙන්නේ,මම මෙතන image to video click කරලා Google ලාගේ අලුත් Vio3 model එක select කරනවා. මේකේ ඔයාට audio ත් generate කරගන්න පුළුවන්. දැන් මම කරන්න තියෙන්නේ
Download (174).wav,"කරන්න තියෙන්නේ මම අර හදාගත්තු ඉමේජ් එක මේකට අප්ලෝඩ් කරනවා, අප්ලෝඩ් කරලා ඒ ප්‍රොම්ප්ට් එක පේස්ට් කරනවා. ඊට පස්සේ මේ ජෙනරේට් ඕඩියෝ කියන තැන ටික් එකක් දාගන්න ඕනේ, එතකොට තමයි","කරන්න තියෙන්නේ මම අර හදාගත්තු image එක මේකට upload කරනවා, upload කරලා ඒ prompt එක paste කරනවා. ඊට පස්සේ මේ generate audio කියන තැන tick එකක් දාගන්න ඕනේ, එතකොට තමයි"
Download (175).wav,එතකොට තමයි ඕඩියෝ එක්ක ජෙනරේට් වෙන්නේ. ඊට පස්සේ මෙන්න මේ ජෙනරේට් බටන් එක ක්ලික් කරන්න. සෝ ටික වෙලාවකට පස්සේ ඔයාට මෙන්න මේ වගේ ඒ.අයි. ජෙනරේටඩ් වීඩියෝ එකක් හදාගන්න පුළුවන්,එතකොට තමයි audio එක්ක generate වෙන්නේ. ඊට පස්සේ මෙන්න මේ generate button එක click කරන්න. සෝ ටික වෙලාවකට පස්සේ ඔයාට මෙන්න මේ වගේ AI generated video එකක් හදාගන්න පුළුවන්.
Download (176).wav,"සෝ මේක ගොඩක් ලේසියි, ඔයාට මේක ෆෝන් එකෙන්ම කරගන්න පුළුවන්. දැන්ම පෝලෝ ඒ.අයි. කියන ඇප් එක ඩවුන්ලෝඩ් කරලා ට්‍රයි කරන්න","So මේක ගොඩක් ලේසියි, ඔයාට මේක phone එකෙන්ම කරගන්න පුළුවන්. දැන්ම Polo AI කියන app එක download කරලා try කරන්න "
Download (177).wav,"ට්‍රයි කරලා බලන්න. ඇන්ඩ් මේ වගේ තවත් යූස්ෆුල් වීඩියෝ එකකින් මම ඔයාලව ආයෙත් හමුවෙන්නම්. අන්ටිල් දෙන්, පීස්","Try කරලා බලන්න. and මේ වගේ තවත් useful video එකකින් මම ඔයාලව ආයෙත් හමුවෙන්නම්. Until then, peace"
Download (178).wav,ඔයාගාව පී.සී. එකක් තියෙනවා නම් මාසෙකට සැරයක්වත් මේක කරන්න ඕනේ. ඔයාට කරන්න තියෙන්නේ වින්ඩෝස් බටන් එක ක්ලික් කරලා සී.එම්.ඩී. කියලා ටයිප් කරලා රන් ඈස් ඇඩ්මිනිස්ට්‍රේටර් ක්ලික් කරන්න,ඔයාගාව PC එකක් තියෙනවා නම් මාසෙකට සැරයක්වත් මේක කරන්න ඕනේ. ඔයාට කරන්න තියෙන්නේ Windows button එක click කරලා CMD කියලා type කරලා Run as administrator click කරන්න.
Download (179).wav,කරන්න. ඊට පස්සේ වින්ගෙට් ස්පේස් අප්ග්‍රේඩ් කියලා ටයිප් කරලා එන්ටර් බටන් එක ක්ලික් කරන්න. මේකෙන් ඔයාගේ පී.සී. එකේ තියෙන අවුට්ඩේටඩ් ඇප්ස් ඔක්කොම අරන් දෙනවා. දැන් ඔයාට කරන්න තියෙන්නේ වින්ගෙට්,කරන්න. ඊට පස්සේ winget space upgrade කියලා type කරලා Enter button එක click කරන්න. මේකෙන් ඔයාගේ PC එකේ තියෙන outdated apps ඔක්කොම අරන් දෙනවා. දැන් ඔයාට කරන්න තියෙන්නේ winget
Download (180).wav,වින්ගෙට් ස්පේස් අප්ග්‍රේඩ් ඩෑෂ් ඩෑෂ් ඕල් කියලා ටයිප් කරලා එන්ටර් බටන් එක ක්ලික් කරන්න. මේකෙන් ඔයාගේ පී.සී. එකේ තියෙන අවුට්ඩේටඩ් ඇප්ස් ඔක්කොම අප්ඩේට් වෙනවා,winget space upgrade dash dash all කියලා type කරලා Enter button එක click කරන්න. මේකෙන් ඔයාගේ PC එකේ තියෙන outdated apps ඔක්කොම update වෙනවා
Download (181).wav,ට්‍රයි කරලා බලන්න,Try කරලා බලන්න
Download (183).wav,මේ තින් ඇන්ඩ් ලයිට් ගේමින් ලැප්ටොප් එකේ ඔයාට ක්‍රේසි ෆීචර්ස් ටිකක් බලාගන්න පුළුවන්. ගොඩක් ලැප්ටොප් 250 නිට්ස් ෆුල් එච්.ඩී. ඩිස්ප්ලේ 60හර්ට්ස් එක්ක දෙනකොට මේ ලැප්ටොප් එකේ ඔයාට ෆුල් එච්.ඩී. අයි.පී.එස්.,මේ thin and light gaming laptop එකේ ඔයාට crazy features ටිකක් බලාගන්න පුළුවන්. ගොඩක් laptop 250 nits full HD display 60Hz එක්ක දෙනකොට මේ laptop එකේ ඔයාට full HD IPS
Download (184).wav,අයි.පී.එස්. විත් 144හර්ට්ස් රිෆ්‍රෙෂ් රේට් ඩිස්ප්ලේ එකක් බලාගන්න පුළුවන්. නෝමල් ලැප්ටොප් එකක් කොම්පෙයාර් කරනකොට ඩිස්ප්ලේ එකේ ඩිෆරන්ස් එක ඔයාම බලාගන්නකෝ. මේකේ ඔයාට ස්ටීරියෝ ස්පීකර් සෙටප් එකක් බලාගන්න,IPS with 144Hz refresh rate display එකක් බලාගන්න පුළුවන්. Normal laptop එකක් compare කරනකොට display එකේ difference එක ඔයාම බලාගන්නකෝ. මේකේ ඔයාට stereo speaker setup එකක් බලාගන්න
Download (185).wav,"එකක් බලාගන්න පුළුවන්. මෙතන බැලුවොත් ඔයාට 2 වොට් ස්පීකර්ස් දෙකක් බලාගන්න පුළුවන්. සෝ මූවි වොචින්ග් එක්ස්පීරියන්ස් එහෙම නෙක්ස්ට් ලෙවල්. වේට්, තාම ඉවර නැහැ, තව තියෙනවා. ආර්.ටී.එක්ස්. 4050 විත් 1","එකක් බලාගන්න පුළුවන්. මෙතන බැලුවොත් ඔයාට 2 watt speakers දෙකක් බලාගන්න පුළුවන්. සෝ movie watching experience එහෙම next level. Wait, තාම ඉවර නැහැ, තව තියෙනවා. RTX 4050 with 1"
Download (186).wav,විත් 115 වොට් ඔෆ් ටී.ජී.පී. ඒ වගේම ඔයාලට ටිකක් වැඩිපුර ස්පෙන්ඩ් කරන්න පුළුවන් නම් ඔයාට ආර්.ටී.එක්ස්. 4060 වේරියන්ට් එකත් ගන්න පුළුවන්. ඊළඟ දේ තමා මේකේ ඔයාලට ඩී.එල්.එස්.එස්. 4 ඇන්ඩ් ඒ.අයි. ෆ්‍රේම්,with 115 watt of TGP. ඒ වගේම ඔයාලට ටිකක් වැඩිපුර spend කරන්න පුළුවන් නම් ඔයාට RTX 4060 variant එකත් ගන්න පුළුවන්. ඊළඟ දේ තමා මේකේ ඔයාලට DLSS 4 and AI frame
Download (187).wav,ෆ්‍රේම් ජෙනරේෂන් සපෝට් කරනවා. සෝ මේකෙන් ඔයාට අඩු එෆ්.පී.එස්. තියෙන ගේම්ස් සේම් සෙටින්ග් එක තියාගෙන හයි එෆ්.පී.එස්. කරලා ප්ලේ කරන්න පුළුවන්. ඊළඟ දේ තමා මේකේ ඔයාට රයිසන් 7 7000 සීරීස්,Frame generation support කරනවා. So මේකෙන් ඔයාට අඩු FPS තියෙන games same setting එක තියාගෙන high FPS කරලා play කරන්න පුළුවන්. ඊළඟ දේ තමා මේකේ ඔයාට Ryzen 7 7000 Series
Download (188).wav,එච්.ඇස්. සී.පී.යූ. එකක් බලාගන්න පුළුවන් විත් 24ජී.බී. ඩී.ඩී.ආර්.5 රෑම් එක්ක. සෝ මේ ස්පෙක්ස් ටික තියාගෙන දැනට රිලීස් වෙලා තියෙන ට්‍රිපල් ඒ ටයිටල්ස් ඔයාට ලේසියෙන්ම ප්ලේ කරන්න පුළුවන්. ඇන්ඩ් ගේමින් විතරක්,HS CPU එකක් බලාගන්න පුළුවන් with 24GB DDR5 RAM එක්ක. සෝ මේ specs ටික තියාගෙන දැනට release වෙලා තියෙන AAA titles ඔයාට ලේසියෙන්ම play කරන්න පුළුවන්. ඇන්ඩ් gaming විතරක්
Download (189).wav,"ගේමින් විතරක් නෙවෙයි, ඔයාට මේකෙන් 4කේ එඩිට් එනුත් කරන්න පුළුවන්. සෝ යා, මේ ස්පෙක්ස් ටික තියාගෙන මේකේ වේට් එක වෙන්නේ 2.4කේ.ජී. සෝ යා, මේක ගේමින් ලැප්ටොප් එකකට ඇවරේජ් ගානක්.ඊට අමතරව","gaming විතරක් නෙවෙයි, ඔයාට මේකෙන් 4K edit එනුත් කරන්න පුළුවන්. සෝ යා, මේ specs ටික තියාගෙන මේකේ weight එක වෙන්නේ 2.4kg. සෝ යා, මේක gaming laptop එකකට average ගානක්.ඊට අමතරව"
Download (190).wav,ඊට අමතරව ඔයාට මේක එක අතින් ඕපන් කරගන්න පුළුවන්. ඒ වගේම එල්.ඊ.ඩී. බැක්ලිට් එකකුත් හම්බවෙනවා. මේ තියෙන්නේ ලෙනොවෝ ලොක් ගේමින් 15 ඒ.ආර්.පී.කිව් කියන ලැප්ටොප් එක.,ඊට අමතරව ඔයාට මේක එක අතින් open කරගන්න පුළුවන්. ඒ වගේම LED backlit එකකුත් හම්බවෙනවා. මේ තියෙන්නේ Lenovo LOQ Gaming 15 ARPQ කියන laptop එක.
Download (191).wav,ඇන්ඩ් මේ ලැප්ටොප් එක ඔයාලට 2 ඉයර්ස් ජෙනුයින් වොරන්ටි එක්ක යුනිටි ප්ලාසා එකේ තියෙන ඉන්කොටෙක් ලංකා එහෙම නැත්නම් ගේම් ස්ටෝර් එකෙන් පර්චේස් කරගන්න පුළුවන්. ඒ වගේම,and මේ laptop එක ඔයාලට 2 years genuine warranty එක්ක Unity Plaza එකේ තියෙන Incotech Lanka එහෙම නැත්නම් Game Store එකෙන් purchase කරගන්න පුළුවන්. ඒ වගේම
Download (192).wav,"ඒ වගේම ඔයා වැඩිපුර 9,000 ක් පේ කරොත් ඔයාට වොරන්ටි එක 3 ඉයර්ස් වෙනකම් එක්ස්ටෙන්ඩ් කරගන්න පුළුවන්. සෝ මේ වීඩියෝ එක ඔයාගේ ගේමර් ෆ්‍රෙන්ඩ්ස් ලටත් ශෙයාර් කරන්න","ඒ වගේම ඔයා වැඩිපුර 9,000 ක් pay කරොත් ඔයාට warranty එක 3 years වෙනකම් extend කරගන්න පුළුවන්. සෝ මේ video එක ඔයාගේ gamer friends ලටත් share කරන්න"
Download (194).wav,ඇපල් ලා ඇන්ඩ්‍රොයිඩ් කොපි කරලාද? මේ තියෙන්නේ ටොප් අයි.ඕ.ඇස්. ෆීචර්ස්. මේ වීඩියෝ එක බලලා ඔයාලම කමෙන්ට් එකක් දාන්නකෝ. ඔයාට දැන් අයි.ඕ.ඇස්. 18 එකේ ඇප්ස් ලොක් කරන්න පුළුවන්. ඔයාට කරන්න තියෙන්නේ,Apple ලා Android copy කරලාද? මේ තියෙන්නේ Top iOS features. මේ video එක බලලා ඔයාලම comment එකක් දාන්නකෝ. ඔයාට දැන් iOS 18 එකේ apps lock කරන්න පුළුවන්. ඔයාට කරන්න තියෙන්නේ
Download (195).wav,ඔයාට කරන්න තියෙන්නේ ඇප් එක උඩ ලෝන්ග් ප්‍රෙස් කරලා රික්වයර් ෆේස් අයි.ඩී. ක්ලික් කරන්න. ඒ වගේම ඔයාට ඇප්ස් හයිඩ් කරන්නත් පුළුවන්. ඒ වගේම ඔයාට දැන් ඇප්ස් ඕනෑම තැනක තියන්න පුළුවන්. ඊළඟ දේ,ඔයාට කරන්න තියෙන්නේ app එක උඩ long press කරලා Require Face ID click කරන්න. ඒ වගේම ඔයාට apps hide කරන්නත් පුළුවන්. ඒ වගේම ඔයාට දැන් apps ඕනෑම තැනක තියන්න පුළුවන්. ඊළඟ දේ
Download (196).wav,"ඊළඟ දේ තමා ඔයාට අයිකන්ස් ඇන්ඩ් විජට්ස් ඩාර්ක් තීම් එකට කන්වර්ට් කරන්න පුළුවන්. ඇන්ඩ් අයිකන්ස් ලොකු කරන්න පුළුවන්, ඒ වගේම ඔයාගේ විජට්ස් ඇන්ඩ් අයිකන්ස් අවශ්‍ය විදියට කලර් එකත් චේන්ජ්","ඊළඟ දේ තමා ඔයාට icons and widgets dark theme එකට convert කරන්න පුළුවන්. ඇන්ඩ් icons ලොකු කරන්න පුළුවන්, ඒ වගේම ඔයාගේ widgets and icons අවශ්‍ය විදියට color එකත් change"
Download (197).wav,එකත් චේන්ජ් කරන්න පුළුවන් හරියට ඇන්ඩ්‍රොයිඩ් වගේ. ඔයාට අලුත් කන්ට්‍රෝල් සෙන්ටර් එකක් හම්බවෙනවා. මේකේ අයිකන්ස් වල ඔයාට සයිස් චේන්ජ් කරන්න පුළුවන් එහෙ මෙහෙ මූව් කරන්න පුළුවන්. අලුත් පේජස් ඇඩ් කරන්න,එකත් change කරන්න පුළුවන් හරියට Android වගේ. ඔයාට අලුත් control center එකක් හම්බවෙනවා. මේකේ icons වල ඔයාට size change කරන්න පුළුවන් එහෙ මෙහෙ move කරන්න පුළුවන්. අලුත් pages add කරන්න
Download (198).wav,ඇඩ් කරන්න පුළුවන්. ඒ වගේම දැන් ඔයාට ගොඩක් කන්ට්‍රෝල්ස් බලාගන්න පුළුවන්. ඒ වගේම ඔයාලා දන්නවද දැන් ඔයාට ස්ක්‍රීන් ලොක් එකේ තියෙන ෂෝර්ට්කට් එකත් චේන්ජ් කරන්න පුළුවන්. ඒ වගේම ඔයාගේ ඇක්ෂන්,add කරන්න පුළුවන්. ඒ වගේම දැන් ඔයාට ගොඩක් controls බලාගන්න පුළුවන්. ඒ වගේම ඔයාලා දන්නවද දැන් ඔයාට screen lock එකේ තියෙන shortcut එකත් change කරන්න පුළුවන්. ඒ වගේම ඔයාගේ action
Download (199).wav,ඇක්ෂන් බටන් එක ඔයා කැමති කන්ට්‍රෝල් එකට සෙට් කරන්න පුළුවන් එහෙම නැත්නම් ඔයා කැමති ඇප් එකක් ඕපන් කරන විදිහට සෙට් කරන්න පුළුවන්. ඊළඟ දේ තමා ඔයාගේ අයිකන් එක ඔයාට එහෙමම විජට් එකට කන්වර්ට්,action button එක ඔයා කැමති control එකට set කරන්න පුළුවන් එහෙම නැත්නම් ඔයා කැමති app එකක් open කරන විදිහට set කරන්න පුළුවන්. ඊළඟ දේ තමා ඔයාගේ icon එක ඔයාට එහෙමම widget එකට convert
Download (200).wav,විජට් එකට කන්වර්ට් කරන්න පුළුවන් ඒ වගේම අවශ්‍ය විදිහට රීසයිස් කරගන්නත් පුළුවන්. සෝ මේ වීඩියෝ එක අයිෆෝන් ෆෑන්බෝයි කෙනෙක්ට ශෙයාර් කරන්න ඇන්ඩ් ඇන්ඩ්‍රොයිඩ් ෆෑන්ස්ලා මොකක්ද හිතන්නේ කියලා පල්ලෙහා කමෙන්ට් කරන්න,widget එකට convert කරන්න පුළුවන් ඒ වගේම අවශ්‍ය විදිහට resize කරගන්නත් පුළුවන්. So මේ video එක iPhone fan boy කෙනෙක්ට share කරන්න and Android fans ලා මොකක්ද හිතන්නේ කියලා පල්ලෙහා comment කරන්න.
Download (202).wav,ඔයාලා හැමෝම අසයින්මන්ට් කරන්න චැට් ජී.පී.ටී නේ යූස් කරන්නේ. හැබැයි චැට් ජී.පී.ටී එකට අමතරව ගොඩක් ලාජ් ලැන්වේජ් මොඩල් තියෙනවා,ඔයාලා හැමෝම assignment කරන්න ChatGPT නේ use කරන්නේ. හැබැයි ChatGPT එකට අමතරව ගොඩක් Large Language models තියෙනවා
Download (203).wav,මං ඒවා ගැන ඩීටේල් වීඩියෝ එකක් වෙනම කරන්නම්. හැබැයි ඒ මොන ටූල්ස් ඔයාගේ අසයින්මන්ට්ස් ඇන්ඩ් හෝම්වර්ක් වලට යූස් කරත් ඒ.අයි ඩිගෙටර්ස් වලට අහු වෙනවා,මං ඒවා ගැන detail video එකක් වෙනම කරන්නම්. හැබැයි ඒ මොන tools ඔයාගේ assignments and homework වලට use කරත් AI detectors වලට අහු වෙනවා
Download (204).wav,සෝ ඒකෙන් කොහොමද ගැලවෙන්නේ කියලා තමා මේ වීඩියෝ එක. මේ බලන්න මං මේ එච්.අයි.එක්ස් කියන මෙන්න මේ සයිට් එකට ගිහින් මට එසේ එකක් ටයිප් කරනවා,So ඒකෙන් කොහොමද ගැලවෙන්නේ කියලා තමා මේ video එක. මේ බලන්න මං මේ HIX කියන මෙන්න මේ site එකට ගිහින් මට essay එකක් type කරනවා
Download (205).wav,මම යූස් කරන්නේ ඩීප්සීක් එකේ ඒ.පී.අයි මොඩල් එක. දැන් අපිට එසේ එක ජනරේට් වෙලා තියෙන්නේ. මම ඒක එහෙමම කොපි කරගෙන ඇවිල්ලා ඔරිජිනැලිටි ඒ.අයි එකට ගිහින් පේස්ට් කරොත් මට බලාගන්න පුළුවන්,මම use කරන්නේ DeepSeek එකේ API model එක. දැන් අපිට essay එක generate වෙලා තියෙන්නේ. මම ඒක එහෙමම copy කරගෙන ඇවිල්ලා Originality AI එකට ගිහින් paste කරොත් මට බලාගන්න පුළුවන්
Download (206).wav,පුළුවන්. මේක 100% ඒ.අයි ජනරේටඩ් කියලා තමා පෙන්නන්නේ. දැන් මම මොකක්ද කරන්නේ කියලා බැලුවොත් මම තව ටැබ් එකක් ඕපන් කරලා ඒ.අයි හියුමනයිසර් ඩොට් ඒ.අයි කියන සයිට් එකට යනවා,පුළුවන්. මේක 100% AI generated කියලා තමා පෙන්නන්නේ. දැන් මම මොකක්ද කරන්නේ කියලා බැලුවොත් මම තව tab එකක් open කරලා AIHumanizer.ai කියන site එකට යනවා
Download (207).wav,මෙන්න මේ තියෙන්නේ මේක. දැන් මෙතන පල්ලෙහා තියෙන ග්‍රීන් කලර් බටන් එක ක්ලික් කරොත් එහෙම එහා පැත්තේ මේක හියුමනයිස් කරලා දෙනවා. දැන් මම ඒකම කොපි කරගෙන ගිහින් ඔරිජිනැලිටි ඒ.අයි එකේ පේස්ට් කරොත් එහෙම,මෙන්න මේ තියෙන්නේ මේක. දැන් මෙතන පල්ලෙහා තියෙන green color button එක click කරොත් එහෙම එහා පැත්තේ මේක humanize කරලා දෙනවා. දැන් මම ඒකම copy කරගෙන ගිහින් Originality AI එකේ paste කරොත් එහෙම
Download (208).wav,"ත් එහෙම, මෙතන බලාගන්න පුළුවන් මෙන්න මේ හියුමන් රිටන් කියන පර්සෙන්ටේජ් එක වැඩි වෙලා තියෙනවා. සෝ නෙක්ස්ට් ටයිම් ඔයාට මොකක් හරි කන්ටෙන්ට් එකක් හියුමනයිස් කරගන්න ඕනේ නම් ඔයා මෙන්න මේ මෙතඩ් එක ට්‍රයි කරලා බලන්න","ත් එහෙම, මෙතන බලාගන්න පුළුවන් මෙන්න මේ human written කියන percentage එක වැඩි වෙලා තියෙනවා. So next time ඔයාට මොකක් හරි content එකක් humanize කරගන්න ඕනේ නම් ඔයා මෙන්න මේ method එක try කරලා බලන්න"
Download (210).wav,"මේ තියෙන්නේ යූ.පී.එස් එකක්. යූ.පී.එස් කියන එකේ තේරුම බැලුවොත් අන්ඉන්ටරප්ටඩ් පවර් සප්ලයි. සිම්ප්ලි මොකක්ද මේකෙන් වෙන්නේ කියලා බැලුවොත් එයා ඒ.සී කරන්ට් එක ඩී.සී කරන්ට් එකට කන්වර්ට් කරනවා, ආයේ","මේ තියෙන්නේ UPS එකක්. UPS කියන එකේ තේරුම බැලුවොත් Uninterrupted Power Supply. Simply මොකක්ද මේකෙන් වෙන්නේ කියලා බැලුවොත් එයා AC current එක DC current එකට convert කරනවා, ආයේ"
Download (211).wav,"ආයේ ඩී.සී එක ඒ.සී එකට කන්වර්ට් කරනවා. ඒ කරන අතරතුර මේකෙ ඉන්බිල්ට් බැටරි එකක් තියෙනවා, එයා ඒක චාජ් කරලා තියාගන්නවා පවර් අවුටේජ් එකේදි බැකප් එකක් දෙන්න. ඔෆ්කෝස් ඔයාට","ආයේ DC එක AC එකට convert කරනවා. ඒ කරන අතරතුර මේකෙ inbuilt battery එකක් තියෙනවා, එයා ඒක charge කරලා තියාගන්නවා power outage එකේදි backup එකක් දෙන්න. Of course ඔයාට"
Download (212).wav,ඔෆ්කෝස් ඔයාට පැය ගණන් බැකප් ගන්න බෑ හැබැයි ඔයාට විනාඩි 15ක් වගේ බැකප් එකක් දාගන්න පුළුවන් ඔයාගෙ පී.සී එකේ යූසේජ් එක මත. මේකෙන් ඔයාට මොකක්ද වෙන වාසිය කියලා බැලුවොත් ඔයා කම්පියුටර් එකේ ගේම්ස් ගහගෙන ඉන්නකොට, Of course ඔයාට පැය ගණන් backup ගන්න බෑ හැබැයි ඔයාට විනාඩි 15ක් වගේ backup එකක් දාගන්න පුළුවන් ඔයාගෙ PC එකේ usage එක මත. මේකෙන් ඔයාට මොකක්ද වෙන වාසිය කියලා බැලුවොත් ඔයා computer එකේ games ගහගෙන ඉන්නකොට
Download (213).wav,නැත්නම් මොකක් හරි ඉම්පෝටන්ට් ප්‍රොජෙක්ට් එකක් කරගෙන ඉන්නකොට එකපාරට කරන්ට් ගියොත් එහෙම මේකෙන් ඉමීඩියට්ලි බැකප් එකක් දෙනවා. මේකෙන් ඔයාගෙ ප්‍රොජෙක්ට්ස් වල ඩේටා ලොස්ට් වෙන්නේ නෑ ඒ වගේම ඉන්ටරප්ෂන් එකක්,නැත්නම් මොකක් හරි important project එකක් කරගෙන ඉන්නකොට එකපාරට current ගියොත් එහෙම මේකෙන් immediately backup එකක් දෙනවා. මේකෙන් ඔයාගෙ projects වල data lost වෙන්නේ නෑ ඒ වගේම interruption එකක්
Download (214).wav,"ඉන්ටරප්ෂන් එකක් නැතුව ඔයාගේ ගේමින් සෙෂන් එක ඉවර කරන්න පුළුවන්. සෝ අද මේ යූ.පී.එස් දෙක එවලා තියෙන්නේ හයික්විෂන් කියන බ්‍රෑන්ඩ් එකෙන්, එයාලා ඕල්රෙඩි සිකියුරිටි කැමරා ඉන්ඩස්ට්‍රි එකේ ලීඩින් බ්‍රෑන්ඩ් එකක්, ඔයාලා","interruption එකක් නැතුව ඔයාගේ gaming session එක ඉවර කරන්න පුළුවන්. So අද මේ UPS දෙක එවලා තියෙන්නේ Hikvision කියන brand එකෙන්, එයාලා already security camera industry එකේ leading brand එකක්, ඔයාලා"
Download (215).wav,ඔයාලා ඕල්රෙඩි මෙන්න මේ හයික්විෂන් කියන බ්‍රෑන්ඩ් එක ගැන අහලත් ඇති. ඇන්ඩ් මේ තියෙන්නේ එයාලගේ බැකප් සීරීස් එකේ එන යූ.පී.එස් එක. ඇන්ඩ් ඉස්සරහා බැලුවොත් ඔයාට මේ වගේ ඉන්ඩිකේටර් ලයිට්ස් එක්ක පවර් බ,ඔයාලා already මෙන්න මේ Hikvision කියන brand එක ගැන අහලත් ඇති. And මේ තියෙන්නේ එයාලගේ backup series එකේ එන UPS එක. And ඉස්සරහා බැලුවොත් ඔයාට මේ වගේ indicator lights එක්ක power බ
Download (216).wav,"පවර් බටන් එකක් බලාගන්න පුළුවන්, ඇන්ඩ් පිටිපස්සෙ බැලුවොත් ඔයාට ප්ලග් පොයින්ට්ස් දෙකකට අවුට්පුට් පෝට්ස් දෙකක් දීලා තියෙනවා. මේ යූ.පී.එස් වල ඔයාලට ඉන්ටග්‍රේටඩ් ඔටෝමැටික් වෝල්ටේජ් රෙගියුලේටර්","power button එකක් බලාගන්න පුළුවන්, and පිටිපස්සෙ බැලුවොත් ඔයාට plug points දෙකකට output ports දෙකක් දීලා තියෙනවා. මේ UPS වල ඔයාලට integrated automatic voltage regulator"
Download (217).wav,"ටර් ෆීචර් එක බලාගන්න පුළුවන්. මේක තවත් එක්ස්ප්ලේන් කරොත් ඉලෙක්ට්‍රිසිටි බෝර්ඩ් එකෙන් එන වෝල්ටේජ් එක පොඩ්ඩක් එහෙම් මෙහෙ උනත් එයා අවුට්පුට් වෝල්ටේජ් එක එක කොන්ස්ටන්ට් ලෙවල් එකට මේන්ටේන් කරනවා, මේක ඔයාගේ පී.සී","ටර් feature එක බලාගන්න පුළුවන්. මේක තවත් explain කරොත් electricity board එකෙන් එන voltage එක පොඩ්ඩක් එහෙම් මෙහෙ උනත් එයා output voltage එක එක constant level එකට maintain කරනවා, මේක ඔයාගේ PC"
Download (218).wav,"සී එකේ තියෙන කම්පෝනන්ට්ස් වලට ගොඩක් හොඳයි. මේකෙ ඔයාට සර්ජ් ප්‍රොටෙක්ෂන් ෆන්ක්ෂන් එක ඒ වගේම ෂෝට් සර්කිට් ෆන්ක්ෂන් එකත් බලාගන්න පුළුවන්. හරි, දැන් ඔයාගේ සිස්ටම් එකට මොන වගේ යූ.පී.එස් එකක්ද හරියන්නේ.","C එකේ තියෙන components වලට ගොඩක් හොඳයි. මේකෙ ඔයාට surge protection function එක ඒ වගේම short circuit function එකත් බලාගන්න පුළුවන්. හරි, දැන් ඔයාගේ system එකට මොන වගේ UPS එකක්ද හරියන්නේ"
Download (219).wav,ට කරන්න තියෙන්නේ මෙන්න මේ සයිට් එකට ගිහින් ඔයාගේ පී.සී එකේ කම්පෝනන්ට්ස් ටික මේකට ඇඩ් කරන්න. එයා ඒවා ඔක්කොම ඇනලයිස් කරලා එයා නම්බර් එකක් දෙනවා ඔයාගේ පී.සී එක කොච්චර වොට්ස් කන්සියුම්,ට කරන්න තියෙන්නේ මෙන්න මේ site එකට ගිහින් ඔයාගේ PC එකේ components ටික මේකට add කරන්න. එයා ඒවා ඔක්කොම analyze කරලා එයා number එකක් දෙනවා ඔයාගේ PC එක කොච්චර watts consume
Download (220).wav,කරනවාද කියලා. සෝ ඔයාට පුළුවන් ඒ වොට්ස් ගානට හරියන යූ.පී.එස් එකක් සිලෙක්ට් කරන්න. ඒ වගේම ඔයා හයික්විෂන් ඕතරයිස්ඩ් රීසෙලර්ස්ලගෙන් මෙන්න මේ යූ.පී.එස් එක මිලදී ගත්තොත් ඔයාට,කරනවාද කියලා. So ඔයාට පුළුවන් ඒ watts ගානට හරියන UPS එකක් select කරන්න. ඒ වගේම ඔයා Hikvision authorized resellers ලගෙන් මෙන්න මේ UPS එක මිලදී ගත්තොත් ඔයාට
Download (221).wav,ට හොඳ අෆෝඩබල් ප්‍රයිස් එකට ටූ ඉයර්ස් ජෙනුයින් වොරන්ටි එක්ක මේක මිලදී ගන්න පුළුවන්. ඇන්ඩ් මේ වගේ තවත් ඩීටේල් ටෙක් ඉන්සයිට්ස් වලට රිවිව් මාස්ටර් අපිව ෆලෝ කරලා තියාගන්න,ට හොඳ affordable price එකට two years genuine warranty එක්ක මේක මිලදී ගන්න පුළුවන්. And මේ වගේ තවත් detail tech insights වලට Review Master අපිව follow කරලා තියාගන්න
Download (223).wav,ඒ ඩිජිටල් ඊරා එකේ අපේ වැඩවල් කරන්න 90%ක්ම අපි යූස් කරන්නේ අපේ මොබයිල් ෆෝන්ස් ඇන්ඩ් ලැප්ටොප්ස්. එහෙම ඔන්ලයින් එකේ ඔයා සර්ච් කරන දේවල් ඔයා බලන දේවල් ඒ වගේම ඔයා,ඒ digital era එකේ අපේ වැඩවල් කරන්න 90%ක්ම අපි use කරන්නේ අපේ mobile phones and laptops. එහෙම online එකේ ඔයා search කරන දේවල් ඔයා බලන දේවල් ඒ වගේම ඔයා
Download (224).wav,ඔයා ඕඩර් කරන දේවල් ඔයාට අමතරව තව තුන්දෙනෙක්ට බලාගන්න පුළුවන්. පළවෙනි එක තමා ඔයාගේ ඩිවයිස් එක ඇන්ඩ් අයි.එස්.පී. ඔයාගේ ඉන්ටර්නෙට් සර්විස් ප්‍රොවයිඩර් ඔයා මොනවා කරත් එයාලට බලාගන්න,ඔයා order කරන දේවල් ඔයාට අමතරව තව තුන්දෙනෙක්ට බලාගන්න පුළුවන්. පළවෙනි එක තමා ඔයාගේ device එක and ISP. ඔයාගේ internet service provider ඔයා මොනවා කරත් එයාලට බලාගන්න
Download (225).wav,"ට බලාගන්න පුළුවන්. ඔයා ඉන්කොග්නිටෝ යූස් කරත් එයාලට බලාගන්න පුළුවන්. තුන්වෙනි කට්ටියක තමා ඔයාගේ බෑන්ක් ඩීටේල්ස්, ඔයාගේ පර්සනල් ඩීටේල්ස් ඒ වගේම ඔයාගේ සෝෂල් මීඩියා ඩීටේල්ස් ලීක් වෙන්නේ කොහෙන්ද","ට බලාගන්න පුළුවන්. ඔයා incognito use කරත් එයාලට බලාගන්න පුළුවන්. තුන්වෙනි කට්ටියක තමා ඔයාගේ bank details, ඔයාගේ personal details ඒ වගේම ඔයාගේ social media details leak වෙන්නේ කොහෙන්ද"
Download (226).wav,වෙන්නේ කොහෙද කියලා බලාගෙන ඉන්න අන්එතිකල් හැකර්ස් ඇන්ඩ් ස්කෑමර්ස්. ඔයා ඉන්ටර්නෙට් එක හරි විදියට යූස් කරේ නැත්නම් ගොඩක් චාන්ස් තියෙනවා මේ ඩේටා ඒගොල්ලොන්ට ලීක් වෙන්න. මේකෙන් තමා ගොඩක් එකවුන්ට්ස්,වෙන්නේ කොහෙද කියලා බලාගෙන ඉන්න unethical hackers and scammers. ඔයා internet එක හරි විදියට use කරේ නැත්නම් ගොඩක් chance තියෙනවා මේ data ඒගොල්ලොන්ට leak වෙන්න. මේකෙන් තමා ගොඩක් accounts
Download (227).wav,"එකවුන්ට්ස් හැක් වෙන්නේ ඒ වගේම ගොඩක් කට්ටිය ස්කෑම්ස් වලට අහුවෙන්නේ. මේකෙන් ආරක්ෂා වෙන්න ඔයා කරන්න ඕන බේසික් දේවල් මොනවද කියලා බැලුවොත්, අන්ඔතරයිස්ඩ් වෙබ්සයිට්ස් වලට විසිට් කරන්න හොඳ නෑ ඒ වගේම අන්ඔතරයිස්ඩ්","accounts hack වෙන්නේ ඒ වගේම ගොඩක් කට්ටිය scams වලට අහුවෙන්නේ. මේකෙන් ආරක්ෂා වෙන්න ඔයා කරන්න ඕන basic දේවල් මොනවද කියලා බැලුවොත්, unauthorized websites වලට visit කරන්න හොඳ නෑ ඒ වගේම unauthorized"
Download (228).wav,තැන් වලින් දේවල් ඩවුන්ලෝඩ් කරගන්න හොඳ නෑ. ඒත් එක්කම ඔයා ඩවුන්ලෝඩ් කරන හැම ෆයිල් වලම මැලවෙයා නැත්නම් වෛරස් තියෙනවද කියලා එන්ෂුවර් කරගන්න ඕනේ. මේක අපිට මැනුවලි කරන්න ගියොත් අපි,තැන් වලින් දේවල් download කරගන්න හොඳ නෑ. ඒත් එක්කම ඔයා download කරන හැම file වලම malware නැත්නම් virus තියෙනවද කියලා ensure කරගන්න ඕනේ. මේක අපිට manually කරන්න ගියොත් අපි
Download (229).wav,"අපිටම එපා වෙනවා. මේකට සොලියුෂන් එකක් හැටියට තමා කැස්පස්කි තියෙන්නේ. කැස්පස්කි කියන්නේ ඇන්ටිවයිරස් සොෆ්ට්වෙයාර් එකක්, ඔයාලා ඕල්රෙඩි මේක ගැන අහලා ඇති. ඇන්ඩ් මේක ලංකාවේ මාකට් එකට ටෙක්නො","අපිටම එපා වෙනවා. මේකට solution එකක් හැටියට තමා Kaspersky තියෙන්නේ. Kaspersky කියන්නේ antivirus software එකක්, ඔයාලා already මේක ගැන අහලා ඇති. And මේක ලංකාවේ market එකට Techno"
Download (230).wav,"සිටි හරහා ඉන්ට්‍රඩියුස් වෙලා තියෙනවා ඇන්ඩ් ඒකේ ඉවෙන්ට් එකට තමා අපි ඇවිල්ලා තියෙන්නේ. මේක ඉන්ස්ටෝල් කරපු ගමන් ඔයාට හම්බවෙන බෙනිෆිට්ස් මොනවද කියලා බැලුවොත්, ඇන්ටිවයිරස්, ඉන්ටර්නෙට් සිකියුරිටි, පාස්වර්ඩ් මැනේජර් ඒ වගේම","city හරහා introduce වෙලා තියෙනවා and ඒකේ event එකට තමා අපි ඇවිල්ලා තියෙන්නේ. මේක install කරපු ගමන් ඔයාට හම්බවෙන benefits මොනවද කියලා බැලුවොත්, antivirus, internet security, password manager ඒ වගේම"
Download (231).wav,ඒ වගේම වී.පී.එන් වගේ ෆීචර්ස් ඔයාට බලාගන්න පුළුවන්. ඒ වගේම දෙමව්පියන්ට එයාලගේ ළමයින්ව ආරක්ෂා කරන්න පේරන්ටල් කන්ට්‍රෝල්ස් වගේ ෆීචර්සුත් ඔයාට මේකෙන් බලාගන්න පුළුවන්. මේවා මොනවද කොහොමද මේවා,ඒ වගේම VPN වගේ features ඔයාට බලාගන්න පුළුවන්. ඒ වගේම දෙමව්පියන්ට එයාලගේ ළමයින්ව ආරක්ෂා කරන්න parental controls වගේ features උත් ඔයාට මේකෙන් බලාගන්න පුළුවන්. මේවා මොනවද කොහොමද මේවා
Download (232).wav,කොහොමද මේවා රියල් ලයිෆ් එකේ වැඩ කරන්නේ. මේවා ඔක්කොම මං එකින් එක ඉන්ස්ටෝල් කරලා රියල් ලයිෆ් එක්සාම්පල් එක්ක මං ඔයාලට ඩීටේල් වීඩියෝ එකක් ළඟදිම අරන් එන්නම්. සෝ ඒ වීඩියෝ එක බලන්න ඕනෙ නම් අපිව ෆලෝ කරලා තියාගන්න,කොහොමද මේවා real life එකේ වැඩ කරන්නේ. මේවා ඔක්කොම මං එකින් එක install කරලා real life example එක්ක මං ඔයාලට detail video එකක් ළඟදිම අරන් එන්නම්. So ඒ video එක බලන්න ඕනෙ නම් අපිව follow කරලා තියාගන්න
Download (234).wav,ඔයා වින්ඩෝස් මැෂින් එකක් යූස් කරනවා නම් මෙන්න මේ සීක්‍රට් ඇප් එක අනිවාර්යයෙන් ඩවුන්ලෝඩ් කරලා තියාගන්න ඕනේ. මේකෙන් ඔයාට ගොඩක් යූස්ෆුල් ෆීචර්ස් අන්ලොක් වෙනවා. වින්ඩෝස් ෂිෆ්ට් ප්ලස් ටී ක්ලික් කරලා ඔයාට ස්ක්‍රීන්,ඔයා Windows machine එකක් use කරනවා නම් මෙන්න මේ secret app එක අනිවාර්යයෙන් download කරලා තියාගන්න ඕනේ. මේකෙන් ඔයාට ගොඩක් useful features unlock වෙනවා. Windows Shift + T click කරලා ඔයාට screen
Download (235).wav,"ට ස්ක්‍රීන්ෂොට් එකක් ගහන්න මෙන්න මේ වගේ සිලෙක්ට් එකක් හම්බෙනවා, බට් මේකෙ තියෙන ට්විස්ට් එක තමා ඔයා ඒ ස්ක්‍රීන්ෂොට් එක කොහේ හරි පේස්ට් කරොත් ඒකෙ තියෙන ටෙක්ස්ට් ඔක්කොම එක්ස්ට්‍රැක්ට් වෙනවා. ඇන්ඩ් කූල්ම පාට් එක තමා ඔයාල","ට screenshot එකක් ගහන්න මෙන්න මේ වගේ select එකක් හම්බෙනවා, but මේකෙ තියෙන twist එක තමා ඔයා ඒ screenshot එක කොහේ හරි paste කරොත් ඒකෙ තියෙන text ඔක්කොම extract වෙනවා. And cool ම part එක තමා ඔයාල"
Download (236).wav,මා ඔයාලට ෆොටෝස් ඒ වගේම යූටියුබ් වීඩියෝස් වලින් ටෙක්ස්ට් එක්ස්ට්‍රැක්ට් කරගන්න පුළුවන්. ඇන්ඩ් තව ෆීචර් එකක් තියෙනවා පීක් කියලා ඔයා කන්ට්‍රෝල් ප්ලස් ස්පේස් ක්ලික් කරොත් ඔයාට ෆයිල් එකේ ප්‍රිවීව් එකක් බලාගන්න පුළුවන්,මා ඔයාලට photos ඒ වගේම YouTube videos වලින් text extract කරගන්න පුළුවන්. And තව feature එකක් තියෙනවා Peek කියලා ඔයා Control + Space click කරොත් ඔයාට file එකේ preview එකක් බලාගන්න පුළුවන්
Download (237).wav,"පුළුවන් ඒක ඕපන් කරන්නේ නැතුව. මේක ෆොටෝස්, වීඩියෝස්, පීඩීඑෆ් වලටත් වැඩ කරනවා. තුන්වෙනියට තව කූල් ෆීචර් එකක් තියෙනවා, මේකෙ නම ඇවිල්ලා වර්ක්ස්පේස්. එක්සාම්පල් එකක් විදිහට මං යූෂුවලි වැඩ කරන්නේ ඔයා","පුළුවන් ඒක open කරන්නේ නැතුව. මේක photos, videos, PDFs වලටත් වැඩ කරනවා. තුන්වෙනියට තව cool feature එකක් තියෙනවා, මේකෙ නම ඇවිල්ලා workspace. Example එකක් විදිහට මං usually වැඩ කරන්නේ ඔයා"
Download (238).wav,"කරන්නේ ඔපෙරා, වට්ස්ඇප් ඒ වගේම එජ් බ්‍රවුසර් එක ඕපන් කරගෙන. ඒ නිසා මට වර්ක්ස්පේස් එකක් සෙටප් කරගන්න පුළුවන්. මම මේ ලෝන්ච් බටන් එක ක්ලික් කරපු ගමන් ඒ ඇප්ස් තුනම එක පාර ඔන් වෙනවා. ඇප් එකේ නම ඇවිල්ලා","කරන්නේ Opera, WhatsApp ඒ වගේම Edge browser එක open කරගෙන. ඒ නිසා මට workspace එකක් setup කරගන්න පුළුවන්. මම මේ launch button එක click කරපු ගමන් ඒ apps තුනම එක පාර on වෙනවා. App එකේ නම ඇවිල්ලා"
Download (239).wav,ගේ නම ඇවිල්ලා පවර් ටෝයි මයික්‍රොසොෆ්ට් ස්ටෝ එකේ ඩවුන්ලෝඩ් කරගන්න පුළුවන්. ඇන්ඩ් මේ වගේ තවත් යූස්ෆුල් වීඩියෝස් වලට රිවිව් මාස්ටර් අපිව ෆලෝ කරලා තියාගන්න. ඇන්ඩ් මේ වෝල්පේපර් එක ඔයාට මතකයි නම් අනිවාර්යයෙන් කමෙන්ට් එකක් දාගෙන යන්න,ගේ නම ඇවිල්ලා PowerToys Microsoft Store එකේ download කරගන්න පුළුවන්. And මේ වගේ තවත් useful videos වලට Review Master අපිව follow කරලා තියාගන්න. And මේ wallpaper එක ඔයාට මතකයි නම් අනිවාර්යයෙන් comment එකක් දාගෙන යන්න
Download (241).wav,මේ මං ගාව තියෙන ලැප්ටොප් එකට අලුතෙන් ආපු වුකොං ගේම් එක රෙකමන්ඩඩ් සෙටින්ග්ස් වලින් ප්ලේ කරන්න පුළුවන්. මේ තියෙන්නේ ඇසුස් ටෆ් ගේමින් ඒ ෆිෆ්ටීන් කියන ලැප්ටොප් එක,මේ මං ගාව තියෙන laptop එකට අලුතෙන් ආපු Wukong game එක recommended settings වලින් play කරන්න පුළුවන්. මේ තියෙන්නේ Asus TUF Gaming A15 කියන laptop එක
Download (242).wav,"ලැප්ටොප් එක. මේක ගොඩක් කම්පැක්ට්, ස්ටයිලිෂ් ඒ වගේම ඩියුරබල් ලැප්ටොප් එකක්. මේකෙ ඔයාලට මේ වගේ ලස්සන පොඩි පොඩි ගේමින් ටචස් බලාගන්න පුළුවන් ඒ වගේම මේකට මෙටල් බිල්ඩ් එකක් තියෙන්නේ. ඇන්ඩ් මේක ම","laptop එක. මේක ගොඩක් compact, stylish ඒ වගේම durable laptop එකක්. මේකෙ ඔයාලට මේ වගේ ලස්සන පොඩි පොඩි gaming touches බලාගන්න පුළුවන් ඒ වගේම මේකට metal build එකක් තියෙන්නේ. And මේක ම"
Download (243).wav,ඇන්ඩ් මේක මිල්ට්‍රි ග්‍රේඩ් සර්ටිෆයිඩ්. මේ ලැප්ටොප් එක ගැන මං කැමතිම එක තමා මේකේ තියෙන කීබෝඩ් එක. මේක ඔයාලට හොට් කීස් හතරක් එක්ක 1.7 මිලීමීටර් ට්‍රවල් ඩිස්ටන්ස් එක්ක ආර්ජීබී,And මේක military grade certified. මේ laptop එක ගැන මං කැමතිම එක තමා මේකේ තියෙන keyboard එක. මේක ඔයාලට hot keys හතරක් එක්ක 1.7 millimeter travel distance එක්ක RGB
Download (244).wav,ජීබී කීබෝඩ් එකක් බලාගන්න පුළුවන්. ඒ නිසා ඔයාලට ගේමින් සෙෂන්ස් වලට එක්ස්ටර්නල් කීබෝඩ් ඕනෙ නෑ මෙන්න මේකම යූස් කරන්න පුළුවන්. දැන් අපි මේකෙ ස්පෙක්ස් ටික බලල ඉමු. මේක ගලවලා තියෙන්නෙ අමාරුයි. මේකෙ ඔයාලට ර,GB keyboard එකක් බලාගන්න පුළුවන්. ඒ නිසා ඔයාලට gaming sessions වලට external keyboard ඕනෙ නෑ මෙන්න මේකම use කරන්න පුළුවන්. දැන් අපි මේකෙ specs ටික බලල ඉමු. මේක ගලවලා තියෙන්නෙ අමාරුයි. මේකෙ ඔයාලට ර
Download (245).wav,මේකෙ ඔයාලට රයිසන් 7 7000 සීරීස් ප්‍රොසෙසර් එකක් බලාගන්න පුළුවන් ඒ වගේම ආර්.ටී.එක්ස් 4060 ග්‍රැෆික්ස් කාඩ් එකක් බලාගන්න පුළුවන් විත් 8 ජී.බී. ඔෆ් වී.රැම්. බෝයිස් ඔයාලා මෙන්න මේක තමා නොටිස් කරන්න,මේකෙ ඔයාලට Ryzen 7 7000 series processor එකක් බලාගන්න පුළුවන් ඒ වගේම RTX 4060 graphics card එකක් බලාගන්න පුළුවන් with 8GB of VRAM. Boys ඔයාලා මෙන්න මේක තමා notice කරන්න
Download (246).wav,නොටිස් කරන්න ඕනේ. මේකට ආර්.ටී.එක්ස් 4060 තියෙන්නේ විත් 140 වොට් ටී.ජී.පී. සෝ ඇක්චුවල් ටී.ජී.පී එක 115 හැබැයි ඔයාලට 25 වොට් ඩයිනමික් බූස්ට් එකක් කරගන්න පුළුවන්.,notice කරන්න ඕනේ. මේකට RTX 4060 තියෙන්නේ with 140 watt TGP. So actual TGP එක 115 හැබැයි ඔයාලට 25 watt dynamic boost එකක් කරගන්න පුළුවන්
Download (247).wav,පුළුවන්. ඒ වගේම මේ ලැප්ටොප් එක පර්චස් කරන කොටම ඔයාලට 16 ජී.බී. ඩී.ඩී.ආර්. 5 රැම් එකක් බලාගන්න පුළුවන්. ඇන්ඩ් ඊළඟට මේ ලැප්ටොප් එකේ ඔයාලට අවශ්‍ය කරන ඔක්කොම පෝස්ට් ටික බලාගන්න පුළුවන්,පුළුවන්. ඒ වගේම මේ laptop එක purchase කරන කොටම ඔයාලට 16GB DDR5 RAM එකක් බලාගන්න පුළුවන්. And ඊළඟට මේ laptop එකේ ඔයාලට අවශ්‍ය කරන ඔක්කොම ports ටික බලාගන්න පුළුවන්
Download (248).wav,"එස්.ඩී. කාඩ් එක ඇරෙන්න. කූල්ම පාර්ට් එක තමා ඔයාලට ටයිප් සී පෝට්ස් දෙකක් බලාගන්න පුළුවන්. ඒකෙන් එක ටයිප් සී පෝට් එකක් යූ.එස්.බී. 4, 40 ගිගාබයිට්ස් පර් සෙකන්ඩ් ස්පීඩ් එකක් බලාගන්න පුළුවන්","SD card එක ඇරෙන්න. Cool ම part එක තමා ඔයාලට Type C ports දෙකක් බලාගන්න පුළුවන්. ඒකෙන් එක Type C port එකක් USB4, 40 gigabytes per second speed එකක් බලාගන්න පුළුවන්"
Download (249).wav,බලාගන්න පුළුවන්. ඒ වගේම කොච්චර පර්ෆෝමන්ස් තිබ්බත් වැඩක් නෑ හරියට කූලින් සිස්ටම් එකක් තිබ්බේ නැත්නම්. විත් ග්‍රේට් පවර් කම්ස් ග්‍රේට් හීට්. මේකේ කූලින් සිස්ටම් එක බැලුවොත් කූලින් වලට වෙන්ට් හතරයි,බලාගන්න පුළුවන්. ඒ වගේම කොච්චර performance තිබ්බත් වැඩක් නෑ හරියට cooling system එකක් තිබ්බේ නැත්නම්. With great power comes great heat. මේකේ cooling system එක බැලුවොත් cooling වලට vent හතරයි
Download (250).wav,"හතරයි, හීට් පයිප්ස් පහයි, ඒ වගේම ෆෑන්ස් දෙකක් බලාගන්න පුළුවන්. කිසිම ප්‍රශ්නයක් නැතුව රෑ එළිවෙනකම්ම ගේම්ස් ගහන්න පුළුවන්. ඊළඟට මේ මොන ෆීචර්ස් තිබ්බත් වැඩක් නෑ, ඔයාට","හතරයි, heat pipes පහයි, ඒ වගේම fans දෙකක් බලාගන්න පුළුවන්. කිසිම ප්‍රශ්නයක් නැතුව රෑ එළිවෙනකම්ම games ගහන්න පුළුවන්. ඊළඟට මේ මොන features තිබ්බත් වැඩක් නෑ, ඔයාට"
Download (251).wav,"ඔයාට හරියන ඩිස්ප්ලේ එකක් නැත්නම්. මේකේ ඩිස්ප්ලේ ස්පෙක්ස් ටික අහලා ඉන්නකෝ. මේකේ ඔයාලට 15.6 ඉන්ච්, ෆුල් එච්.ඩී, අයි.පී.එස් ලෙවල්, ඇන්ටි ග්ලේයා, 1","ඔයාට හරියන display එකක් නැත්නම්. මේකේ display specs ටික අහලා ඉන්නකෝ. මේකේ ඔයාලට 15.6 inch, Full HD, IPS level, anti-glare, 1"
Download (252).wav,144 හර්ට්ස් විත් 3 මිලಿಸෙකන්ඩ්ස් ඔෆ් රෙස්පොන්ස් ටයිම් ජී-සින්ක් ඉනේබල්ඩ් ඩිස්ප්ලේ එකක් බලාගන්න පුළුවන්. ඇන්ඩ් මේ ඔක්කොම ෆීචර්ස් තිබ්බත් මේකෙ වෙයිට් එක,144Hz with 3 milliseconds of response time G-Sync enabled display එකක් බලාගන්න පුළුවන්. And මේ ඔක්කොම features තිබ්බත් මේකෙ weight එක
Download (253).wav,"වෙන්නේ ජස්ට් 2.2 කිලෝග්‍රෑම්ස්. සෝ ලේසියෙන්ම ඔයාලට මේක බෑග් එකට දාගෙන යන්න පුළුවන්. මේ ලැප්ටොප් එක කොහෙන්ද ගන්නේ, ඒ වගේම මේකේ ප්‍රයිස් ඩීටේල්ස් දැනගන්න","වෙන්නේ just 2.2 kilograms. So ලේසියෙන්ම ඔයාලට මේක bag එකට දාගෙන යන්න පුළුවන්. මේ laptop එක කොහෙන්ද ගන්නේ, ඒ වගේම මේකේ price details දැනගන්න"
Download (254).wav,"ඕනෙ නම් ඔයාට කරන්න තියෙන්නේ පල්ලෙහා දිස්වන කන්ටැක්ට් නම්බර් එකට කතා කරන්න, නැත්නම් යූනිටි ප්ලාසා එකේ බී.ඕ.සී බෑන්ක් එකේ පල්ලෙහා තියෙන ලැප්ටොප් ස්ටෝ ඩොට් එල්.කේ කියන ශොප් එකට යන්න","ඕනෙ නම් ඔයාට කරන්න තියෙන්නේ පල්ලෙහා දිස්වන contact number එකට කතා කරන්න, නැත්නම් Unity Plaza එකේ BOC Bank එකේ පල්ලෙහා තියෙන laptopstore.lk කියන shop එකට යන්න"
Download (256).wav,ඉන්ටෙල් ප්‍රොසෙසර්ස් වලටද නැත්නම් ඒ.එම්.ඩී ප්‍රොසෙසර්ස් වලටද? මල්ලි මේ ග්‍රීක් භාෂාවෙන් කතා කරන්නේ නැතුව මල්ලි. මට ඔය ටෙක් ලැන්ග්වේජ් තේරෙන්නේ නෑ. මම ඉතින් මෙයා කැමති එකට කැමතියි,Intel processors වලටද නැත්නම් AMD processors වලටද? මල්ලි මේ ග්‍රීක් භාෂාවෙන් කතා කරන්නේ නැතුව මල්ලි. මට ඔය tech language තේරෙන්නේ නෑ. මම ඉතින් මෙයා කැමති එකට කැමතියි
Download (257).wav,ඒක,ඒක
Download (258).wav,"ඕකේ ගයිස් අපි දැන් සෙලෙක්ස් ඕපනින් එකට ඇවිල්ලා තියෙන්නේ. අපි උඩහට ගිහිල්ලා ක්‍රියටර්ස්ලගෙන් අහමු එයාලා මොන ප්‍රොසෙසර් එකටද කැමති කියලා, ඉන්ටෙල් ද ඒ.එම්.ඩී. ද කියලා","Okay guys අපි දැන් Selex opening එකට ඇවිල්ලා තියෙන්නේ. අපි උඩහට ගිහිල්ලා creators ලගෙන් අහමු එයාලා මොන processor එකටද කැමති කියලා, Intel ද AMD ද කියලා"
Download (259).wav,"අයියා කැමති මේ ඉන්ටෙල් ප්‍රොසෙසර්ස් වලටද නැත්නම් ඒ.එම්.ඩී ප්‍රොසෙසර්ස් වලටද? මෙහෙමයි, දෙකටම කැමතියි. කම්පියුටර්ස් ගැන ලොකුවට","අයියා කැමති මේ Intel processors වලටද නැත්නම් AMD processors වලටද? මෙහෙමයි, දෙකටම කැමතියි. Computers ගැන ලොකුවට"
Download (260).wav,"ලොකුවට නොලේජ් එකක් අඩුයි. ඒක නිසා තමයි ඇත්තටම මේ සෙලෙක්ස් වගේ තැනකට එන්නෙත්, නොලේජ් එක අඩු අයටත් සජෙෂන් එකක් දීලා, එයාලට දීලා ඔයාට ඕන දේ මොකක්ද කියලා","ලොකුවට knowledge එකක් අඩුයි. ඒක නිසා තමයි ඇත්තටම මේ Selex වගේ තැනකට එන්නෙත්, knowledge එක අඩු අයටත් suggestion එකක් දීලා, එයාලට දීලා ඔයාට ඕන දේ මොකක්ද කියලා"
Download (261).wav,මොකක්ද කියලා අහලා ඒ අවශ්‍ය දේට දෙන නිසා තමයි මේ වගේ තැනක් අපි යූස් කරන්න හේතුවත්. ඔයා අහපු එකෙන් නම් ඒ.එම්.ඩී එකට වඩා ඉන්ටෙල් එක හොඳයි කියලා මං නිකන් අහලා තියෙනවා,මොකක්ද කියලා අහලා ඒ අවශ්‍ය දේට දෙන නිසා තමයි මේ වගේ තැනක් අපි use කරන්න හේතුවත්. ඔයා අහපු එකෙන් නම් AMD එකට වඩා Intel එක හොඳයි කියලා මං නිකන් අහලා තියෙනවා
Download (262).wav,අයියා කෝකටද කැමති?,අයියා කෝකටද කැමති?
Download (263).wav,මම ඉතින් මෙයා කැමති එකට කැමතියි. අයියා මේ ඒ.එම්.ඩී එකටද කැමති නැත්නම් ඉන්ටෙල් ප්‍රොසෙසර්ස් වලටද? මම කැමති මට තියෙන්නේ මං ඒ.එම්.ඩී ප්‍රොසෙසර් එකක්,මම ඉතින් මෙයා කැමති එකට කැමතියි. අයියා මේ AMD එකටද කැමති නැත්නම් Intel processors වලටද? මම කැමති මට තියෙන්නේ මං AMD processor එකක්
Download (264).wav,ඒක නිසා මට එක්ස්පීරියන්ස් එක තියෙන නිසා මං ඒ.එම්.ඩී එකට කැමතියි,ඒක නිසා මට experience එක තියෙන නිසා මං AMD එකට කැමතියි
Download (265).wav,ඔන්න අපි ඇවිල්ලා තියෙන්නේ සෙලෙක්ස් ලගේ අලුත් බ්‍රාන්ච් ඕපනින් එකට. මෙතන බැලුවොත් ඔයාට අවශ්‍ය කරන ලැප්ටොප්ස් කම්පියුටර් ඇක්සසරීස්,ඔන්න අපි ඇවිල්ලා තියෙන්නේ Selex ලගේ අලුත් branch opening එකට. මෙතන බැලුවොත් ඔයාට අවශ්‍ය කරන laptops computer accessories
Download (266).wav,ස්පීකර්ස් ඒ වගේම තවත් ඉලෙක්ට්‍රොනික් අයිටම්ස් බෙස්ට් ප්‍රයිස් එකට වොරන්ටි එකත් එක්ක මිලදී ගන්න පුළුවන්. ඉන්ටෙල් ප්‍රොසෙසර්ස් වලට කැමතිද ඒ.එම්.ඩී ප්‍රොසෙසර්ස් වලට කැමතිද? ඕ හෙල් නෝ,speakers ඒ වගේම තවත් electronic items best price එකට warranty එකත් එක්ක මිලදී ගන්න පුළුවන්. Intel processors වලට කැමතිද AMD processors වලට කැමතිද? Oh hell no
Download (267).wav,ඒ.එම්.ඩී තමා ඔව්. හරි රෙඩ් ටීම්,AMD තමා ඔව්. හරි red team
Download (268).wav,ඒ.එම්.ඩී එකට තමයි හොඳයි කියන්නේ. ඒ.එම්.ඩී. ඉන්ටෙල් එකටද නැත්නම් ඒ.එම්.ඩී ප්‍රොසෙසර්ස් වලටද,AMD එකට තමයි හොඳයි කියන්නේ. AMD. Intel එකටද නැත්නම් AMD processors වලටද
Download (269).wav,ඇත්තටම මං කැමතියි ඉන්ටෙල්. ඉන්ටෙල් ඉන්ටෙල්. ක්‍රියේටර්ස්ලා එහෙම කිව්වට අපි නිකන් ඒක ෆන් එකට කරේ. හැබැයි අපි කවදාවත් බ්‍රෑන්ඩ්ස් දෙකක් කම්පෙයාර් කරන්න හොඳ නෑ. අපි හැමවෙලේම,ඇත්තටම මං කැමතියි Intel. Intel Intel. creators ලා එහෙම කිව්වට අපි නිකන් ඒක fun එකට කරේ. හැබැයි අපි කවදාවත් brands දෙකක් compare කරන්න හොඳ නෑ. අපි හැමවෙලේම
Download (270).wav,"හැමවෙලේම ප්‍රොඩක්ට්ස් දෙකක් තමා කම්පෙයාර් කරන්න ඕනේ. එක්සාම්පල් එකක් විදිහට අපි සැම්සුන්ග්, ඇපල්, ඒ.එම්.ඩී, ඉන්ටෙල් වගේ දේවල් කම්පෙයාර් කරන්න හොඳ නෑ, අපි ප්‍රොඩක්ට්ස් දෙකක් තමා කම්පෙයාර් කරන්න ඕනේ. ඉන් කේස්","හැමවෙලේම products දෙකක් තමා compare කරන්න ඕනේ. Example එකක් විදිහට අපි Samsung, Apple, AMD, Intel වගේ දේවල් compare කරන්න හොඳ නෑ, අපි products දෙකක් තමා compare කරන්න ඕනේ. In case"
Download (271).wav,"ඉන් කේස් ඔයාට ඒ වගේ සී.පී.යූ එකක් නැත්නම් ජී.පී.යූ එකක් කම්පෙයාර් කරන්න ඕනේ නම්, ඔයාලට පුළුවන් සී.පී.යූ මන්කි නැත්නම් ජී.පී.යූ මන්කි වගේ සයිට් එකට ගිහින් ඔයාට අවශ්‍ය කරන සී.පී.යූස් කම්පෙයාර් කරලා බලන්න","In case ඔයාට ඒ වගේ CPU එකක් නැත්නම් GPU එකක් compare කරන්න ඕනේ නම්, ඔයාලට පුළුවන් CPU Monkey නැත්නම් GPU Monkey වගේ site එකට ගිහින් ඔයාට අවශ්‍ය කරන CPUs compare කරලා බලන්න"
Download (272).wav,"සෝ මෝරල් ඔෆ් ද ස්ටෝරි ඊස්, ඩෝන්ට් කම්පෙයාර් බ්‍රෑන්ඩ්ස්, කම්පෙයාර් ප්‍රොඩක්ට්ස්","So moral of the story is, don't compare brands, compare products"
Download (274).wav,"ඔයා අලුතෙන් ලැප්ටොප් එකක් නැත්නම් පීසී එකක් බිල්ඩ් කරොත්, නැත්නම් තියෙන මැෂින් එකට අලුතෙන් ඕඑස් දැම්මොත්, අපි හැමෝටම කොමන් ප්‍රශ්නයක් තියෙනවා. ඒක තමා අපිට අවශ්‍ය කරන සොෆ්ට්වෙයාර්ස් ආයේ","ඔයා අලුතෙන් laptop එකක් නැත්නම් PC එකක් build කරොත්, නැත්නම් තියෙන machine එකට අලුතෙන් OS දැම්මොත්, අපි හැමෝටම common ප්‍රශ්නයක් තියෙනවා. ඒක තමා අපිට අවශ්‍ය කරන softwares ආයේ"
Download (275).wav,"ආයේ එකින් එක ඩවුන්ලෝඩ් කරලා ඉන්ස්ටෝල් කරන වෙන එක. බට් ඩෝන්ට් වොරි මේකට මං ගාව සොලියුෂන් එකක් තියෙනවා, ඒ වගේම ඔයාලට ආරංචියකුත් තියෙනවා කියන්න. ඔයාලට කරන්න තියෙන්නේ ගූගල් එකට ගිහින් නයිනයිට් ඩොට් කොම් කියලා සර්ච් කරන එක","ආයේ එකින් එක download කරලා install කරන වෙන එක. But don't worry මේකට මං ගාව solution එකක් තියෙනවා, ඒ වගේම ඔයාලට ආරංචියකුත් තියෙනවා කියන්න. ඔයාලට කරන්න තියෙන්නේ Google එකට ගිහින් ninite.com කියලා search කරන එක"
Download (276).wav,සර්ච් කරලා පළවෙනි ලින්ක් එකට යන්න. මෙතන බැලුවොත් ඔයාට අත්‍යවශ්‍යම සොෆ්ට්වෙයාර්ස් ඔක්කොම ලිස්ට් කරලා තියෙනවා. මේකෙන් ඔයාට අවශ්‍යම එක සිලෙක්ට් කරලා පල්ලෙහා තියෙන ඩවුන්ලෝඩ් බට්න් එක ප්‍රෙස් කරන්න. ඊට පස්සේ ඒ,search කරලා පළවෙනි link එකට යන්න. මෙතන බැලුවොත් ඔයාට අත්‍යවශ්‍යම softwares ඔක්කොම list කරලා තියෙනවා. මේකෙන් ඔයාට අවශ්‍යම එක select කරලා පල්ලෙහා තියෙන download button එක press කරන්න. ඊට පස්සේ ඒ
Download (277).wav,"පස්සේ ඒවා ඔක්කොම එක ෆයිල් එකක් හැටියට ඩවුන්ලෝඩ් වෙනවා. ඊට පස්සේ ඔයාට ලේසියෙන්ම එක එක ඉන්ස්ටෝල් කරන්නේ නැතුව ඔක්කොම එක සැරේ ඉන්ස්ටෝල් කරගන්න පුළුවන්. ඊළඟට මං ඔයාලට තව දෙයක් කියන්න ඕනේ, අපි හැමෝම","පස්සේ ඒවා ඔක්කොම එක file එකක් හැටියට download වෙනවා. ඊට පස්සේ ඔයාට ලේසියෙන්ම එක එක install කරන්නේ නැතුව ඔක්කොම එක සැරේ install කරගන්න පුළුවන්. ඊළඟට මං ඔයාලට තව දෙයක් කියන්න ඕනේ, අපි හැමෝම"
Download (278).wav,හැමෝම දන්න සෙලෙක්ස් කම්පියුටර්ස් එයාලගේ අලුත් බ්‍රාන්ච් එක යූනිටි ප්ලාසා සෙකන්ඩ් ෆ්ලෝ එකේ ඕපන් කරනවා. මේ ඕපනින් එක වෙන්නේ සෙප්ටෙම්බර් 4 වෙන්ස්ඩේ. මේකෙ බැලුවොත් ඔයාට ගොඩක් ලැප්ටොප්ස් ඒ වගේම,හැමෝම දන්න Sell-X Computers එයාලගේ අලුත් branch එක Unity Plaza second floor එකේ open කරනවා. මේ opening එක වෙන්නේ September 4th Wednesday. මේකෙ බැලුවොත් ඔයාට ගොඩක් laptops ඒ වගේම
Download (279).wav,"ඒ වගේම ගේමින් කම්පෝනන්ට්ස් වගේ දේවල් පර්චේස් කරන්න පුළුවන්. ඕපනින් එක පටන් ගන්නේ 11 ඒ.එම් සෙප්ටෙම්බර් 4, ඩේට් එක මතක තියාගන්න. සෝ මාත් එනවා ඕපනින් එකට, අපි එදාට සෙට් වෙමු","ඒ වගේම gaming components වගේ දේවල් purchase කරන්න පුළුවන්. Opening එක පටන් ගන්නේ 11 AM September 4th, date එක මතක තියාගන්න. So මාත් එනවා opening එකට, අපි එදාට සෙට් වෙමු"
Download (281).wav,මේ මං ගාව තියෙන්නේ වෙනස් විදියේ සිකියුරිටි කැමරා එකක්. මේ තියෙන්නේ ඉස්විස් ලගේ එච් සෙවන් සී ඩුවෙල් කියන ස්මාර්ට්,මේ මං ගාව තියෙන්නේ වෙනස් විදියේ security camera එකක්. මේ තියෙන්නේ Ezviz ලගේ H7C dual කියන smart
Download (282).wav,"ස්මාර්ට් හෝම් කැමරා එකක්. සෝ බොක්ස් එක අන්බොක්ස් කරොත් ඔයාලට පවර් ඇඩප්ටර් එකක්, ඊට පස්සේ ඩ්‍රිලින් ටෙම්ප්ලේට්, ඒ වගේම වෝටර්ප්‍රූෆ් කිට්, ඒත් එක්කම පේපර්වර්ක්ස්","smart home camera එකක්. So box එක unbox කරොත් ඔයාලට power adapter එකක්, ඊට පස්සේ drilling template, ඒ වගේම waterproof kit, ඒත් එක්කම paperworks"
Download (283).wav,"පේපර්වර්ක්ස් බලාගන්න පුළුවන්. දැන් මේක ඔයාට කැමති ලොකේෂන් එකේ ෆිට් කරගන්න තියෙන්නේ. ඕකේ ගයිස්, මං ලයිෆ් එකේ ෆස්ට් ටයිම් ඩ්‍රිල් කරන්න යන්නේ","paperworks බලාගන්න පුළුවන්. දැන් මේක ඔයාට කැමති location එකේ fit කරගන්න තියෙන්නේ. OK guys, මං life එකේ first time drill කරන්න යන්නේ"
Download (284).wav,අපි බලමු,අපි බලමු
Download (285).wav,"මේකෙ ඔයාලට ඩුවෙල් ලෙන්ස් ටෙක්නොලොජි එකක් බලාගන්න පුළුවන්. මෙතන ඔයාලට මේ වගේ ෆික්ස් ලෙන්ස් එකක් බලාගන්න පුළුවන්, ඒ වගේම 360 ඩිග්‍රීස් රොටේටින් ලෙන්ස් එකක් බලාගන්න පුළුවන්. ඔය ලෙන්ස් දෙකෙන්ම","මේකෙ ඔයාලට dual lens technology එකක් බලාගන්න පුළුවන්. මෙතන ඔයාලට මේ වගේ fixed lens එකක් බලාගන්න පුළුවන්, ඒ වගේම 360 degrees rotating lens එකක් බලාගන්න පුළුවන්. ඔය lens දෙකෙන්ම"
Download (286).wav,"දෙකෙන්ම ටූ කේ රෙසලියුෂන් වලින් රෙකෝඩ් වෙන්නේ. මේ ලෙන්සස් දෙකම එකතුවෙලා එකට වැඩ කරනවා. එක්සාම්පල් එකක් විදිහට ෆික්ස් ලෙන්ස් එකේ මොකක්හරි මූව්මන්ට් එකක් එයා ඩිටෙක්ට් කරොත්, රොටේටින් ලෙන්ස් එක ඔටෝමැටික්","දෙකෙන්ම 2K resolution වලින් record වෙන්නේ. මේ lenses දෙකම එකතුවෙලා එකට වැඩ කරනවා. Example එකක් විදිහට fixed lens එකේ මොකක්හරි movement එකක් එයා detect කරොත්, rotating lens එක automatic"
Download (287).wav,"ඔටෝමැටිකලි ඒක ට්‍රැක් කරනවා. ඒ වගේම මේකෙ ඒ.අයි හියුමන් ඩිටෙක්ෂන් ෆීචර් එකත් අවේලබල්. සෝ හියුමන් කෙනෙක් මෙයා ඩිටෙක්ට් කරොත්, එයා ඔටෝමැටිකලි ඔයාගේ ෆෝන් එකට නොටිෆිකේෂන් එකක් එවනවා","automatically ඒක track කරනවා. ඒ වගේම මේකේ AI human detection feature එකත් available. So human කෙනෙක් මෙයා detect කරොත්, එයා automatically ඔයාගේ phone එකට notification එකක් එවනවා"
Download (288).wav,ඇන්ඩ් මේකෙ පෙට්‍රල් මූඩ්ස් දෙකක් බලාගන්න පුළුවන්. ඒ කියන්නෙ මෙයා ඔටෝමැටිකලි රූටින් එකක් සෙට් කරගෙන ඔයාගේ ගෙදර වටේ මොනිටර් කරනවා. කූල්ම පාර්ට් එක තමා මේකට ලෙන්සස් දෙකක් තියෙන නිසා,And මේකෙ patrol modes දෙකක් බලාගන්න පුළුවන්. ඒ කියන්නෙ මෙයා automatically routine එකක් set කරගෙන ඔයාගේ ගෙදර වටේ monitor කරනවා. Cool ම part එක තමා මේකට lenses දෙකක් තියෙන නිසා
Download (289).wav,"නිසා, මං ආසම ෆීචර් එකක් තියෙනවා, ඒක තමා ටැප් ටු ව්යු. ඔයාට මෙන්න මේ වගේ වයිඩ් ඇන්ගල් ව්යු එකක් බලාගෙන ඉන්නකොට ජස්ට් ටැප් කරන්න තියෙන්නේ, සෙකන්ඩරි කැමරා එකෙන් මේක ක්ලෝස් කරලා පෙන්නනවා. ඇන්ඩ් මේ ඩිවයිස්","නිසා, මං ආසම feature එකක් තියෙනවා, ඒක තමා tap to view. ඔයාට මෙන්න මේ වගේ wide angle view එකක් බලාගෙන ඉන්නකොට just tap කරන්න තියෙන්නේ, secondary camera එකෙන් මේක close කරලා පෙන්නනවා. And මේ device"
Download (290).wav,"මේ ඩිවයිස් එක කම්ප්ලීට්ලි ඉස්විස් ඇප් එක හරහා කන්ට්‍රෝල් කරගන්න පුළුවන්, අවේලබල් ඔන් ඇප් ස්ටෝර් ඇන්ඩ් ප්ලේ ස්ටෝර්. ඒ විතරක් නෙවෙයි මේකෙ ඔයාලට ස්මාර්ට් කලර් නයිට් විෂන් ඒ වගේම ටූ වේ","මේ device එක completely Ezviz app එක හරහා control කරගන්න පුළුවන්, available on App Store and Play Store. ඒ විතරක් නෙවෙයි මේකෙ ඔයාලට smart color night vision ඒ වගේම two way"
Download (291).wav,"ටූ වේ කෝලින් ෆීචර් එකත් බලාගන්න පුළුවන්. ඩිස්ක්ලෙයිමර්, මං මේ වීඩියෝ එකේ ෂෝකේස් කරලා තියෙන කැමරා එක ඉන්ඩෝ කැමරා එකක්, ඒ කියන්නේ මේක වෝටර්ප්‍රූෆ් නෙමෙයි, ඔයාට මේක තෙමෙන එන්වයර්මන්ට් එකේ යූස් කරන්න","two way calling feature එකත් බලාගන්න පුළුවන්. Disclaimer, මං මේ video එකේ showcase කරලා තියෙන camera එක indoor camera එකක්, ඒ කියන්නේ මේක waterproof නෙමෙයි, ඔයාට මේක තෙමෙන environment එකේ use කරන්න"
Download (292).wav,"යූස් කරන්න බෑ. ඔයාට අවුට්ඩෝ වලට ඩෙඩිකේටඩ් කැමරා එකක් ඕනේ නම්, ඔයාට පුළුවන් එයාලගේම එච් නයින් සී කියන කැමරා එක ට්‍රයි කරලා බලන්න. ඒක කම්ප්ලීට්ලි වෝටර් ඇන්ඩ් ඩස්ට් ප්‍රූෆ්","use කරන්න බෑ. ඔයාට outdoor වලට dedicated camera එකක් ඕනේ නම්, ඔයාට පුළුවන් එයාලගේම H9C කියන camera එක try කරලා බලන්න. ඒක completely water and dust proof"
Download (293).wav,"ඉස්විස් ලා දැන් ලංකාවට ඔෆිෂියලි අවේලබල්, සෝ එයාලව චෙක් කරලා බලන්න","Ezviz ලා දැන් ලංකාවට officially available, so එයාලව check කරලා බලන්න"
Download (295).wav,"හායි ගයිස්, චැට් ජීපීටී රිලීස් වෙන්න කලින් ගොඩක් කට්ටිය දැනන් හිටියේ නෑ මේ ඒ.අයි කියන දේ මොකක්ද කියලා. හැබැයි වැඩේ කියන්නේ ඊට කලින් ඉඳන්ම මේ ඒ.අයි කියන එක තිබ්බා. හැබැයි මේ චැට් ජීපීටී කියන එක රිලීස් වෙන ගමන් තමයි","Hi guys, Chat GPT release වෙන්න කලින් ගොඩක් කට්ටිය දැනන් හිටියේ නෑ මේ AI කියන දේ මොකක්ද කියලා. හැබැයි වැඩේ කියන්නේ ඊට කලින් ඉඳන්ම මේ AI කියන එක තිබ්බා. හැබැයි මේ Chat GPT කියන එක release වෙන ගමන් තමයි"
Download (296).wav,"වෙන ගමන් තමා මේ ඒ.අයි කියන කන්සෙප්ට් එක බ්ලෝ වුනේ. එතනින් පස්සේ ඒ.අයි අරක, ඒ.අයි මේක, මෙහා පැත්තේ බැලුවොත් ගූගල් ඒ කට්ටියගේ ෆෝන්ස් වලින් ඒ.අයි ඉම්ප්ලිමන්ට් කරනවා, මේ පැත්ත බැලුවොත් සැම්සුන්ග්","වෙන ගමන් තමා මේ AI කියන concept එක blow වුනේ. එතනින් පස්සේ AI අරක, AI මේක, මෙහා පැත්තේ බැලුවොත් Google ඒ කට්ටියගේ phones වලින් AI implement කරනවා, මේ පැත්ත බැලුවොත් Samsung"
Download (297).wav,"සැම්සුන්ග් ලා ඒ කට්ටියගේ ෆෝන්ස් වලින් ඒ.අයි ඉම්ප්ලිමන්ට් කරනවා, ඊළඟ අවුරුද්දෙ ඇපල් ලත් ආටිෆිෂල් ඉන්ටෙලිජන්ස් ඒ කට්ටියගේ ෆෝන් එකට ගේන්න යනවලු, කොහේ බැලුවොත් ඒ.අයි ඒ.අයි ඒ.අයි. ටෙක් කන්ටෙන්ට් ක්‍රියේටර් කෙනෙක් හැටියට","Samsung ලා ඒ කට්ටියගේ phones වලින් AI implement කරනවා, ඊළඟ අවුරුද්දෙ Apple ලත් artificial intelligence ඒ කට්ටියගේ phone එකට ගේන්න යනවලු, කොහේ බැලුවොත් AI AI AI. Tech content creator කෙනෙක් හැටියට"
Download (298).wav,කෙනෙක් හැටියට මම ස්ට්‍රෝන්ග්ලි බිලීව් කරන දෙයක් තමා ඒ.අයි විල් නෙවර් රිප්ලේස් හියුමන් බට් හියුමන් හූ යූස් ඒ.අයි විල් ෂුවර්ලි රිප්ලේස් හියුමන්. ඔයාලත් ඔයාලගේ බිස්නස් එකේ නැත්නම් ඔයාලගේ ජොබ් එකේ නැත්නම්,කෙනෙක් හැටියට මම strongly believe කරන දෙයක් තමා AI will never replace human but human who use AI will surely replace human. ඔයාලත් ඔයාලගේ business එකේ නැත්නම් ඔයාලගේ job එකේ නැත්නම්
Download (299).wav,ජොබ් එකේ නැත්නම් ඔයාලා කරන ඕනෑම වැඩකට මෙන්න මේ ඒ.අයි කියන එක පොඩ්ඩක් හරි ගාවගන්න බලන්න. බිකොස් ෆියුචර් එකේදි ඒක ගොඩක් යූස්ෆුල් වෙන්න ඉඩ තියෙනවා. එහෙම නැත්නම් ඔයාලත් ඉන්ඩස්ට්‍රි එකෙන් අවුට් වෙන්න යනවා හරියට නොකියා ෆෝන්,job එකේ නැත්නම් ඔයාලා කරන ඕනෑම වැඩකට මෙන්න මේ AI කියන එක පොඩ්ඩක් හරි ගාවගන්න බලන්න. Because future එකේදි ඒක ගොඩක් useful වෙන්න ඉඩ තියෙනවා. එහෙම නැත්නම් ඔයාලත් industry එකෙන් out වෙන්න යනවා හරියට Nokia phone
Download (300).wav,නොකියා ෆෝන් වගේ. මං ඔයාලට අද සුපිරි ඒ.අයි සයිට්ස් හතක් කියලා දෙන්නම් ඔයාලගේ ඩේ ටු ඩේ ලයිෆ් එකේ යූස් කරන්න පුළුවන් විදියට. සෝ මම කියන හැම වෙබ් සයිට් එකේම ලින්ක් ඔයාලට පල්ලෙහා ඩිස්ක්‍රිප්ෂන් එකේ බලාගන්න පුළුවන්,Nokia phone වගේ. මං ඔයාලට අද සුපිරි AI sites හතක් කියලා දෙන්නම් ඔයාලගේ day to day life එකේ use කරන්න පුළුවන් විදියට. So මම කියන හැම web site එකේම link ඔයාලට පල්ලෙහා description එකේ බලාගන්න පුළුවන්
Download (301).wav,පළවෙනි එක තමා ගූගල් බාර්ඩ්. මේක චැට්ජීපීටී එකට තරඟයක් විදිහට ගූගල් ලා රිලීස් කරපු ඒ.අයි. ටූල් එකක්. සෝ මේකේ ඩිෆරන්ස් වෙන්නේ කොතනද කියලා බැලුවොත් ගූගල් බාර්ඩ් එකට,පළවෙනි එක තමා Google Bard. මේක ChatGPT එකට තරඟයක් විදිහට Google ලා release කරපු AI tool එකක්. සෝ මේකේ difference වෙන්නේ කොතනද කියලා බැලුවොත් Google Bard එකට
Download (302).wav,"බාර්ඩ් එකට ඉන්ටර්නෙට් ඇක්සස් එක තියෙනවා. මේ බලන්න මම චැට්ජීපීටී එකෙන් අහනවා ""වට් ආ ද බෙස්ට් වැලියු ෆෝ මනි ස්මාර්ට් ෆෝන්ස් දැට් රිලීස්ඩ් ඉන් 2023""",Bard එකට Internet access එක තියෙනවා. මේ බලන්න මම ChatGPT එකෙන් අහනවා what are the best value for money smart phones that released in 2023
Download (303).wav,මේ බලන්න චැට්ජීපීටී මට ඒකට ආන්සර් එකක් දන්නේ නෑ බිකෝස් එයාගේ ඩේටා සෙට් එක අප්ඩේටඩ් නෑ. ඒකම මම ගූගල් එකෙන් ඇහුවොත් මේ බලන්න එයා මට කම්ප්ලීට්ලි පික්චර්ස් එක්කම ආන්සර්ස්,මේ බලන්න ChatGPT මට ඒකට answer එකක් දන්නේ නෑ because එයාගේ data set එක updated නෑ. ඒකම මම Google එකෙන් ඇහුවොත් මේ බලන්න එයා මට completely pictures එක්කම answers
Download (304).wav,ආන්සර්ස් අරන් දීලා තියෙනවා. වාව්! පික්සල් 8 උත් තියෙනවා. ඇත්තටම පික්සල් 8 හොඳ වැලියු ෆෝ මනි ෆෝන් එකක්. බාර්ඩ් එකට ඉන්ටර්නෙට් ඇක්සස් එක තියෙන නිසා ඔයාට පුළුවන් ඕනෑම ආටිකල් එකේ ලින්ක්,answers අරන් දීලා තියෙනවා. Wow! Pixel 8 උත් තියෙනවා. ඇත්තටම Pixel 8 හොඳ value for money phone එකක්. Bard එකට Internet access එක තියෙන නිසා ඔයාට පුළුවන් ඕනෑම article එකේ link
Download (305).wav,එකේ ලින්ක් එකක් කොපි කරලා අන්න ඒක සමරයිස් කරන්න කියන්න. හරියට මේ වගේ. සෝ මේකෙන් ඔයාගේ ටයිම් එක ගොඩක් සේව් කරගන්න පුළුවන්.ඒ විතරක් නෙවෙයි බාර්ඩ් කියන්නේ ගූගල් ලාගේ ප්‍රොඩක්ෂන් එකක් නිසා ඔයාට,එකේ link එකක් copy කරලා අන්න ඒක summarize කරන්න කියන්න. හරියට මේ වගේ. සෝ මේකෙන් ඔයාගේ time එක ගොඩක් save කරගන්න පුළුවන්. ඒ විතරක් නෙවෙයි Bard කියන්නේ Google ලාගේ production එකක් නිසා ඔයාට
Download (306).wav,ඔයාට පුළුවන් මේක ජීමේල් ඒ වගේම ගූගල් ඩොක්ස් වලට කෙලින්ම මේක ලින්ක් කරගන්න. ඒ වගේම බාර්ඩ් එකට ඔයාට පුළුවන් පික්චර් එකක් අප්ලෝඩ් කරලා ඉන්ස්ටග්‍රෑම් කැප්ෂන් එකක් වුණත් දෙන්න කියන්න,ඔයාට පුළුවන් මේක Gmail ඒ වගේම Google Docs වලට කෙලින්ම මේක link කරගන්න. ඒ වගේම Bard එකට ඔයාට පුළුවන් picture එකක් upload කරලා Instagram caption එකක් වුණත් දෙන්න කියන්න.
Download (307).wav,"මේක දැනට හියුමන් ඉමේජස් වලට වැඩ කරන්නේ නෑ, ඔයාට පුළුවන් අනිත් ඉමේජස් ට්‍රයි කරලා බලන්න.ඊළඟ සයිට් එක තමා බීටෝවන්, බීට් අවන්","මේක දැනට Human images වලට වැඩ කරන්නේ නෑ, ඔයාට පුළුවන් අනිත් images try කරලා බලන්න. ඊළඟ site එක තමා Beatoven. beat oven"
Download (308).wav,බීටෝවන්. මේක යූටියුබ් කන්ටෙන්ට් ක්‍රියේටර්ස් ලට හොඳ සයිට් එකක්. මීට පස්සේ ඔයාලට කොපිරයිට් ගැන වදයක් වෙන්න ඕනේ නෑ. ඔයාලට පුළුවන් ඒ.අයි. යූස් කරලා මියුසික් එකක් ජෙනරේට් කරලා ගන්න. මුලින්ම ඔයාලට කරන්න තියෙන්නේ බීටෝවන්,Beatoven. මේක YouTube content creators ලට හොඳ site එකක්. මීට පස්සේ ඔයාලට copyright ගැන වදයක් වෙන්න ඕනේ නෑ. ඔයාලට පුළුවන් AI use කරලා music එකක් generate කරලා ගන්න. මුලින්ම ඔයාලට කරන්න තියෙන්නේ Beatoven
Download (309).wav,"බීටෝවන් ඒ.අයි. කියලා ගූගල් එකේ සර්ච් කරලා එන පළවෙනි වෙබ්සයිට් එකට යන්න. ඊට පස්සේ එන පේජ් එකේ ඔයාට පුළුවන් ප්‍රොම්ප්ට් එකක් දෙන්න මොන වගේ මියුසික් එකක්ද ඔයාට ඕනේ කියලා. එක්සෑම්පල් එකක් විදියට මම දෙනවා ""ඩිවෙලොප්",Beatoven AI කියලා Google එකේ search කරලා එන පළවෙනි website එකට යන්න. ඊට පස්සේ එන page එකේ ඔයාට පුළුවන් prompt එකක් දෙන්න මොන වගේ music එකක්ද ඔයාට ඕනේ කියලා. Example එකක් විදියට මම දෙනවා Develop
Download (310).wav,"""ඩිවෙලොප් අ හයි එනර්ජි ඉලෙක්ට්‍රොනික් ඩාන්ස් මියුසික් ඇන්තම් පර්ෆෙක්ට් ෆෝ අ ක්ලබ් ඕ අ ෆෙස්ටිවල් ඇට්මොස්ෆියර්"". ඊට පස්සේ මෙන්න මෙතන තියෙන ග්‍රීන් කලර් කොම්පෝස් ට්‍රැක් කියන බටන් එක ප්‍රෙස් කරන්න",Develop a high energy electronic dance music anthem perfect for a club or a festival atmosphere. ඊට පස්සේ මෙන්න මෙතන තියෙන green color Compose Track කියන button එක press කරන්න.
Download (311).wav,"ස් කරන්න තියෙන්නේ. ඊට පස්සේ ටික වෙලාවකින් පස්සේ ඔයාලට මෙන්න මේ වගේ ඕඩියෝ එඩිට් එකක් බලාගන්න පුළුවන්, මෙතනින් පුළුවන් ඔයාගේ සින්දුව අහන්න එතන අඩු වැඩි කරගන්න පුළුවන් ෆ්‍රීකුවෙන්සීස් ඇජස්ට් කරගන්න පුළුවන්","ස් කරන්න තියෙන්නේ. ඊට පස්සේ ටික වෙලාවකින් පස්සේ ඔයාලට මෙන්න මේ වගේ audio edit එකක් බලාගන්න පුළුවන්, මෙතනින් පුළුවන් ඔයාගේ සින්දුව අහන්න එතන අඩු වැඩි කරගන්න පුළුවන් frequencies adjust කරගන්න පුළුවන්"
Download (312).wav,"ඒ වගේම මෙන්න මේ රයිට් සයිඩ් කෝනර් එකේ බැලුවොත් එයා ඕල්ටර්නේට් ට්‍රැක්ස් දීලා තියෙනවා අපි අහපු ප්‍රොම්ප්ට් එකට අනුව. සෝ මෙතනින් ඔයාට කැමති විදිහට ඇජස්ට්මන්ට්ස් කරගන්න පුළුවන් ලයික් ඉන්ස්ට්ර්මන්ට්, ජෙන්රේ, ඒ වගේම ටෙම්පෝ එක","ඒ වගේම මෙන්න මේ right side corner එකේ බැලුවොත් එයා alternate tracks දීලා තියෙනවා අපි අහපු prompt එකට අනුව. So මෙතනින් ඔයාට කැමති විදිහට adjustments කරගන්න පුළුවන් like instrument, genre, ඒ වගේම tempo එක"
Download (313).wav,"ටෙම්පෝ එක, බේස්, මෙලඩි ඕනෙ දෙයක් මෙතනින් ඇජස්ට් කරලා ඩවුන්ලෝඩ් බටන් එක ක්ලික් කරන්න තියෙන්නේ.සෝ මේකේ තියෙන එකම ඩවුන්සයිඩ් එක මේකේ ට්‍රැක් එක ඩවුන්ලෝඩ් කරන්න ඕනේ නම් ඔයාලට ගානක් පේ කරන්න ඕනේ. එහෙම නැත්නම් ඔයාලට පුළුවන්","tempo එක, bass, melody ඕනෙ දෙයක් මෙතනින් adjust කරලා download button එක click කරන්න තියෙන්නේ.So මේකේ තියෙන එකම downside එක මේකේ track එක download කරන්න ඕනේ නම් ඔයාලට ගානක් pay කරන්න ඕනේ. එහෙම නැත්නම් ඔයාලට පුළුවන්"
Download (314).wav,ඔයාලට පුළුවන් ස්ක්‍රීන් රෙකෝඩර් එකක් වගේ යූස් කරලා මෙන්න මේකේ ඕඩියෝ එක රෙකෝඩ් කරගන්න. මේක ඔයාලට යූටියුබ් එකට අප්ලෝඩ් කරන්න පුළුවන් කිසිම කොපිරයිට් ඉෂූ එකක් නැතුව. හැබැයි මේක ඔයාලා කමර්ෂල් පර්පසස් වලට යූස් කරනවා නම් මෙයාලගෙන්,ඔයාලට පුළුවන් screen recorder එකක් වගේ use කරලා මෙන්න මේකේ audio එක record කරගන්න. මේක ඔයාලට YouTube එකට upload කරන්න පුළුවන් කිසිම copyright issue එකක් නැතුව. හැබැයි මේක ඔයාලා commercial purposes වලට use කරනවා නම් මෙයාලගෙන්
Download (315).wav,මෙයාලගෙන් ලයිසන්ස් අරගන්න ඕනේ.තුන්වෙනි වෙබ්සයිට් එක තමා ෆ්ලෙයාර් ඩොට් ඒ.අයි. සෝ මේ බලන්න මේ තියෙනවා මගේ ෆෝන් එකෙන් ගත්තු ඔරිජිනල් ඉමේජ් එක. දැන් මේ තියෙන්නේ මම ඒ.අයි. යූස් කරගෙන එඩිට් කරපු පෝස්ට් එක. සෝ මේක කරන්න,මෙයාලගෙන් license අරගන්න ඕනේ.තුන්වෙනි website එක තමා flair.ai. So මේ බලන්න මේ තියෙනවා මගේ phone එකෙන් ගත්තු original image එක. දැන් මේ තියෙන්නේ මම AI use කරගෙන edit කරපු post එක. So මේක කරන්න
Download (316).wav,මේක කරන්න හරිම ලේසියි. ඔයාලට කරන්න තියෙන්නේ ෆ්ලෙයාර් ඩොට් ඒ.අයි. කියන වෙබ්සයිට් එකට ගිහින්  ක්‍රියේට් නිව් ප්‍රොජෙක්ට් ක්ලික් කරලා ඔයාගේ ෆොටෝ එක මෙන්න මෙතන අප්ලෝඩ් කරන්න. ඊට පස්සේ පල්ලෙහා මේ වගේ ගොඩක් ස්ටයිල්ස් සජෙස්ට් කරනවා. මෙතනින් ඔයා,මේක කරන්න හරිම ලේසියි. ඔයාලට කරන්න තියෙන්නේ flair.ai කියන website එකට ගිහින් create new project click කරලා ඔයාගේ photo එක මෙන්න මෙතන upload කරන්න. ඊට පස්සේ පල්ලෙහා මේ වගේ ගොඩක් styles suggest කරනවා. මෙතනින් ඔයා
Download (317).wav,මෙතනින් ඔයා කැමති ටෙම්ප්ලේට් එක සිලෙක්ට් කරලා ඕකේ ක්ලික් කරන්න. ඊට පස්සේ තත්පර කීපයක් ඇතුලත ඒ.අයි. එකෙන් මෙන්න මේ වගේ ලස්සන පෝස්ටර් ඩිසයින් එකක් ජෙනරේට් කරලා දෙනවා. සෝ මේක ගොඩක් යූස්ෆුල් ඔයා ග්‍රැෆික් ඩිසයිනර් නැත්නම්,මෙතනින් ඔයා කැමති template එක select කරලා OK click කරන්න. ඊට පස්සේ තත්පර කීපයක් ඇතුලත AI එකෙන් මෙන්න මේ වගේ ලස්සන poster design එකක් generate කරලා දෙනවා. So මේක ගොඩක් useful ඔයා graphic designer නැත්නම්
Download (318).wav,ඩිසයිනර් නැත්නම් ෆ්‍රීලාන්සර් කෙනෙක් නම්. මේ සයිට් එකත් බුක්මාර්ක් කරලා තියාගන්න මේකත් මාරම යූස්ෆුල් සයිට් එකක්.තුන්වෙනි එක තමා රන්වේ ඩොට් එම්.එල්. ඔයා ඕල්රෙඩි මේ සයිට් එක ගැන අහලත් ඇති. මේක බේසික්ලි වීඩියෝ එඩිටින්ග් සයිට් එකක්,designer නැත්නම් freelancer කෙනෙක් නම්. මේ site එකත් bookmark කරලා තියාගන්න මේකත් මාරම useful site එකක්.තුන්වෙනි එක තමා runway.ml. ඔයා already මේ site එක ගැන අහලත් ඇති. මේක basically video editing site එකක්.
Download (319).wav,"සයිට් එකක්. ඔයා අහලා ඇති ෆොටෝස් වල අපිට ඔබ්ජෙක්ට්ස් ඉරේස් කරන්න පුළුවන් කියලා, හැබැයි ඔයා දැනන් හිටියද දැන් වීඩියෝස් වලත් ඔබ්ජෙක්ට්ස් ඉරේස් කරන්න පුළුවන්. ඔයාලට කරන්න තියෙන්නේ ලෙෆ්ට් හෑන්ඩ් සයිඩ් එකේ වීඩියෝස් කියන යටතේ එඩිට්","site එකක්. ඔයා අහලා ඇති photos වල අපිට objects erase කරන්න පුළුවන් කියලා, හැබැයි ඔයා දැනන් හිටියද දැන් videos වලත් objects erase කරන්න පුළුවන්. ඔයාලට කරන්න තියෙන්නේ left hand side එකේ videos කියන යටතේ edit"
Download (320).wav,"යටතේ එඩිට් වීඩියෝස් කියලා ඔප්ෂන් එකක් තියෙනවා අන්න ඒක ක්ලික් කරන්න. සෝ මෙතන බැලුවොත් ඔයාට ගොඩක් දේවල් කරගන්න පුළුවන් ලයික් ග්‍රීන් ස්ක්‍රීන් රිමූව් කරන්න, ඒ වගේම බැක්ග්‍රවුන්ඩ්ස් චේන්ජ් කරන්න පුළුවන් වගේ දේවල්. සෝ මෙතන මේ ඉන්පේන්ටින්ග්","යටතේ edit videos කියලා option එකක් තියෙනවා අන්න ඒක click කරන්න. So මෙතන බැලුවොත් ඔයාට ගොඩක් දේවල් කරගන්න පුළුවන් like green screen remove කරන්න, ඒ වගේම backgrounds change කරන්න පුළුවන් වගේ දේවල්. So මෙතන මේ inpainting"
Download (321).wav,"ඉන්පේන්ටින්ග් ඔප්ෂන් එකට ගිහින් ඔයාට පුළුවන් වීඩියෝස් වල තියෙන ඔබ්ජෙක්ට්ස් රිමූව් කරන්න. එක්සෑම්පල් එකක් විදිහට මට පුළුවන් මෙන්න මෙතන තියෙන රොබෝව රිමූව් කරන්න. සෝ වීඩියෝ එඩිටර් කෙනෙක් මේක බලාගෙන ඉන්නවා නම් එයාට කියන්න පුළුවන් ""මේ මොනවද බ්‍රෝ මට මේක",Inpainting option එකට ගිහින් ඔයාට පුළුවන් videos වල තියෙන objects remove කරන්න. Example එකක් විදිහට මට පුළුවන් මෙන්න මෙතන තියෙන robotව remove කරන්න. So video editor කෙනෙක් මේක බලාගෙන ඉන්නවා නම් එයාට කියන්න පුළුවන් මේ මොනවද බ්‍රෝ මට මේක
Download (322).wav,"බ්‍රෝ මට මේක මාස්කින්ග් ටූල් එක යූස් කරලම කරන්න පුළුවන්නේ"" කියලා. යා බට් එහෙම පුළුවන්, බට් මේ ටූල් එක යූස් කරලා ඕනෑම කෙනෙක්ට මේක රිමූව් කරගන්න පුළුවන් කිසිම එඩිටින්ග් නොලෙජ් එකක් නැතුවම. සෝ මේ වෙබ්සයිට් එකේ ඩවුන්සයිඩ් එක මොකක්ද කියලා","බ්‍රෝ මට මේක masking tool එක use කරලම කරන්න පුළුවන්නේ කියලා. Yeah but එහෙම පුළුවන්, but මේ tool එක use කරලා ඕනෑම කෙනෙක්ට මේක remove කරගන්න පුළුවන් කිසිම editing knowledge එකක් නැතුවම. So මේ website එකේ downside එක මොකක්ද කියලා"
Download (323).wav,"මොකක්ද කියලා බැලුවොත්, ෆ්‍රී වර්ෂන් එකේ ඔයාලට ත්රි ප්‍රොජෙක්ට්ස් වෙනකන් තමයි කරන්න පුළුවන්. ඔයා තව ප්‍රොජෙක්ට් එකක් ගන්නවා නම් පරණ එක ඩිලීට් කරන්න වෙනවා. ඔයාලා දන්නවනේ කරන්න ඕනේ දේ.පස්වෙනි එක තමයි ඔයාට ගොඩක් යූස්ෆුල්ම වෙන සයිට් එක.","මොකක්ද කියලා බැලුවොත්, free version එකේ ඔයාලට three projects වෙනකන් තමයි කරන්න පුළුවන්. ඔයා තව project එකක් ගන්නවා නම් පරණ එක delete කරන්න වෙනවා. ඔයාලා දන්නවනේ කරන්න ඕනේ දේ.පස්වෙනි එක තමයි ඔයාට ගොඩක් usefulම වෙන site එක."
Download (324).wav,මේක ඇවිල්ලා ටෝම් ඩොට් ඇප්. මම ඒක ස්පෙල් කරන හැටි මම දන්නේ නැහැ.,මේක ඇවිල්ලා tome.app. මම ඒක spell කරන හැටි මම දන්නේ නැහැ
Download (325).wav,ඒක ටුමේ හරි ටුමෝ,ඒක tume හරි tumo
Download (326).wav, මොකක්හරි එකක් එහෙම තමයි වෙන්නේ. මේ වෙබ්සයිට් එකට පුළුවන් ඔයාලට ෆුල් ප්‍රෙසන්ටේෂන් එකක්ම කරන්න ඔයාගේ ප්‍රොම්ප්ට් එක විතරක් යූස් කරගෙන. ඔයාගේ ප්‍රෙසන්ටේෂන් එකට සෙට් වෙන ටෙම්ප්ලේට් එකක්,මොකක්හරි එකක් එහෙම තමයි වෙන්නේ. මේ website එකට පුළුවන් ඔයාලට full presentation එකක්ම කරන්න ඔයාගේ prompt එක විතරක් use කරගෙන. ඔයාගේ presentation එකට set වෙන template එකක්
Download (327).wav,ටෙම්ප්ලේට් එකක් සිලෙක්ට් කරගන්න. එක්සෑම්පල් එකක් විදිහට මම මෙන්න මේක සිලෙක්ට් කරනවා. ඕකේ ඊට පස්සේ ඔයා කැමති ටෙම්ප්ලේට් එක මේ වගේ සිලෙක්ට් කරාට පස්සේ ඔයාට පුළුවන්,template එකක් select කරගන්න. Example එකක් විදිහට මම මෙන්න මේක select කරනවා. OK ඊට පස්සේ ඔයා කැමති template එක මේ වගේ select කරාට පස්සේ ඔයාට පුළුවන්
Download (328).wav,"ප්‍රොම්ප්ට් එකක් දෙන්න. එක්සෑම්පල් එකක් විදිහට මම ටයිප් කරනවා ""අයි නීඩ් අ ප්‍රෙසන්ටේෂන් අබවුට් කැරැක්ටර්ස් ඔන් මනි හයිස්ට් ටී.වී. සීරීස්"". ඊට පස්සේ මට ජස්ට් කීබෝඩ් එකේ එන්ටර් බටන් එක ක්ලික්","prompt එකක් දෙන්න. Example එකක් විදිහට මම type කරනවා ""I need a presentation about characters on Money Heist TV series"". ඊට පස්සේ මට just keyboard එකේ enter button එක click"
Download (329).wav,"බටන් එක ක්ලික් කරන්න තියෙන්නේ.සෝ මෙතන බැලුවොත් එයා ""කැරැක්ටර්ස් ඔෆ් මනි හයිස්ට්"" කියලා දාලා ඒකේ තියෙන කැරැක්ටර්ස් වල නම් දීලා තියෙනවා ලයික් ද ප්‍රොෆෙසර්, ටෝකියෝ, බර්ලින්, නයිරෝබි කියලා","button එක click කරන්න තියෙන්නේ. So මෙතන බැලුවොත් එයා characters of Money Heist කියලා දාලා ඒකේ තියෙන characters වල නම් දීලා තියෙනවා like The Professor, Tokyo, Berlin, Nairobi කියලා."
Download (330).wav,"ඊට පස්සේ මට මෙතන කරන්න තියෙන්නේ ""ජෙනරේට් ඕල් පේජස්"" කියන එක ක්ලික් කරන්න. සෝ බේසික්ලි මේකේ මොනවද වෙන්නේ කියලා බැලුවොත්, එයා චැට්ජීපීටී එකෙන් කන්ටෙක්ස්ට් අරගන්නවා. ඇන්ඩ් මේකට අවශ්‍ය කරන ඉමේජස් ජෙනරේට් කරන්න එයා","ඊට පස්සේ මට මෙතන කරන්න තියෙන්නේ generate all pages කියන එක click කරන්න. So basically මේකේ මොනවද වෙන්නේ කියලා බැලුවොත්, එයා ChatGPT එකෙන් context අරගන්නවා. And මේකට අවශ්‍ය කරන images generate කරන්න එයා"
Download (331).wav,"එයා ඩැල්-ඊ 3 යූස් කරගන්නවා. සෝ මේ දෙකම කොම්බයින් කරලා අපිට ලස්සන ප්‍රෙසන්ටේෂන් එකක් ජෙනරේට් කරලා දෙනවා. සෝ මේ බලන්න එයා අපිට ස්ලයිඩ්ස් ජෙනරේට් කරලා දීලා තියෙනවා ලස්සන විදිහට කැරැක්ටර්ස් ඔෆ් මනි හයිස්ට්,",එයා DALL-E 3 use කරගන්නවා. So මේ දෙකම combine කරලා අපිට ලස්සන presentation එකක් generate කරලා දෙනවා. So මේ බලන්න එයා අපිට slides generate කරලා දීලා තියෙනවා ලස්සන විදිහට characters of money heist
Download (332).wav,"ටෝකියෝ එයාගේ බැක්ග්‍රවුන්ඩ් එක, පර්සනැලිටි එක, රෝල් ඉන් මනි හයිස්ට් එතන තව අපිට එඩිට් කරන්න පුළුවන්, මට කරන්න තියෙන්නේ කන්ට්‍රෝල් ඇන්ඩ් කේ ප්‍රෙස් කරන්න. සෝ මට පුළුවන් මෙතන ඉමේජස් දාන්න කියලා එයාට ප්‍රොම්ප්ට් එකක්","Tokyo එයාගේ background එක, personality එක, role in money heist එතන තව අපිට edit කරන්න පුළුවන්, මට කරන්න තියෙන්නේ control and K press කරන්න. So මට පුළුවන් මෙතන images දාන්න කියලා එයාට prompt එකක්"
Download (333).wav,"ප්‍රොම්ප්ට් එකක් දෙන්න. සෝ එයා ජෙනරේට් කරලා දෙනවා අවශ්‍ය කරන ඉමේජස්. ඔයාට පුළුවන් ඒක යූස් කරන්න, නැත්නම් ඔයාට පුළුවන් ඔයාගේ ඕන් ඉමේජස් වුණත් මේකට යූස් කරන්න. සෝ මේක මාරම යූස්ෆුල් සයිට් එකක්, අනිවාර්යයෙන්","prompt එකක් දෙන්න. So එයා generate කරලා දෙනවා අවශ්‍ය කරන images. ඔයාට පුළුවන් ඒක use කරන්න, නැත්නම් ඔයාට පුළුවන් ඔයාගේ own images උනත් මේකට use කරන්න. So මේක මාරම useful site එකක්, අනිවාර්යයෙන්"
Download (334).wav,අනිවාර්යයෙන් මේක ට්‍රයි එකක් දීලා බලන්න. ඒ වගේම මේකේ ඩවුන්සයිඩ් එක බැලුවොත් මේක ඔයාලට ජෙනරේට් කරන්න පුළුවන් ප්‍රෙසන්ටේෂන්ස් ගාන ලිමිටඩ්. ඔයාට ඊට වැඩියෙන් ජෙනරේට් කරන්න ඕනේ නම් ඔයාට යම්කිසි මුදලක්,අනිවාර්යයෙන් මේක try එකක් දීලා බලන්න. ඒ වගේම මේකේ downside එක බැලුවොත් මේක ඔයාලට generate කරන්න පුළුවන් presentations ගාන limited. ඔයාට ඊට වැඩියෙන් generate කරන්න ඕනේ නම් ඔයාට යම්කිසි මුදලක්
Download (335).wav,"මුදලක් මේකට ගෙවන්න ඕනේ.හයවෙනි වෙබ්සයිට් එක තමා ලියොනාඩෝ ඩොට් ඒ.අයි. සෝ මේකත් ඔයා ඕල්රෙඩි අහලා තියෙන වෙබ්සයිට් එකක් තියෙනවා, හැබැයි ඒකේ අලුත් ෆීචර් එකක් ඇවිල්ලා තියෙනවා. සෝ ඒ කට්ටියගේ වෙබ්සයිට් එකට ගියපු ගමන් ඔයාට පුළුවන්","මුදලක් මේකට ගෙවන්න ඕනේ. හයවෙනි website එක තමා Leonardo.AI. So මේකත් ඔයා already අහලා තියෙන website එකක් තියෙනවා, හැබැයි ඒකේ අලුත් feature එකක් ඇවිල්ලා තියෙනවා. So ඒ කට්ටියගේ website එකට ගියපු ගමන් ඔයාට පුළුවන්"
Download (336).wav,"ඔයාට පුළුවන් මෙන්න මේ ලෝන්ච් ඇප් කියන එකක් තියෙනවා, අන්න ඒක ක්ලික් කරන්න. ඊට පස්සේ මේ ලෙෆ්ට් සයිඩ් කෝනර් එකේ ඔයාලට පුළුවන් රියල් ටයිම් කැන්වස් කියලා එකක් තියෙනවා අන්න ඒක ක්ලික් කරන්න. සෝ ඔයාට පුළුවන් මේ පේන්ට් බ්‍රෂ් එක ඕපන් කරලා","ඔයාට පුළුවන් මෙන්න මේ launch app කියන එකක් තියෙනවා, අන්න ඒක click කරන්න. ඊට පස්සේ මේ left side corner එකේ ඔයාලට පුළුවන් real time canvas කියලා එකක් තියෙනවා අන්න ඒක click කරන්න. So ඔයාට පුළුවන් මේ paint brush එක open කරලා"
Download (337).wav,ඕපන් කරලා ඔයා කැමති පික්චර් එකක් මේ වගේ ඩ්‍රෝ කරන්න. සෝ ඔයා මේක ඩ්‍රෝ කරන එක එහා පැත්තේ රියල් ටයිම් ඔයාලට ජෙනරේට් කරලා දෙනවා. ඔයාගේ ඩ්‍රොයින්ග් එක කොච්චර කැත වුණත් අවුලක් නැහැ,"open කරලා ඔයා කැමති picture එකක් මේ වගේ draw කරන්න. So ඔයා මේක draw කරන එක එහා පැත්තේ real time ඔයාලට generate කරලා දෙනවා. ඔයාගේ drawing එක කොච්චර කැත වුනත් අවුලක් නැහැ,"
Download (338).wav,"එයා එහා පැත්තේ ලස්සන ඉමේජ් එකක් ජෙනරේට් කරලා දෙනවා ඔයා ඩ්‍රෝ කරන එක අනුව. සෝ මේක මාරම ඉන්ටරෙස්ටින්ග් ටූල් එකක්, ඔයා මේක කොච්චර කරත් බෝරින්ග් වෙන්නේ නැහැ. සෝ මෙතන මගේ ඩ්‍රොයින්ග් එක නම් එච්චර","එයා එහා පැත්තේ ලස්සන image එකක් generate කරලා දෙනවා ඔයා draw කරන එක අනුව. So මේක මාරම interesting tool එකක්, ඔයා මේක කොච්චර කරත් boring වෙන්නේ නැහැ. So මෙතන මගේ drawing එක නම් එච්චර"
Download (339).wav,"ලස්සන නැහැ, ඔයාගේ ක්‍රියේටිවිටි මයින්ඩ් එක යූස් කරලා ඔයා අලුත් අලුත් දේවල් මේකෙන් ට්‍රයි කරලා බලන්න.","ලස්සන නැහැ, ඔයාගේ creativity mind එක use කරලා ඔයා අලුත් අලුත් දේවල් මේකෙන් try කරලා බලන්න"
Download (340).wav,සෝ අනිවාර්යයෙන් මෙන්න මේ සයිට් එකත් ඔයාගේ බුක්මාර්ක් එකේ ඇඩ් කරගන්න.ඇන්ඩ් ලාස්ට් සයිට් එක තමා හේජෙන්,So අනිවාර්යයෙන් මෙන්න මේ site එකත් ඔයාගේ bookmark එකේ add කරගන්න. And last site එක තමා HeyGen.
Download (341).wav,"මේ වෙබ්සයිට් එකත් මාරම යූස්ෆුල් වෙබ්සයිට් එකක්. සෝ ඔයාලට කරන්න තියෙන්නේ හේජෙන් කියලා ටයිප් කරලා, ෆස්ට් ලින්ක් එක ක්ලික් කරලා ඇකවුන්ට් එකක් හදාගෙන, එන්න ඒ වෙබ්සයිට් එකට එන්ටර් වෙන්න","මේ website එකත් මාරම useful website එකක්. So ඔයාලට කරන්න තියෙන්නේ HeyGen කියලා type කරලා, first link එක click කරලා account එකක් හදාගෙන, එන්න ඒ website එකට enter වෙන්න."
Download (342).wav,"මේ වෙබ්සයිට් එකට පුළුවන් ඔයා කතා කරන වීඩියෝස්, ඔයා අවශ්‍ය කරන ලැන්වේජ් එකට ට්‍රාන්ස්ලේට් කරලා දෙන්න. ""ලෙට්ස් සේ යූ වෝන්ට් ටු ට්‍රාන්ස්ලේට් ෆ්‍රොම් ඉංග්ලිෂ් ටු ෆ්‍රෙන්ච්. දිස් ඒ.අයි. සිස්ටම් විල්","මේ website එකට පුළුවන් ඔයා කතා කරන videos, ඔයා අවශ්‍ය කරන language එකට translate කරලා දෙන්න. Let’s say you want to translate from English to French. This AI system will"
Download (343).wav,සිස්ටම් විල් ට්‍රාන්ස්ලේට් යුවර් ඉංග්ලිෂ් ටු ෆ්‍රෙන්ච්. සෝ වී විල් චේන්ජ් ටු ද පර්ටිකියුලර් ලැන්වේජ්,system will translate your English to French. So we'll change to the particular language
Download (344).wav,සෝ මේ සයිට් එකේ බැලුවොත් ඔයාට අවශ්‍ය කරන ෆේමස් ලැන්වේජස් ගොඩක් බලාගන්න පුළුවන්. හැබැයි වැඩේ කියන්නේ මේකේ ලංකාවේ කතා කරන සිංහල ඇන්ඩ් ටැමිල් වගේ ලැන්වේජස් දැනට අපිට බලාගන්න බැහැ,So මේ site එකේ බැලුවොත් ඔයාට අවශ්‍ය කරන famous languages ගොඩක් බලාගන්න පුළුවන්. හැබැයි වැඩේ කියන්නේ මේකේ ලංකාවේ කතා කරන සිංහල and tamil වගේ languages දැනට අපිට බලාගන්න බැහැ.
Download (345).wav,"සෝ මේ වෙබ්සයිට් එකට දාලා ඔයාට අවශ්‍ය කරන ලැන්වේජ් එක ට්‍රාන්ස්ලේට් කරගන්න ඕනේ නම්, ඔයාට ඒක ඉංග්ලිෂ් වලින්ම කතා කරන්න වෙනවා. ඔයා සිංහල නැත්නම් ටැමිල් වලින් කතා කරපු වීඩියෝස් මෙයාට","So මේ website එකට දාලා ඔයාට අවශ්‍ය කරන language එක translate කරගන්න ඕනේ නම්, ඔයාට ඒක English වලින්ම කතා කරන්න වෙනවා. ඔයා සිංහල නැත්නම් tamil වලින් කතා කරපු videos මෙයාට"
Download (346).wav,මෙයාට අන්ඩර්ස්ටෑන්ඩ් කරගන්න බැහැ ඒක ට්‍රාන්ස්ලේට් කරන්න. ඒ නිසා ඔයාට ඉංග්ලිෂ් වලින්ම කතා කරන්න වෙනවා. ඒත් එක්ක මෙයා ට්‍රාන්ස්ලේට් කරන වීඩියෝස් වල ලිප් මූව්මන්ට් හිටන් අර ලැන්වේජ් එකටම සින්ක් වෙලා තියෙනවා,මෙයාට understand කරගන්න බැහැ ඒක translate කරන්න. ඒ නිසා ඔයාට English වලින්ම කතා කරන්න වෙනවා. ඒත් එක්ක මෙයා translate කරන videos වල lip movement හිටන් අර language එකටම sync වෙලා තියෙනවා.
Download (347).wav,"සෝ මේකේ මාරම යූස්ෆුල් සයිට් එකක්, දැන්ම ට්‍රයි එකක් දීලා බලන්න.ඕකේ ගයිස්, අපි වීඩියෝ එකේ අන්තිමට ඇවිල්ලා තියෙන්නේ. මං හිතනවා මේ වීඩියෝ එක ඔයාලට පට්ට යූස්ෆුල් වෙන්න ඇති කියලා. එහෙම යූස්ෆුල් නම් මේ වීඩියෝ","So මේක මාරම useful site එකක්, දැන්ම try එකක් දීලා බලන්න.Okay guys, අපි video එකේ අන්තිමට ඇවිල්ලා තියෙන්නේ. මං හිතනවා මේ video එක ඔයාලට පට්ට useful වෙන්න ඇති කියලා. එහෙම useful නම් මේ video"
Download (348).wav,මේ වීඩියෝ එක ලයික් කරලා ඔයාගේ ෆ්‍රෙන්ඩ්ස් ලටත් ශෙයාර් කරන්න. සෝ මං කරපු පරණ වීඩියෝස් බලන්න ඕනේ නම් මෙන්න මෙතන ක්ලික් කරන්න. මේ වගේ තවත් යූස්ෆුල් වීඩියෝ එකකින් මං ඔයාලව ආයෙත් හමුවෙන්නම්. අන්ටිල් දෙන්,මේ video එක like කරලා ඔයාගේ friends ලටත් share කරන්න. So මං කරපු පරණ videos බලන්න ඕනේ නම් මෙන්න මෙතන click කරන්න. මේ වගේ තවත් useful video එකකින් මං ඔයාලව ආයෙත් හමුවෙන්නම්. Until then
Download (350).wav,"හයි එව්රිවන්, අද හැමෝම රික්වෙස්ට් කරපු වීඩියෝ එක මං අරන් ඇවිල්ලා තියෙන්නේ. ඒක තමා ""ද බෙස්ට් ලැප්ටොප් ෆෝ ස්ටුඩන්ට්ස්"". සෝ මං අද අරන් ආපු ලැප්ටොප් එක තමා ලෙනොවෝ අයිඩියාපෑඩ් ස්ලිම් 5 කියන ලැප්ටොප් එක.","Hi everyone, අද හැමෝම request කරපු video එක මං අරන් ඇවිල්ලා තියෙන්නේ. ඒක තමා The best laptop for students. So මං අද අරන් ආපු laptop එක තමා Lenovo IdeaPad Slim 5 කියන laptop එක."
Download (351).wav,ඇත්තටම මේක හොඳ ලැප්ටොප් එකක්ද? මං මේක පර්සනලි රිසර්ච් කරලා අරන් ආපු ලැප්ටොප් එකක්. මේ වීඩියෝ එකේ ඔයා ලැප්ටොප් එකක් ගන්නකොට මොනවද කන්සිඩර් කරන්න ඕනේ කියලා මං ඔයාලට ස්ටෙප් බයි ස්ටෙප් කියලා දෙන්නම්. සෝ වීඩියෝ එක අන්තිම වෙනකම් බලන්න.,ඇත්තටම මේක හොඳ laptop එකක්ද? මං මේක personally research කරලා අරන් ආපු laptop එකක්. මේ video එකේ ඔයා laptop එකක් ගන්නකොට මොනවද consider කරන්න ඕනේ කියලා මං ඔයාලට step by step කියලා දෙන්නම්. So video එක අන්තිම වෙනකම් බලන්න
Download (352).wav,"වෙනකම් බලන්න. ඒ විතරක් නෙවෙයි, මං මේ ලැප්ටොප් එක අරන් ගේම් ගහලා, ඒකත් එක්ක ප්‍රොඩක්ටිවිටි ටාස්ක්ස් කරලා, තව මේකට ස්ට්‍රෙස් කරලා, බෙංච්මාර්ක් ටෙස්ට් කරලා, ඒකෙන් ආපු රිසල්ට්ස් ඔක්කොම අරගෙන තමා ඔයාලට මෙන්න මේ වීඩියෝ එක කරන්නේ.","වෙනකම් බලන්න. ඒ විතරක් නෙවෙයි, මං මේ laptop එක අරන් game ගහලා, ඒකත් එක්ක productivity tasks කරලා, තව මේකට stress කරලා, benchmark test කරලා, ඒකෙන් ආපු results ඔක්කොම අරගෙන තමා ඔයාලට මෙන්න මේ video එක කරන්නේ."
Download (353).wav,"කරන්නේ.සෝ මේ වීඩියෝ එකේ මං ඔයාලට අන්බොක්සිං පාර්ට් එක කරන්නේ නැහැ, බිකෝස් ඒක ඔයාලට හැමතැනම සේම් විදිහට තමා බලාගන්න පුළුවන්. බොක්ස් එකේ ඔයාලට පේපර්වර්ක්ස්, චාජර්, ඒ වගේම ලැප්ටොප් එක බලාගන්න පුළුවන්. මේ ලැප්ටොප් එකේ ඔයාලට 65","කරන්නේ.So මේ video එකේ මං ඔයාලට unboxing part එක කරන්නේ නැහැ, because ඒක ඔයාලට හැමතැනම same විදිහට තමා බලාගන්න පුළුවන්. box එකේ ඔයාලට paperworks, charger, ඒ වගේම laptop එක බලාගන්න පුළුවන්. මේ laptop එකේ ඔයාලට 65"
Download (354).wav,"65 වොට් ටයිප්-සී චාජර් එකක් හම්බවෙනවා. ඔයාලා අනිත් යූටියුබ් චැනල්ස් බැලුවොත්, එයාලා වොට් 65 චාජර් එකක් අරගෙන එයාලා ඒක කියනවා ""ලොකුවට ඕක මේකේ වොට් 65 චාජර් එකක් තියෙනවා"" කියලා. බට් ලැප්ටොප් එකකට 65 වොට්  චාජර් එකක් කියන්නේ","65 watt Type-C charger එකක් හම්බවෙනවා. ඔයාලා අනිත් YouTube channels බැලුවොත්, එයාලා 65 watt charger එකක් අරගෙන එයාලා ඒක කියනවා ""ලොකුවට ඕක මේකේ 65 watt charger එකක් තියෙනවා"" කියලා. But laptop එකට 65 watt charger එකක් කියන්නේ"
Download (355).wav,"චාජර් එකක් කියන්නේ ලොකු දෙයක් නෙවෙයි, ඒක ජස්ට් නෝමල් චාජර් එකක් වගේ.මුලින්ම මේ ලැප්ටොප් එකේ අන්ඩර්ස්ටෑන්ඩිං එකක් ගන්න, අපි මේකේ කී ස්පෙක්ස් ටික බලලා ඉමු. මේ ලැප්ටොප් එකට හම්බවෙනවා රයිසන් 7 5000 සීරීස් යූ ප්‍රොසෙසර් එකක්.","charger එකක් කියන්නේ ලොකු දෙයක් නෙවෙයි, ඒක just normal charger එකක් වගේ.මුලින්ම මේ laptop එකේ understanding එකක් ගන්න, අපි මේකේ key specs ටික බලලා ඉමු. මේ laptop එකට හම්බවෙනවා Ryzen 7 5000 series U processor එකක්."
Download (356).wav,"එකක්. සෝ 5000 සීරීස් කියන්නේ ඔයාලා දන්නවා ඇති, ඉන්ටෙල් 11 ජෙන් එකට සමානයි. ඒත් එක්කම ඔයාලට 16ජීබී රෑම් එකක් හම්බවෙනවා. ඔයාලට රෑම් එක එතනින් එහාට අප්ග්‍රේඩ් කරන්න බැහැ, ඒක ස්ලොටඩ්. සෝ ඔයාලා නෝටිස් කරන්න ඕනේ දේ","So 5000 series කියන්නේ ඔයාලා දන්නවා ඇති, Intel 11 gen එකට සමානයි. ඒත් එක්කම ඔයාලට 16GB RAM එකක් හම්බවෙනවා. ඔයාලට RAM එක එතනින් එහාට upgrade කරන්න බැහැ, ඒක slotted. So ඔයාලා notice කරන්න ඕනේ දේ"
Download (357).wav,"කරන්න ඕනේ දේ තමා, මේකේ තියෙන ඉන්ටග්‍රේටඩ් ග්‍රැෆික්ස් කාඩ් එක එයාලා දෙකට බෙදලා, ඩෙඩිකේටඩ් ජීපීයූ කියලා 2ජීබී එකකුත්, තව ශෙයාර්ඩ් ජීපීයූ කියලා 7ජීබී එකකුත් දීලා තියෙනවා. ඇන්ඩ් මේකේ ඉන්ටීරියර් එක බැලුවොත්, ඔයාලට මේ වගේ ලොකු","කරන්න ඕනේ දේ තමා, මේකේ තියෙන integrated graphics card එක එයාලා දෙකට බෙදලා, dedicated GPU කියලා 2GB එකකුත්, තව shared GPU කියලා 7GB එකකුත් දීලා තියෙනවා. And මේකේ interior එක බැලුවොත්, ඔයාලට මේ වගේ ලොකු"
Download (358).wav,"මේ වගේ ලොකු ෆෑන් එකකුත්, හීට් පයිප්ස් දෙකකුත් බලාගන්න පුළුවන්. ඒත් එක්කම නෝටිස් කරන්න ඕනේ දේ තමා, මේකේ තියෙන එස්එස්ඩී එක ජෙන් 4. ඒ වගේම මේ ලැප්ටොප් එකට වයි-ෆයි 6 හම්බවෙනවා. ඒත් එක්කම 16ජීබී","මේ වගේ ලොකු fan එකකුත්, heat pipes දෙකකුත් බලාගන්න පුළුවන්. ඒත් එක්කම notice කරන්න ඕනේ දේ තමා, මේකේ තියෙන SSD එක Gen 4. ඒ වගේම මේ laptop එකට Wi-Fi 6 හම්බවෙනවා. ඒත් එක්කම 16GB"
Download (359).wav,"ජීබී එල්පීඩීඩීආර් 5 රෑම් එකක් හම්බවෙනවා.ඊළඟට අපි මේකේ බැටරි එක ගැන බැලුවොත්, බිකෝස් ස්ටුඩන්ට් කෙනෙක් ලැප්ටොප් එකක් ගන්නකොට අනිවාර්යයෙන් ඒකේ බැටරි එක ගොඩක් ඉම්පෝටන්ට්, මේකේ තියෙන්නේ 76 වොට්-අවර් බැටරි එකක්.","GB LPDDR5 RAM එකක් හම්බවෙනවා.ඊළඟට අපි මේකේ battery එක ගැන බැලුවොත්, because student කෙනෙක් laptop එකක් ගන්නකොට අනිවාර්යයෙන් ඒකේ battery එක ගොඩක් important, මේකේ තියෙන්නේ 76 watt-hour battery එකක්."
Download (360).wav,"ඒක ගොඩක් හොඳයි, බිකෝස් මේ ප්‍රයිස් රේන්ජ් එකේ එන අනිත් ලැප්ටොප්ස් වල අපිට බලාගන්න පුළුවන් වෙන්නේ 60 වොට්-අවර්  වගේ බැටරි එකක්. ඊළඟට මේ ලැප්ටොප් එකේ ඉම්පෝටන්ට්ම පාර්ට් එක තමා මේකේ බිල්ඩ් කොලිටි එක. මේක ලෙනොවෝ එකෙන්","ඒක ගොඩක් හොඳයි, because මේ price range එකේ එන අනිත් laptops වල අපිට බලාගන්න පුළුවන් වෙන්නේ 60 watt-hour වගේ battery එකක්. ඊළඟට මේ laptop එකේ important ම part එක තමා මේකේ build quality එක. මේක Lenovo එකෙන්"
Download (361).wav,"ලෙනොවෝ එකෙන් මේ මිලිටරි-ග්‍රේඩ් සර්ටිෆයි කරලා තියෙන්නේ. ඇත්තටම බැලුවොත් මේකේ හොඳ බිල්ඩ් කොලිටි එකක් තියෙනවා. මේකේ මෙටල්-ලයික් බොඩි එකක් තියෙනවා. ඒ කිව්වේ ඇත්තටම මෙටල් නෙවෙයි, මෙයාලා මේකට පොලිකාබනෙට් වගේ මැටීරියල් එකක් යූස් කරලා තියෙනවා.","Lenovo එකෙන් මේ military-grade certify කරලා තියෙන්නේ. ඇත්තටම බැලුවොත් මේකේ හොඳ build quality එකක් තියෙනවා. මේකේ metal-like body එකක් තියෙනවා. ඒ කිව්වේ ඇත්තටම metal නෙවෙයි, මෙයාලා මේකට polycarbonate වගේ material එකක් use කරලා තියෙනවා."
Download (362).wav,"කරලා තියෙනවා. ඒක මාර හාඩ් ඇන්ඩ් මාර ඩියුරබල්. ඒ විතරක් නෙවෙයි, මේ ලැප්ටොප් එකේ ඔයාලට ෆින්ගර්ප්‍රින්ට් සෙන්සර් එකකුත් හම්බවෙනවා. සෝ ඩිසයින්-වයිස් බැලුවොත් මේක මාර කොම්පැක්ට්, හොඳ බිල්ඩ් කොලිටි එකක් තියෙනවා, ෆින්ගර්","කරලා තියෙනවා. ඒක මාර hard ඇන්ඩ් මාර durable. ඒ විතරක් නෙවෙයි, මේ laptop එකේ ඔයාලට fingerprint sensor එකකුත් හම්බවෙනවා. So design-wise බැලුවොත් මේක මාර compact, හොඳ build quality එකක් තියෙනවා, finger"
Download (363).wav,"ෆින්ගර්ප්‍රින්ට් සෙන්සර් එක හොඳයි, ස්පෙක්ස් ත් හොඳයි, ඕවර්ඕල් බැලුවොත් මේක ස්ටුඩන්ට් කෙනෙක්ට ගැලපෙනම ලැප්ටොප් එකක්.සෝ රිවීව් මාස්ටර් අපි එතනින්ම වීඩියෝ එක ඉවර කරන්නේ නැහැ, අපි මේකේ ඉන්-ඩෙප්ත් ගිහින් ෆුල් ඩීටේල්ස් ඔක්කොම ඩිස්කස් කරනවා.","fingerprint sensor එක හොඳයි, specs ත් හොඳයි, overall බැලුවොත් මේක student කෙනෙක්ට ගැලපෙනම laptop එකක්.So Review Master අපි එතනින්ම video එක ඉවර කරන්නේ නැහැ, අපි මේකේ in-depth ගිහින් full details ඔක්කොම discuss කරනවා"
Download (364).wav,"ඩිස්කස් කරනවා. සෝ ඊට කලින් පොඩි ඉන්ට්‍රොඩක්ෂන් එකක් දෙන්නම්. අයි ඈම් ඇල්ෆා, යූ ආ වොචින්ග් රිවීව් මාස්ටර්. චැනල් එක සබ්ස්ක්‍රයිබ් කරලා නැත්නම් දැන්ම සබ්ස්ක්‍රයිබ් කරලා එහා පැත්තේ තියෙන බෙල් අයිකන් එක ක්ලික් කරන්න. එතකොට අපි වීඩියෝ එකක් දැම්මොත් ක්ෂණිකව ඔයාලට නොටි","discuss කරනවා. So ඊට කලින් පොඩි introduction එකක් දෙන්නම්. I am Alpha, you are watching Review Master. channel එක subscribe කරලා නැත්නම් දැන්ම subscribe කරලා එහා පැත්තේ තියෙන bell icon එක click කරන්න. එතකොට අපි video එකක් දැම්මොත් ක්ෂණිකව ඔයාලට noti"
Download (365).wav,ඔයාලට නොටිෆිකේෂන් එකක් එනවා.සෝ මෙතනින් එහාට තමා අපි ඉම්පෝටන්ට්ම පාර්ට් එක ඩිස්කස් කරන්න යන්නේ. ඔයාලා ටෙක් රිවීව් එකක් බලන්න හේතුව තමා මේකේ තියෙන ස්පෙක්ස් ගැන දැනගන්න නෙවෙයි. ඒ ඔයාලට ස්පෙක් ෂීට් එක කියවපු ගමන් බලාගන්න පුළුවන්. ඔයාලා මෙත,ඔයාලට notification එකක් එනවා.So මෙතනින් එහාට තමා අපි important ම part එක discuss කරන්න යන්නේ. ඔයාලා tech review එකක් බලන්න හේතුව තමා මේකේ තියෙන specs ගැන දැනගන්න නෙවෙයි. ඒ ඔයාලට spec sheet එක කියවපු ගමන් බලාගන්න පුළුවන්. ඔයාලා මෙත
Download (366).wav,ඔයාලා මෙතනට එන්නේ යූසර් එක්ස්පීරියන්ස් එක ගැන දැනගන්න. මේකේ යූසර් එක්ස්පීරියන්ස් ගැන කතා කරොත් මුලින්ම ස්ටුඩන්ට් කෙනෙක්ට හොඳටම ඕනේ බැටරි එක. සෝ මේකේ බැටරි ලයිෆ් එකම ගොඩක්ම හොඳයි. ඔයාලට වයි-ෆයි කනෙක්ෂන් එකක් තිබ්බහම ඇති ඔයාලට ඕනෑම,ඔයාලා මෙතනට එන්නේ user experience එක ගැන දැනගන්න. මේකේ user experience ගැන කතා කරොත් මුලින්ම student කෙනෙක්ට හොඳටම ඕනේ battery එක. So මේකේ battery life එකම ගොඩක්ම හොඳයි. ඔයාලට Wi-Fi connection එකක් තිබ්බහම ඇති ඔයාලට
Download (367).wav,"ඕනෑම තැනක ඉඳලා වැඩ කරන්න පුළුවන්. ඔයාලට ඩෙස්ක් එකේ ඇසයින්මන්ට්ස් කරන්න පුළුවන්, බෝරින්ග් හිතුණොත් සෝෆා එකට යන්න පුළුවන්, තවත් බෝරින්ග් හිතුණොත් ඔයාලට ඇඳේ වුණත් ගිහින් ඇසයින්මන්ට්ස් එහෙම කරගන්න පුළුවන්. ඒ විතරක් නෙවෙයි ඔයාලට ක්‍රෝම් ටැබ්ස් ගොඩක් ඕපන් කර","ඕනෑම තැනක ඉඳලා වැඩ කරන්න පුළුවන්.ඔයාලට desk එකේ assignments කරන්න පුළුවන්, boring හිතුනොත් sofa එකට යන්න පුළුවන්, තවත් boring හිතුනොත් ඔයාලට ඇඳේ වුනත් ගිහින් assignments එහෙම කරගන්න පුළුවන්. ඒ විතරක් නෙවෙයි ඔයාලට chrome tabs ගොඩක් open කර"
Download (368).wav,"ඕපන් කරගෙන චැට්ජීපීටී, එහා පැත්තේ යූටියුබ්, ඕනෙ දෙයක් ඕපන් කරගෙන මල්ටිටාස්කින්ග් වගේ දේවල් මේකෙන් ලේසියෙන්ම කරන්න පුළුවන්. සෝ ඔයාලට මේ ලැප්ටොප් එක යූස් කරගෙන කෝඩින්ග්, ඒ වගේම බේසික් ඇප් ඩිවෙලොප්මන්ට්,","open කරගෙන ChatGPT, එහා පැත්තේ YouTube, ඕනෙ දෙයක් open කරගෙන multitasking වගේ දේවල් මේකෙන් ලේසියෙන්ම කරන්න පුළුවන්.So ඔයාලට මේ laptop එක use කරගෙන coding, ඒ වගේම basic app development,"
Download (369).wav,"ඩිවෙලොප්මන්ට්, ගේම්ස් ඩිවෙලොප්මන්ට් වගේ දේවල් ස්ටඩි කරන්න පුළුවන්. ඒ වගේම ඔයාලට පොඩි ගේම් එකක්, ඒ වගේම ඇප් එකක් වගේ මේකෙන් ඩිවෙලොප් කරගන්න පුළුවන්. හැබැයි ඔයාලට කොම්ප්ලෙක්ස් ලොකු ප්‍රොජෙක්ට්ස් මේකෙන් කරන්න බැහැ. ඇත්තත් කියන්න එපැයි. ඊළඟට මං","development, games development වගේ දේවල් study කරන්න පුළුවන්. ඒ වගේම ඔයාලට පොඩි game එකක්, ඒ වගේම app එකක් වගේ මේකෙන් develop කරගන්න පුළුවන්. හැබැයි ඔයාලට complex ලොකු projects මේකෙන් කරන්න බැහැ. ඇත්තත් කියන්න එපැයි.ඊළඟට මං"
Download (370).wav,"ඊළඟට මං දැක්කම ලොකුම නෙගටිව් එක තමා මේකේ ඊතර්නෙට් පෝර්ට් එකක් නැහැ. සෝ මං ගියපු යුනිවර්සිටීස් වල එහෙම ලොකු ලෙක්චර් හෝල් එකක් තියෙනවා, ඒකේ වයි-ෆයි තිබ්බට හැමෝම ලැප්ටොප්ස් අරගෙන වයි-ෆයි යූස් කරන්න ගත්ත ගමන් එතකොට ඉන්ටර්නෙට් ස්ලෝ වෙනවා.","ඊළඟට මං දැක්කම ලොකුම negative එක තමා මේකේ ethernet port එකක් නැහැ. So මං ගියපු universities වල එහෙම ලොකු lecture hall එකක් තියෙනවා, ඒකේ Wi-Fi තිබ්බට හැමෝම laptops අරගෙන Wi-Fi use කරන්න ගත්ත ගමන් එතකොට internet slow වෙනවා"
Download (371).wav,"ඉන්ටර්නෙට් ස්ලෝ වෙනවා. මං දැකලා තියෙන සමහර යුනිවර්සිටීස් වල ඔයාලට හැම ඩෙස්ක් එකටම ඊතර්නෙට් පෝර්ට් එකක් බලාගන්න පුළුවන්. සෝ වැඩේ කියන්නේ ඔයාලට එහෙම තිබ්බත් ඔයාලට යූස් කරන්න බැහැ, බිකෝස් මේකට ඊතර්නෙට් පෝර්ට් එකක් නැහැ. හැබැයි ඔයාලට ඩරාස්,","internet slow වෙනවා. මං දැකලා තියෙන සමහර universities වල ඔයාලට හැම desk එකටම ethernet port එකක් බලාගන්න පුළුවන්. So වැඩේ කියන්නේ ඔයාලට එහෙම තිබ්බත් ඔයාලට use කරන්න බැහැ, because මේකට ethernet port එකක් නැහැ. හැබැයි ඔයාලට Daraz"
Download (372).wav,"ඔයාලට ඩරාස්, අලිඑක්ස්ප්‍රෙස් වගේ සයිට් එකකින් ඔයාලට පුළුවන් ඊතර්නෙට් ඇඩැප්ටර් එකක් අරගෙන ප්ලග් කරගන්න.ඊළඟට අපි බලමු ඩිස්ප්ලේ එක. මේකට 15.7 ඉන්ච් අයි.පී.එස්. ලෙවල් ඩිස්ප්ලේ එකක් තියෙනවා. සෝ ඒ ඩිස්ප්ලේ එක ගොඩක්","ඔයාලට Daraz, AliExpress වගේ site එකකින් ඔයාලට පුළුවන් ethernet adapter එකක් අරගෙන plug කරගන්න.ඊළඟට අපි බලමු display එක. මේකට 15.7 inch IPS level display එකක් තියෙනවා. So ඒ display එක ගොඩක්"
Download (373).wav,ගොඩක් හොඳයි අර එල්.ඊ.ඩී. බැක්ලයිට්ස් වලට වඩා. සෝ ඔයාලට බෝරින්ග් හිතුණොත් මූවීස් වගේ දේවලුත් මේකෙන් හොඳට බලාගන්න පුළුවන්.ගොඩක් ස්ටුඩන්ට්ස්ලා මේ ලැප්ටොප්ස් එහෙම ගන්නේ ඇසයින්මන්ට්ස් වගේ දේවල් කරන්න. සෝ ඇසයින්මන්ට් කරනකොට ගොඩක්ම,ගොඩක් හොඳයි අර LED backlights වලට වඩා. So ඔයාලට boring හිතුනොත් movies වගේ දේවලුත් මේකෙන් හොඳට බලාගන්න පුළුවන්. ගොඩක් students ලා මේ laptops එහෙම ගන්නේ assignments වගේ දේවල් කරන්න. So assignment කරනකොට ගොඩක්ම
Download (374).wav,"ගොඩක්ම වැදගත් වෙන්නේ මේ එල්.ඊ.ඩී. බැක්ලිට් කියන ෆීචර් එක. සෝ මන් දන්නවා ඔයාලා රෑ එක, දෙක වෙනකන් ඇසයින්මන්ට්ස් එහෙම කරනවා, එතකොට මේ එල්.ඊ.ඩී. බැක්ලිට් කියන ෆීචර් එක හොඳටම වටිනවා. නැත්නම් ඔයා කරුවලේ කීස් හොය හොයා ඉන්න වෙනවා. සෝ","ගොඩක්ම වැදගත් වෙන්නේ මේ LED backlit කියන feature එක. So මන් දන්නවා ඔයාලා රෑ එක, දෙක වෙනකන් assignments එහෙම කරනවා, එතකොට මේ LED backlit කියන feature එක හොඳටම වටිනවා. නැත්නම් ඔයා කරුවලේ keys හොය හොයා ඉන්න වෙනවා.So"
Download (375).wav,"සෝ ස්ටුඩන්ට් කෙනෙක් මෙන්න මේ වගේ ලැප්ටොප් එකක් අරගෙන ලොකු හාඩ්වෙයාර් ඉන්ටෙන්සිව් ටාස්ක්ස් සාමාන්‍යයෙන් කරන්නේ නැහැ. බට් අපි රිවීව් මාස්ටර්ස්ලා, අපි අනිත් ටෙක් චැනල්ස් වල වගේ නෙවෙයි, පොඩ්ඩක් ඩිෆරන්ට්. සෝ අපි මේ ලැප්ටොප් එක උපරිම එක්ස්ටෙන්ට් එකට අරන් ගිහින් ටෙස්ට්","So student කෙනෙක් මෙන්න මේ වගේ laptop එකක් අරගෙන ලොකු hardware intensive tasks සාමාන්‍යයෙන් කරන්නේ නැහැ. But අපි Review Masters ලා, අපි අනිත් tech channels වල වගේ නෙවෙයි, පොඩ්ඩක් different. So අපි මේ laptop එක උපරිම extent එකට අරන් ගිහින් test"
Download (376).wav,ටෙස්ට් කරලා තියෙනවා. මුලින්ම මම මේකේ බැටරි ලයිෆ් එක ටෙස්ට් කරා. සෝ මුලින්ම මම මේක බෙංච්මාර්ක් කරකර බැටරි ලයිෆ් එක ටෙස්ට් කරපු ගමන් මට 4 අවර්ස්  වගේ හම්බවුණා. ඒ වගේම මේක නෝමල් මෝඩ් එකේ යූස් කරොත් ඔයාලට 6 අවර්ස්  වගේ හම්බවෙනවා,ටෙස්ට් කරලා තියෙනවා. මුලින්ම මම මේකේ බැටරි ලයිෆ් එක ටෙස්ට් කරා. So මුලින්ම මම මේක benchmark කරකර බැටරි ලයිෆ් එක ටෙස්ට් කරපු ගමන් මට 4 hours වගේ හම්බවුණා. ඒ වගේම මේක normal mode එකේ use කරොත් ඔයාලට 6 hours වගේ හම්බවෙනවා.
Download (377).wav,ඒත් එක්කම ඔයාලා මේක ස්ලීප් මෝඩ් එකේ යූස් කරොත් ඔයාලට  8 අවර්ස්  වගේ හම්බවෙනවා. සෝ මේ බැටරි ලයිෆ් ෆීචර් එක නම් මාරම ඉම්පෝර්ටන්ට්. බිකෝස් ස්ටුඩන්ට් කෙනෙක්ට බැටරි ලයිෆ් කියන එක ගොඩක්ම ඉම්පෝර්ටන්ට්. බිකෝස් මං එක්ස්පීරියන්ස් කරලා තියෙනවා සමහර,ඒත් එක්කම ඔයාලා මේක sleep mode එකේ use කරොත් ඔයාලට 8 hours වගේ හම්බවෙනවා. So මේ බැටරි ලයිෆ් feature එක නම් මාරම ඉම්පෝර්ටන්ට්. Because student කෙනෙක්ට බැටරි ලයිෆ් කියන එක ගොඩක්ම ඉම්පෝර්ටන්ට්. Because මං experience කරලා තියෙනවා සමහර
Download (378).wav,"සමහර ක්ලාස්රූම් වල සොකට්ස් වත් නැහැ, එහෙම තිබ්බත් එකක් දෙකක් තමා තියෙන්නේ. හැමෝම ගෙනල්ලා අන්න එතනමයි චාර්ජ් කරන්නේ.සෝ අන්න ඒ වගේ වෙලාවල් වලට ඔයාලට මෙන්න මේ ලැප්ටොප් එක සුපිරියටම වටිනවා. ඔයාලා","සමහර classroom වල sockets වත් නැහැ, එහෙම තිබ්බත් එකක් දෙකක් තමා තියෙන්නේ. හැමෝම ගෙනල්ලා අන්න එතනමයි චාර්ජ් කරන්නේ.So අන්න ඒ වගේ වෙලාවල් වලට ඔයාලට මෙන්න මේ laptop එක සුපිරියටම වටිනවා. ඔයාලා"
Download (379).wav,ඔයාලා ගෙදරම මේක ෆුල් චාර්ජ් කරගෙන ගියපුහම ඇති ඔයාලගේ කොලේජ් එකේ නැත්නම් යුනිවර්සිටි එකේ දවසක්ම යූස් කරන්න පුළුවන්. ඒ වගේම මේකේ චාර්ජින්ග් ස්පීඩ් එක වුණත් බැලුවොත් ඔයාලට පැයකින් 80% වගේ චාර්ජ් කරගන්න පුළුවන්. ඊළඟට,ඔයාලා ගෙදරම මේක ෆුල් චාර්ජ් කරගෙන ගියපුහම ඇති ඔයාලගේ කොලේජ් එකේ නැත්නම් යුනිවර්සිටි එකේ දවසක්ම use කරන්න පුළුවන්. ඒ වගේම මේකේ charging speed එක බැලුවොත් ඔයාලට පැයකින් 80% වගේ චාර්ජ් කරගන්න පුළුවන්. ඊළඟට
Download (380).wav,ඊළඟට අපි බලමු මේකේ ප්‍රොඩක්ටිවිටි ටාස්ක්ස්. සෝ ඔයාලටත් ඉන්ස්ටග්‍රෑම් ඉන්ෆ්ලුවෙන්සර් කෙනෙක් වෙන්න ඕන නම් ඔයාලටත් පුළුවන් එහෙ මෙහෙ ගිහින් පොඩි ව්ලොග්ස් ටිකක් අරන් මෙන්න මේ ලැප්ටොප් එක යූස් කරගෙන ඒව එඩිට් කරන්න. ඔයාලට පුළුවන් ජස්ට් කැප්කට් වගේ සොෆ්ට්වෙයාර්,ඊළඟට අපි බලමු මේකේ productivity tasks. So ඔයාලටත් Instagram influencer කෙනෙක් වෙන්න ඕන නම් ඔයාලටත් පුළුවන් එහෙ මෙහෙ ගිහින් පොඩි vlogs ටිකක් අරන් මෙන්න මේ laptop එක use කරගෙන ඒව edit කරන්න. ඔයාලට පුළුවන් just CapCut වගේ software
Download (381).wav,"සොෆ්ට්වෙයාර් එකක් දාලා සුපිරියටම ඒවා එඩිට් කරගන්න. හැබැයි ඔයාලට බැහැ මෙන්න මේ අපි කරනවා වගේ ලොකු ලොකු එඩිට්ස් මෙන්න මේ ලැප්ටොප් එකෙන් කරන්න. බොරු කියන්න ඕනේ නෑනේ, මම මේක ජස්ට් කටින්ග් කිව්වට හරියන්නේ නෑනේ. මම මේක ටෙස්ට් කරා.","software එකක් දාලා සුපිරියටම ඒවා edit කරගන්න. හැබැයි ඔයාලට බැහැ මෙන්න මේ අපි කරනවා වගේ ලොකු ලොකු edits මෙන්න මේ laptop එකෙන් කරන්න. බොරු කියන්න ඕනේ නෑනේ, මම මේක just cutting කිව්වට හරියන්නේ නෑනේ. මම මේක ටෙස්ට් කරා."
Download (382).wav,ටෙස්ට් කරා.මම ප්‍රීමියර් ප්‍රෝ මේකට ඉන්ස්ටෝල් කරලා රිවීව් මාස්ටර් අපේ ෆයිල් එකම මේකට දැම්මා. මන් දාපු ෆයිල් එක කැමරාවෙන් ෂූට් කරපු එකක් විත් 4කේ රෙසලූෂන්. එහෙම එඩිට්ස් නැතුව ජස්ට් කට් එක විතරක් අරන් මම,ටෙස්ට් කරා.මම Premiere Pro මේකට install කරලා Review Master අපේ file එකම මේකට දැම්මා. මන් දාපු file එක කැමරාවෙන් shoot කරපු එකක් with 4K resolution. එහෙම edits නැතුව just cut එක විතරක් අරන් මම
Download (383).wav,"අරන් මම මේක රෙන්ඩර් කරා. මම මේක මෝෂන් ඒ වගේම ටෙක්ස්ට් ඉෆෙක්ට්ස් මොනවත් දාන්නැතුව ජස්ට් ටයිම්ලයින් එක විතරයි රෙන්ඩර් කරේ. මට මේක රෙන්ඩර් කරගන්න පුළුවන් වුණා 6.45  මිනිට්ස් වලින්. සෝ මම මේක හිතුවට වැඩිය පර්ෆෝම් කරා,","අරන් මම මේක render කරා. මම මේක motion ඒ වගේම text effects මොනවත් දාන්නැතුව just timeline එක විතරයි render කරේ. මට මේක render කරගන්න පුළුවන් වුණා 6.45 minutes වලින්. So මම මේක හිතුවට වැඩිය perform කරා,"
Download (384).wav,"කරා, බිකෝස් මේකේ අර තියෙන ග්‍රැෆික්ස් කාඩ් එකේ ඩෙඩිකේටඩ් 2ජීබී ග්‍රැෆික්ස් එකක් තිබ්බ නිසා. ඔයාලට ප්‍රීමියර් ප්‍රෝ යූස් කරලත් පොඩි පොඩි ෂෝර්ට් වීඩියෝස් එහෙම එඩිට් කරගන්න පුළුවන් ටික්ටොක් වගේ ඒවා දාන්න.සෝ ඊළඟට මම මේකේ ගේමින්","කරා, because මේකේ අර තියෙන graphics card එකේ dedicated 2GB graphics එකක් තිබ්බ නිසා. ඔයාලට Premiere Pro use කරලත් පොඩි පොඩි short videos එහෙම edit කරගන්න පුළුවන් TikTok වගේ ඒවා දාන්න. So ඊළඟට මම මේකේ gaming"
Download (385).wav,"ගේමින් පර්ෆෝමන්ස් එකත් චෙක් කරා. ඔෆ් කෝස් මේ ලැප්ටොප්ස් ගන්න කට්ටිය වැඩිය ගේම්ස් ගහන්නේ නෑ, බට් එනිවේ මම ඒකත් චෙක් කරලා බැලුවා. බිකෝස් ස්ටුඩන්ට් වුණා නම් හැමවෙලේම ඉගෙනගෙන ඉන්න හොඳ නෑ, ඉඳලා හිටලා ගේම්ස් ත් ගහන්න ඕනේ. එතකොට තමා නොලෙජ් එක ඩිවෙලොප් වෙන්නේ","gaming performance එකත් චෙක් කරා. Of course මේ laptops ගන්න කට්ටිය වැඩිය games ගහන්නේ නෑ, but anyway මම ඒකත් චෙක් කරලා බැලුවා. Because student වුණා නම් හැමවෙලේම ඉගෙනගෙන ඉන්න හොඳ නෑ, ඉඳලා හිටලා games ත් ගහන්න ඕනේ. එතකොට තමා knowledge එක develop වෙන්නේ"
Download (386).wav,"සෝ මම මේක ට්‍රයි කරන්න බැලුවේ හැමෝම කැමති ද ලෙජන්ඩරි ජී.ටී.ඒ. 5. බට් මොකක් හරි ටෙක්නිකල් ඉෂූ එකක් මත මන් ගාව තිබ්බ ෆයිල් එක මෙන්න මේ ලැප්ටොප් එකට වැඩ කරේ නැහැ. ඒක ලැප්ටොප් එකේ ප්‍රශ්නයක් නෙවෙයි, මගේ","So මම මේක try කරන්න බැලුවේ හැමෝම කැමති the legendary GTA V. But මොකක් හරි technical issue එකක් මත මන් ගාව තිබ්බ file එක මෙන්න මේ laptop එකට වැඩ කරේ නැහැ. ඒක laptop එකේ ප්‍රශ්නයක් නෙවෙයි, මගේ"
Download (387).wav,"මගේ ෆයිල් එකේ තිබ්බ ප්‍රශ්නයක්. සෝ ඒ නිසා මම මේකට ෆා ක්‍රයි 4 දාලා සෙල්ලම් කරා. සෝ මට ලෝ සෙටින්ග්ස් වලින් මේකේ 30 ටු 37 එෆ්.පී.එස්. වගේ ගන්න පුළුවන් වුණා.සෝ ඒක මාරම ඉම්ප්‍රෙසිව්, බිකෝස් මේකට ඩෙඩිකේටඩ් ග්‍රැෆික්ස් කාඩ් එකක්","මගේ file එකේ තිබ්බ ප්‍රශ්නයක්. So ඒ නිසා මම මේකට Far Cry 4 දාලා සෙල්ලම් කරා. So මට low settings වලින් මේකේ 30 to 37 FPS වගේ ගන්න පුළුවන් වුණා.So ඒක මාරම impressive, because මේකට dedicated graphics card එකක්"
Download (388).wav,"කාඩ් එකක් නැහැ, ඔක්කොම කරන්නේ මදර්බෝඩ් එකත් එක්ක තියෙන ඉන්ටග්‍රේටඩ් ග්‍රැෆික්ස් කාඩ් එක. සෝ ඔයාලා දන්නවා ඕනෑම ගේම් එකක් 30 එෆ්.පී.එස්. වලට වැඩියෙන් තිබ්බොත් ඒක ප්ලේයබල්. සෝ මේකෙන් කියන කන්ක්ලූෂන් එක මොකක්ද කිව්වොත්, ඔයාලට බෝරින්ග් හිතුණොත් අර","card එකක් නැහැ, ඔක්කොම කරන්නේ motherboard එකත් එක්ක තියෙන integrated graphics card එක. So ඔයාලා දන්නවා ඕනෑම game එකක් 30 FPS වලට වැඩියෙන් තිබ්බොත් ඒක playable. So මේකෙන් කියන conclusion එක මොකක්ද කිව්වොත්, ඔයාලට boring හිතුනොත් අර"
Download (389).wav,"අර පරණ පොඩි පොඩි ගේම්ස් වුණත් ප්ලේ කරන්න පුළුවන් ලයික් ඇසැසින්ස් ක්‍රීඩ් සින්ඩිකේට්, ෆා ක්‍රයි 3 වගේ ඒවා.මම මේ ලැප්ටොප් එක යූස් කරගෙන ඉන්නකොට මට එක දෙයක් නෝටිස් වුණා. මම මේකේ සිනිබෙන්ච් ආර්23 යූස් කරගෙන","අර පරණ පොඩි පොඩි games වුණත් play කරන්න පුළුවන් like Assassin's Creed Syndicate, Far Cry 3 වගේ ඒවා.මම මේ laptop එක use කරගෙන ඉන්නකොට මට එක දෙයක් notice වුණා. මම මේකේ Cinebench R23 use කරගෙන"
Download (390).wav,"කරගෙන බෙංච්මාර්ක් ටෙස්ට් එකක් රන් කරා. මේක තමයි මල්ටි-කෝර්, සිංගල්-කෝර් අපේ රිසල්ට්ස් එක. හැබැයි ඔන්ලයින් එකේ මන් ගිහින් බැලුවොත් සී.පී.යූ. බෙංච්මාර්ක් ස්කෝර්ස් මේකටත් වැඩිය වැඩියෙන් බලාගන්න තිබ්බා.සෝ මං රිසර්ච් කරලා බැලුවා මොකක්ද ඒකට තියෙන හේතුව","කරගෙන benchmark test එකක් run කරා. මේක තමයි multi-core, single-core අපේ results එක. හැබැයි online එකේ මන් ගිහින් බැලුවොත් CPU benchmark scores මේකටත් වැඩිය වැඩියෙන් බලාගන්න තිබ්බා.So මං research කරලා බැලුවා මොකක්ද ඒකට තියෙන හේතුව"
Download (391).wav,"තියෙන හේතුව කියලා. සෝ මේක තමයි මට හම්බවෙච්ච ආන්සර් එක. සෝ ඔයාලා ටෙක් වීඩියෝස් බලලා ඔයාලා දන්නවා ඇති ""විත් ග්‍රේට් පවර් කම්ස් ග්‍රේට් හීට්"". ඇත්තටම බැලුවොත් මේ රයිසන් 7 5000 සීරීස් ප්‍රොසෙසර් එක පවර්ෆුල්. එච්චර පවර්ෆුල් ප්‍රොසෙසර් එකක් මෙන්න",තියෙන හේතුව කියලා. So මේක තමයි මට හම්බවෙච්ච answer එක. So ඔයාලා tech videos බලලා ඔයාලා දන්නවා ඇති with great power comes great heat. ඇත්තටම බැලුවොත් මේ Ryzen 7 5000 series processor එක powerful. එච්චර powerful processor එකක් මෙන්න
Download (392).wav,"එකක් මෙන්න මේ ලැප්ටොප් එකේ ෆිට් කරන්න ලෙනොවෝ එකෙන්ම ඒ ප්‍රොසෙසර් එකේ පවර් එක අඩු කරලා තියෙනවා.සෝ මම මේකේ වරදක් කියන්නේ නැහැ, ලෙනොවෝ ලා මේක කරන්නේ අපේ කොම්පියුටර් එක ඕවර්හීට් වන එකෙන් වළක්වන්න. ඒක ලෙනොවෝ ලා","එකක් මෙන්න මේ laptop එකේ fit කරන්න Lenovo එකෙන්ම ඒ processor එකේ power එක අඩු කරලා තියෙනවා.So මම මේකේ වරදක් කියන්නේ නැහැ, Lenovo ලා මේක කරන්නේ අපේ computer එක overheat වන එකෙන් වළක්වන්න. ඒක Lenovo ලා"
Download (393).wav,"ලෙනොවෝ ලා විතරක් නෙවෙයි කරන්නේ, මේක ඇපල්, සැම්සුන්ග් හැමෝම කරනවා. ජස්ට් ඔයාලට නොලෙජ් එකක් දෙන්න ඕන නිසා මම කිව්වේ.ඊළඟට අපි බැලුවොත් මේකේ ස්පීකර්ස්. මේකේ ඔයාලට ෆ්‍රන්ට්-ෆේසිංග් ස්පීකර්ස් දීලා තියෙනවා, ඒක මාර පොසිටිව්, බිකෝස්","Lenovo ලා විතරක් නෙවෙයි කරන්නේ, මේක Apple, Samsung හැමෝම කරනවා. Just ඔයාලට knowledge එකක් දෙන්න ඕන නිසා මම කිව්වේ.ඊළඟට අපි බැලුවොත් මේකේ speakers. මේකේ ඔයාලට front-facing speakers දීලා තියෙනවා, ඒක මාර positive, because"
Download (394).wav,"බිකෝස් මේ ප්‍රයිස් රේන්ජ් එකේ එන ගොඩක්ම ලැප්ටොප්ස් වල අපිට බලාගන්න පුළුවන් වෙන්නේ බැක්-ෆේසිංග් ස්පීකර්ස්. සෝ ඇත්තටම කිව්වොත් මේකේ සවුන්ඩ් කොලිටි එක ගොඩක් හොඳයි.සෝ ඕකේ ගයිස්, වීඩියෝ එකේ අන්තිමට අපි ඇවිල්ලා තියෙන්නේ. ඕවර්ඕල් මේ ලැප්ටොප් එක","because මේ price range එකේ එන ගොඩක්ම laptops වල අපිට බලාගන්න පුළුවන් වෙන්නේ back-facing speakers. So ඇත්තටම කිව්වොත් මේකේ sound quality එක ගොඩක් හොඳයි.So okay guys, video එකේ අන්තිමට අපි ඇවිල්ලා තියෙන්නේ. Overall මේ laptop එක"
Download (395).wav,"ලැප්ටොප් එක ස්ටුඩන්ට් කෙනෙක්ට ගන්න හොඳ ලැප්ටොප් එකක්. ඔයාලට හොඳ බිල්ඩ් කොලිටි එකක්, බැක්ලිට් කීබෝඩ්, ෆින්ගර්ප්‍රින්ට්, හොඳ බැටරි ලයිෆ් එකක් වගේ ස්ටුඩන්ට් කෙනෙක්ට අවශ්‍ය වන ඔක්කොම දේවල් මෙතනින් බලාගන්න පුළුවන්. සෝ මේ ලැප්ටොප් එක ඔයාලා පර්චේස් කරන්න, මේ","laptop එක student කෙනෙක්ට ගන්න හොඳ laptop එකක්. ඔයාලට හොඳ build quality එකක්, backlit keyboard, fingerprint, හොඳ battery life එකක් වගේ student කෙනෙක්ට අවශ්‍ය වන ඔක්කොම දේවල් මෙතනින් බලාගන්න පුළුවන්. So මේ laptop එක ඔයාලා purchase කරන්න, මේ"
Download (396).wav,"මේකේ ඔයාලට යූස් කරන්න වෙන්නේ වින්ඩෝස්. සෝ වින්ඩෝස් ඔපරේටිංග් සිස්ටම් එකේ තියෙන කූල් ටිප්ස් ඇන්ඩ් ට්‍රික්ස් ගැන මන් කරපු වීඩියෝ එක බලන්න ඕන නම් මෙන්න මෙතන ක්ලික් කරන්න. මේ වගේ තවත් යූස්ෆුල් වීඩියෝ එකකින් මම ඔයාලව ආයෙත් හමුවෙන්නම්. අන්ටිල් දෙන්,",මේකේ ඔයාලට use කරන්න වෙන්නේ Windows. So Windows operating system එකේ තියෙන cool tips and tricks ගැන මන් කරපු video එක බලන්න ඕන නම් මෙන්න මෙතන click කරන්න. මේ වගේ තවත් useful video එකකින් මම ඔයාලව ආයෙත් හමුවෙන්නම්. Until then
Download (398).wav,"හයි ගයිස්, අද අපි රිවීව් කරන්න යන්නේ ලෙනොවෝ ලා අලුතෙන්ම රිලීස් කරපු 32-ඉන්ච් ගේමින් මොනිටර් එක.","Hi guys, අද අපි review කරන්න යන්නේ Lenovo ලා අලුතෙන්ම release කරපු 32-inch gaming monitor එක."
Download (399).wav,මුලින්ම අපි මේකේ ස්පෙක්ස් ටික බලමු. මේක 32-ඉන්ච් මොනිටර් එකක්. ඒ වගේම මේකට 144හර්ට්ස් රිෆ්‍රෙෂ් රේට් ඩිස්ප්ලේ එකක් තියෙනවා. ඊළඟට අපි මේකේ ඩිසයින් ඇන්ඩ් බිල්ඩ් කොලිටි එක ගැන කතා කරමු.,මුලින්ම අපි මේකේ specs ටික බලමු. මේක 32-inch monitor එකක්. ඒ වගේම මේකට 144Hz refresh rate display එකක් තියෙනවා. ඊළඟට අපි මේකේ design and build quality එක ගැන කතා කරමු.
Download (400).wav,"කතා කරමු .මේක මේ වගේ ලොකු මොනිටර් එකක්, ඒ වගේම මේකේ බෙසල්ස් ඔක්කොම පොඩියට බලාගන්න පුළුවන්. සෝ මේකේ පෝර්ට්ස් ගැන කතා කරොත්, මේකට 1.4 ඩිස්ප්ලේ පෝර්ට් එකක් බලාගන්න පුළුවන්","කතා කරමු. මේක මේ වගේ ලොකු monitor එකක්, ඒ වගේම මේකේ bezels ඔක්කොම පොඩියට බලාගන්න පුළුවන්. So මේකේ ports ගැන කතා කරොත්, මේකට 1.4 display port එකක් බලාගන්න පුළුවන්"
Download (401).wav,"කරන්න පුළුවන්, ඒ වගේම එච්ඩීඑම්අයි ටූ පොයින්ට් වන් පෝට්ස් දෙකක් බලාගන්න පුළුවන්, ඒ වගේම ටයිප් සී පෝට්ස් දෙකක් බලාගන්න පුළුවන්, ඒත් එක්කම යූඑස්බී පෝට්ස් දෙකක්","කරන්න පුළුවන්, ඒ වගේම HDMI 2.1 ports දෙකක් බලාගන්න පුළුවන්, ඒ වගේම Type-C ports දෙකක් බලාගන්න පුළුවන්, ඒත් එක්කම USB ports දෙකක්"
Download (402).wav,පෝට්ස් දෙකක් බලාගන්න පුළුවන්. ඒ වගේම මේකෙ හයිට් එකත් ඔයාලට අවශ්‍ය කරන විදියට ඇජස්ට් කරන්න පුළුවන්. ඒ වගේම මේ ඩිස්ප්ලේ එක ෆෝ කේ ඒත් එක්කම මේක තර්ටි ටූ ඉන්ච් නිසා මේක ගේමර්ස් ලා විතරක් නෙමෙයි,ports දෙකක් බලාගන්න පුළුවන්. ඒ වගේම මේකෙ height එකත් ඔයාලට අවශ්‍ය කරන විදියට adjust කරන්න පුළුවන්. ඒ වගේම මේ display එක 4K ඒත් එක්කම මේක 32 inch නිසා මේක gamers ලා විතරක් නෙමෙයි
Download (403).wav,ලා විතරක් නෙවෙයි මේක ක්‍රියේටර්ස්ලටත් හරියනවා. මේකෙ වන් හන්ඩ්‍රඩ් ෆෝටි ෆෝ හර්ට්ස් රිෆ්‍රෙශ් රේට් එකක් තමා තියෙන්නෙ. සෝ මේ වගේ තවත් කූල් ටෙක් රිවීව් එකකින් මං ඔයාලව ආයෙත් හමුවෙන්නම්. අන්ටිල් දෙන්,ලා විතරක් නෙවෙයි මේක creators ලටත් හරියනවා. මේකෙ 144Hz refresh rate එකක් තමා තියෙන්නෙ. So මේ වගේ තවත් cool tech review එකකින් මං ඔයාලව ආයෙත් හමුවෙන්නම්. Until then
Download (404).wav,වින්ඩෝස් දවසෙන් දවස අලුත් අප්ඩේට්ස් ගේනවා. ඒකෙන් සයිලන්ට්ලි එයාලා අලුත් ෆීචර්ස් ඇන්ඩ් ඒ.අයි ෆීචර්ස් ඉන්ට්‍රඩියුස් කරනවා. මං ඔයාලට සුපර්බ් යූස්ෆුල් ෆීචර්ස් හතක් කියලා දෙන්නම්. සෝ වීඩියෝ එක අන්තිම,Windows දවසෙන් දවස අලුත් updates ගේනවා. ඒකෙන් silently එයාලා අලුත් features and AI features introduce කරනවා. මං ඔයාලට superb useful features හතක් කියලා දෙන්නම්. So video එක අන්තිම
Download (405).wav,අන්තිම වෙනකන් බලන්න. නම්බර් වන්: ෆොටෝස් ඇප් එකේ මෙන්න මේ එඩිට් අයිකන් එක ක්ලික් කරපු ගමන් බැක්ග්‍රවුන්ඩ් බ්ලර් කියලා ඔප්ෂන් එකක් එද්දි ඔයා ජස්ට් ඒක ක්ලික් කරන්න තියෙන්නේ. එයා ඔටෝමැටිකලි ඔයාගේ ඉමේජ් එක අයිඩෙන්ටිෆයි කරලා බැක්ග්‍රවුන්ඩ්,අන්තිම වෙනකන් බලන්න. Number one: Photos app එකේ මෙන්න මේ edit icon එක click කරපු ගමන් background blur කියලා option එකක් එද්දි ඔයා just ඒක click කරන්න තියෙන්නේ. එයා automatically ඔයාගේ image එක identify කරලා background
Download (406).wav,බැක්ග්‍රවුන්ඩ් එකයි ෆෝග්‍රවුන්ඩ් එකයි වෙන් කරලා දෙනවා. ඊටපස්සේ ඔයාලට ලේසියෙන්ම බ්ලර් එක ඇප්ලයි කරන්න පුළුවන්. ඊළඟට ලොකු අප්ඩේට් එකක් ඇවිල්ලා තියෙනවා ඉන්බිල්ට් වීඩියෝ එඩිටර් එකට. මේ වරද මට අවශ්‍ය කරන ෆොටෝස් ඇන්ඩ් වීඩියෝස්,background එකයි foreground එකයි වෙන් කරලා දෙනවා. ඊටපස්සේ ඔයාලට ලේසියෙන්ම blur එක apply කරන්න පුළුවන්. ඊළඟට ලොකු update එකක් ඇවිල්ලා තියෙනවා inbuilt video editor එකට. මේ වරද මට අවශ්‍ය කරන photos and videos
Download (407).wav,"වීඩියෝස් මේ වගේ සිලෙක්ට් කරලා ජස්ට් ඩ්‍රැග් ඇන්ඩ් ඩ්‍රොප් කරන්න තියෙන්නේ. ඊට පස්සේ මට කරන්න තියෙන්නේ මට අවශ්‍ය කරන ස්ටයිල් එකයි ටෙක්ස්ට් ෆෝමැට්, මියුසික් ඔක්කොම සිලෙක්ට් කරන්න. එච්චරයි කරන්න තියෙන්නේ. ඒඅයි එකෙන්ම මගේ වීඩියෝ එක සුපිරියටම","videos මේ වගේ select කරලා just drag and drop කරන්න තියෙන්නේ. ඊට පස්සේ මට කරන්න තියෙන්නේ මට අවශ්‍ය කරන style එකයි text format, music ඔක්කොම select කරන්න. එච්චරයි කරන්න තියෙන්නේ. AI එකෙන්ම මගේ video එක සුපිරියටම"
Download (408).wav,රියටම එඩිට් කරලා දෙනවා. ඇන්ඩ් ඔයාලා දන්නවද වින්ඩෝස් ස්ක්‍රීන්ෂොට් ටූල් එකට අලුත් අප්ඩේට්ස් දෙකක් ඇවිල්ලා තියෙනවා. දැන් මට ජස්ට් කරන්න තියෙන්නේ මේකේ ස්ක්‍රීන්ෂොට් එකක් අරන් මෙන්න මේ වගේ ටෙක්ස්ට් ඇක්ෂන් කියලා අයිකන් එකක් තියෙනවා අන්න ඒක,රියටම edit කරලා දෙනවා. and ඔයාලා දන්නවද Windows screenshot tool එකට අලුත් updates දෙකක් ඇවිල්ලා තියෙනවා. දැන් මට just කරන්න තියෙන්නේ මේකේ screenshot එකක් අරන් මෙන්න මේ වගේ text action කියලා icon එකක් තියෙනවා අන්න ඒක
Download (409).wav,අන්න ඒක ක්ලික් කරන්න. දැන් මට මේ ස්ක්‍රීන්ෂොට් එකෙන් අවශ්‍ය කරන ටෙක්ස්ට් ටික එක්ස්ට්‍රැක්ට් කරලා කොපි කරගන්න පුළුවන්. ඇන්ඩ් දෙවෙනි එක තමා ක්වික් රෙඩිට්. මට ජස්ට් කරන්න තියෙන්නේ මෙන්න මේ ක්වික් රෙඩිට් බටන් එක ප්‍රෙස් කරන්න. එච්චරයි කරන්න තියෙන්නේ,අන්න ඒක click කරන්න. දැන් මට මේ screenshot එකෙන් අවශ්‍ය කරන text ටික extract කරලා copy කරගන්න පුළුවන්. and දෙවෙනි එක තමා quick redit. මට just කරන්න තියෙන්නේ මෙන්න මේ quick redit button එක press කරන්න. එච්චරයි කරන්න තියෙන්නේ
Download (410).wav,"කරන්න තියෙන්නේ, එයා මේ ස්ක්‍රීන්ෂොට් එකේ තියෙන සෙන්සිටිව් ඉන්ෆෝමේෂන් ඔක්කොම බ්ලර් අවුට් කරනවා. ඊළඟ අප්ඩේට් එක තමා ස්ක්‍රීන් රෙකෝඩර් එක. දැන් ඔයාලට පුළුවන් ස්නිපින් ටූල් එක ඕපන් කරන්න, නැත්නම් වින්ඩෝස් ශිෆ්ට් එස් ක්ලික්","කරන්න තියෙන්නේ, එයා මේ screenshot එකේ තියෙන sensitive information ඔක්කොම blur out කරනවා. ඊළඟ update එක තමා screen recorder එක. දැන් ඔයාලට පුළුවන් snipping tool එක open කරන්න, නැත්නම් Windows Shift S click"
Download (411).wav,"එස් ක්ලික් කරන්න. ස්නිපින් ටූල් එකේ මෙන්න මේ වීඩියෝ අයිකන් එක ක්ලික් කරලා ඔයා අවශ්‍ය කරන පාර්ට් එක සිලෙක්ට් කරලා රෙකෝඩ් බට්න් එක ප්‍රෙස් කරන්න තියෙන්නේ. සෝ එච්චරයි කරන්න තියෙන්නේ, එයා ඔයාගේ ස්ක්‍රීන් එක ෆුල් කොලිටි වලින් රෙකෝඩ්","S click කරන්න. Snipping tool එකේ මෙන්න මේ video icon එක click කරලා ඔයා අවශ්‍ය කරන part එක select කරලා record button එක press කරන්න තියෙන්නේ. So එච්චරයි කරන්න තියෙන්නේ, එයා ඔයාගේ screen එක full quality වලින් record"
Download (412).wav,ඩින් රෙකෝඩ් කරනවා. ඊළඟ ලොකු අප්ඩේට් එක ඇවිල්ලා තියෙනවා පේන්ට් ඇප් එකට. දැන් ඔයාලට ෆොටෝෂොප් එකේ වගේ මේකෙ ලේයර්ස් හදලා ඒකෙන් එඩිට් කරන්න පුළුවන්. ඊළඟ ෆීචර් එක බැලුවොත් කෝපයිලට්. ඔයාලට ජස්ට් කරන්න තියෙන්නේ වින්ඩෝස් සී ක්ලික් කරන්න,ඩින් record කරනවා. ඊළඟ ලොකු update එක ඇවිල්ලා තියෙනවා Paint app එකට. දැන් ඔයාලට Photoshop එකේ වගේ මේකෙ layers හදලා ඒකෙන් edit කරන්න පුළුවන්. ඊළඟ feature එක බැලුවොත් Copilot. ඔයාලට just කරන්න තියෙන්නේ Windows C click කරන්න
Download (413).wav,"සී ක්ලික් කරන්න, කෝපයිලට් එක ඇක්ටිවේට් වෙනවා. ඇන්ඩ් ඊළඟට ඔයාලා මයික්‍රොසොෆ්ට් එජ් බ්‍රවුසර් එක යූස් කරනවා නම්, ඒකේ තවත් කූල් ෆීචර්ස් ඉන්ට්‍රඩියුස් කරලා තියෙනවා. මං තවත් කූල් වීඩියෝ එකකින් ඔයාලව හම්බෙන්නම්. අන්ටිල් දෙන්, පීස්","C click කරන්න, Copilot එක activate වෙනවා. And ඊළඟට ඔයාලා Microsoft Edge browser එක use කරනවා නම්, ඒකේ තවත් cool features introduce කරලා තියෙනවා. මං තවත් cool video එකකින් ඔයාලව හම්බෙන්නම්. Until then, peace"
Download (414).wav,මෙන්න මේ ඇප් එකෙන් ඔයාටත් මෙන්න මේ වගේ ඩයිනමික් ක්ලොක් ලයිව් වෝල්පේපර්ස් ඔයාගේ හෝම් ස්ක්‍රීන් එකට දාගන්න පුළුවන්. ඇන්ඩ් මට මෙහෙම විතරක් නෙවෙයි මට මෙහෙම වුණත් කරන්න පුළුවන් ඒ වගේම,මෙන්න මේ app එකෙන් ඔයාටත් මෙන්න මේ වගේ dynamic clock live wallpapers ඔයාගේ home screen එකට දාගන්න පුළුවන්. And මට මෙහෙම විතරක් නෙවෙයි මට මෙහෙම වුණත් කරන්න පුළුවන් ඒ වගේම
Download (415).wav,"ඒ වගේම, මෙහෙම වුණත් කරන්න පුළුවන්. අද වීඩියෝ එකේ මේ වගේ තව කූල් ඇප්ස් දෙකක්ම තියෙනවා, සෝ වීඩියෝ එක ලයික් ඇන්ඩ් සේව් කරලා තියාගන්න, එතකොට ඔයාට මේක ආයෙ මිස් වෙන්නේ නෑ. පළවෙනි ඇප් එකේ නම","ඒ වගේම, මෙහෙම වුණත් කරන්න පුළුවන්. අද video එකේ මේ වගේ තව cool apps දෙකක්ම තියෙනවා, so video එක like and save කරලා තියාගන්න, එතකොට ඔයාට මේක ආයෙ miss වෙන්නේ නෑ. පළවෙනි app එකේ නම"
Download (416).wav,"එකේ නම තමා ඩෙප් වෝල්පේපර්ස්. ඔයාට මේ වගේ ක්ලොක් ලයිව් වෝල්පේපර්ස් ගන්න පුළුවන් ඩෙප් ඉෆෙක්ට් එක ඇඩ් කරලා. ඔයාට කාස්, ඇනිමි කැරැක්ටර්ස්, නේචර්, මෙන්න මේ වගේ තවත්","එකේ නම තමා Depth Wallpapers. ඔයාට මේ වගේ clock live wallpapers ගන්න පුළුවන් depth effect එක add කරලා. ඔයාට cars, anime characters, nature, මෙන්න මේ වගේ තවත්"
Download (417).wav,තව ගොඩක් කැටගරීස් තියෙනවා. කූල්ම පාර්ට් එක තමා මේක ෆ්‍රී ඇප් එකක්. සෝ අනිවාර්යයෙන්ම ට්‍රයි කරලා බලන්න. ඊළඟට මෙන්න මේ කූල් ඇප් එක පොඩ්ඩක් චෙක් කරලා බලන්න. මේකෙන් සෑහෙන කූල් විජට්ස්,තව ගොඩක් categories තියෙනවා. Cool ම part එක තමා මේක free app එකක්. So අනිවාර්යයෙන්ම try කරලා බලන්න. ඊළඟට මෙන්න මේ cool app එක පොඩ්ඩක් check කරලා බලන්න. මේකෙන් සෑහෙන cool widgets
Download (418).wav,විජට්ස් ඔයාගේ හෝම් ස්ක්‍රීන් එකේ සෙට් කරන්න පුළුවන්. ඇන්ඩ් මේ විජට්ස් වලට හරියට වැඩ කරන්න අනිත් කිසිම ඇප් එකක් ඕනෙ නෑ. කැමති විජට් එකක් සිලෙක්ට් කරලා හෝම් ස්ක්‍රීන් එකට ඇඩ් කරන්න. එච්චරයි,widgets ඔයාගේ home screen එකේ set කරන්න පුළුවන්. And මේ widgets වලට හරියට වැඩ කරන්න අනිත් කිසිම app එකක් ඕනෙ නෑ. කැමති widget එකක් select කරලා home screen එකට add කරන්න. එච්චරයි
Download (419).wav,"එච්චරයි. ඔයාට හැම එලිමන්ට් එකක්ම මේකෙන් කස්ටමයිස් කරගන්න පුළුවන්. ඒ වගේම ෆ්‍රී වර්ෂන් එකේත් ඔයාට සෑහෙන එඩිට්ස් ටිකක් කරන්න පුළුවන්. ඇන්ඩ් අන්තිම එක ගයිස්, මට පුළුවන් මං කැමතිම","එච්චරයි. ඔයාට හැම element එකක්ම මේකෙන් customize කරගන්න පුළුවන්. ඒ වගේම free version එකේත් ඔයාට සෑහෙන edits ටිකක් කරන්න පුළුවන්. And අන්තිම එක guys, මට පුළුවන් මං කැමතිම"
Download (420).wav,මතිම සිම්බල් එකක් මගේ නොටිෆිකේෂන් එල්ඊඩී එකක් හැටියට මගේ ඒඕඩී ස්ක්‍රීන් එකේ දාන්න. ඇන්ඩ් මේ ඇප් එකත් හොඳට වැඩ කරනවා මේ ඇප්ස් ටිකෙන් ඔයාගේ ෆෝන් එකත් බොස් කෙනෙක් වගේ කස්ටමයිස්,මතිම symbol එකක් මගේ notification LED එකක් හැටියට මගේ AOD screen එකේ දාන්න. And මේ app එකත් හොඳට වැඩ කරනවා මේ apps ටිකෙන් ඔයාගේ phone එකත් boss කෙනෙක් වගේ customize
Download (421).wav,කස්ටමයිස් කරන්න පුළුවන්. ඇන්ඩ් වීඩියෝ එක යූස්ෆුල් කියලා හිතුනා නම් වීඩියෝ එකට ලයික් කරලා අපිව ෆලෝ කරගෙන යන්න. ඇන්ඩ් මේ වගේ තවත් යූස්ෆුල් වීඩියෝ එකකින් මං ඔයාලව ආයෙත් හමුවෙන්නම් අන්ටිල් දෙන් පීස්,customize කරන්න පුළුවන්. And video එක useful කියලා හිතුනා නම් video එකට like කරලා අපිව follow කරගෙන යන්න. And මේ වගේ තවත් useful video එකකින් මං ඔයාලව ආයෙත් හමුවෙන්නම් until then peace
Download (422).wav,"මං ඔයාලට කිව්වොත් සෙවන්ටි ෆයිව් ඉන්ච් ෆෝ කේ පැනල් එකක්, ෆෝටි එයිට් මෙගාපික්සෙල් ඒ.අයි කැමරා, එයිට් ඇරේ මයික්‍රොෆෝන්, ස්ටයිලස් පෙන් දෙකයි, බිල්ට් ඉන් ඇලෝයි ෆ්‍රේම්, ප්ලස් ෆිෆ්ටි තවුසන්ඩ් අවර්ස්","මං ඔයාලට කිව්වොත් 75 inch 4K panel එකක්, 48 megapixel AI camera, 8 array microphone, stylus pen දෙකයි, built-in alloy frame, plus 50,000 hours"
Download (423).wav,"සීරෝ සීරෝ අවර්ස් ස්ක්‍රීන් ලයිෆ් ස්පෑන් එකක්, ප්ලස් සයිස් හයකින් ෆිෆ්ටි ෆයිව් ඉන්ච් ඉඳන් වන් හන්ඩ්‍රඩ් ෆයිව් ඉන්ච් වෙනකන් මේ පැනල්ස් අවේලබල්. ඔව් මං කතා කරන්නේ ටෙක්නෝ ව්යු ඉන්ටරැක්ටිව් පැනල් එක ගැන",00 hours screen life span එකක් plus size හයකින් 55 inch ඉඳන් 105 inch වෙනකන් මේ panels available. ඔව් මං කතා කරන්නේ techno view interactive panel එක ගැන
Download (424).wav,"ගැන. ඔව් මං ගාව රිවිව් යූනිට් එකක් තියෙනවා, මෙන්න මේක ගැන තමා ෆුල් වීඩියෝ එකේ අද කතා කරන්න යන්නේ. මේ එක වීඩියෝ එක බලපු ගමන් ඇති ඔයාලට මේක ගැන සම්පූර්ණ අයිඩියා එකක් ගන්න පුළුවන්. ටෙක්නොවිව්ල බැලුවොත් එහෙම හැම","ගැන. ඔව් මං ගාව review unit එකක් තියෙනවා, මෙන්න මේක ගැන තමා full video එකේ අද කතා කරන්න යන්නේ. මේ එක video එක බලපු ගමන් ඇති ඔයාලට මේක ගැන සම්පූර්ණ idea එකක් ගන්න පුළුවන්. Techno viewල බැලුවොත් එහෙම හැම"
Download (425).wav,"හැමෝටම අවශ්‍ය කරන ස්ක්‍රීන් සයිස් එකක් එයාලට තියෙනවා. ෆිෆ්ටි ෆයිව් ඉන්ච්, සික්ස්ටි ෆයිව් ඉන්ච්, සෙවන්ටි ෆයිව් ඉන්ච්, එයිටි සික්ස් ඉන්ච්, නයින්ටි එයිට් ඉන්ච් ඒ වගේම වන් හන්ඩ්‍රඩ් ටෙන් ඉන්ච්","හැමෝටම අවශ්‍ය කරන screen size එකක් එයාලට තියෙනවා. 55 inch, 65 inch, 75 inch, 86 inch, 98 inch ඒ වගේම 110 inch"
Download (426).wav,ටෙන් ඉන්ච්. මේක ඔයාගේ යූස් කේස් එකට අවශ්‍ය කරන විදියට ඔයාට කැමති සයිස් එකක් සිලෙක්ට් කරන්න පුළුවන්. සාමාන්‍යයෙන් ඔයා පොඩි ක්ලාස් රූම් එකක් වගේ එක පන්ති කරනවා නම් ඔයාට පොඩි සයිස් එකක් ඇති. එහෙම නැත්නම් ලොකු ලෙක්චර් හෝල් එකක්,10 inch. මේක ඔයාගේ use case එකට අවශ්‍ය කරන විදියට ඔයාට කැමති size එකක් select කරන්න පුළුවන්. සාමාන්‍යයෙන් ඔයා පොඩි class room එකක් වගේ එක පන්ති කරනවා නම් ඔයාට පොඩි size එකක් ඇති. එහෙම නැත්නම් ලොකු lecture hall එකක්
Download (427).wav,"නැත්නම් ලොකු කන්ෆරන්ස් හෝල් එකක් වගේ යනවා නම් ඔයාලට ලොකු සයිස් වලට යන්න පුළුවන්. ඇන්ඩ් මේක තමා ඉම්පෝර්ටන්ට්ම දේ, සයිසස් හයක් තිබ්බට මේ ඔක්කොම වල එකම හාඩ්වෙයාර් එක තියෙන්නේ, එකම කැමරාස් තියෙන්නේ, ඒ වගේම ඔක්කොම","නැත්නම් ලොකු conference hall එකක් වගේ යනවා නම් ඔයාලට ලොකු size වලට යන්න පුළුවන්. And මේක තමා important ම දේ, sizes හයක් තිබ්බට මේ ඔක්කොම වල එකම hardware එක තියෙන්නේ, එකම cameras තියෙන්නේ, ඒ වගේම ඔක්කොම"
Download (428).wav,ම ඔක්කොම පැනල් සයිස් වල රන් වෙන්නේ ඇන්ඩ්‍රොයිඩ් 14 ඕ.එස් එක. ඒ වගේම හැම එකේම තියෙන්නේ සේම් එක්සැක්ට් ප්‍රොසෙසර් එක. ඒ වගේම ටච් ස්ක්‍රීන් සිස්ටම් එකයි ඕඩියෝ සිස්ටම් එකයි මේ ඔක්කොම සයිස් පැනල් වල අපිට එක විදිහට තමා,ම ඔක්කොම panel sizes වල run වෙන්නේ Android 14 OS එක. ඒ වගේම හැම එකේම තියෙන්නේ same exact processor එක. ඒ වගේම touch screen system එකයි audio system එකයි මේ ඔක්කොම size panels වල අපිට එක විදිහට තමා
Download (429).wav,විදිහට තමා බලාගන්න පුළුවන්. සෝ මේකෙ ස්වීට් ස්පොට් එකක් වෙන සෙවන්ටි ෆයිව් ඉන්ච් එක තමා මං ගාව තියෙන්නේ. මං මේ කියන්න යන දේවල් ඔක්කොම අනිත් සයිසස් වලටත් ඇප්ලයි වෙනවා. ඉන් කේස් ඩිෆරන්ස් එකක් තිබ්බොත් එහෙම මං ඔයාලට එවෙලේ මෙන්ෂන් කරගෙන යන්නම්,විදිහට තමා බලාගන්න පුළුවන්. So මේකෙ sweet spot එකක් වෙන 75 inch එක තමා මං ගාව තියෙන්නේ. මං මේ කියන්න යන දේවල් ඔක්කොම අනිත් sizes වලටත් apply වෙනවා. In case difference එකක් තිබ්බොත් එහෙම මං ඔයාලට එවෙලේ mention කරගෙන යන්නම්
Download (430).wav,කරගෙන යන්නම්. සෝ මුලින්ම අපි මේ පැනල් එකේ ඩිස්ප්ලේ ගැන කතා කරමු. ඔයාලට ඒ ග්‍රේඩ් යූඑච්ඩී ෆෝ කේ පැනල් එකක් බලාගන්න පුළුවන්. ඒ වගේම මේක සපෝට් කරනවා සික්ස්ටි ෆ්‍රේම්ස් පර් සෙකන්ඩ්. මේ ඒ ග්‍රේඩ් කියන,කරගෙන යන්නම්. So මුලින්ම අපි මේ panel එකේ display ගැන කතා කරමු. ඔයාලට A grade UHD 4K panel එකක් බලාගන්න පුළුවන්. ඒ වගේම මේක support කරනවා 60 frames per second. මේ A grade කියන
Download (431).wav,"ඒ ග්‍රේඩ් කියන්නේ මොකක්ද කියලා බැලුවොත් එහෙම මේකේ එන පික්සල්ස් ඔක්කොම හරියට වැඩ කරනවා, සීරෝ ඩිෆෙක්ටිව් පික්සල්ස් තමා අපිට බලාගන්න පුළුවන්. ගොඩක් පැනල්ස් වල බී ග්‍රේඩ් බලාගන්න පුළුවන්, බී ග්‍රේඩ් පැනල් එක කියන්නේ ඕල්රෙඩි වෙයා","A grade කියන්නේ මොකක්ද කියලා බැලුවොත් එහෙම මේකේ එන pixels ඔක්කොම හරියට වැඩ කරනවා, zero defective pixels තමා අපිට බලාගන්න පුළුවන්. ගොඩක් panels වල B grade බලාගන්න පුළුවන්, B grade panel එක කියන්නේ already wear"
Download (432).wav,වෙයා හවුස් ක්ලියරන්ස් එකෙන් ගත්තු රීෆර්බිෂ්ඩ් පැනල්ස්. හැබැයි ටෙක්නොවිව් මේ ෆ්ලැට් ඉන්ටරැක්ටිව් ඩිස්ප්ලේස් වල හැම එකේම එන්නේ ඒ ග්‍රේඩ් පැනල්ස්. ඒ වගේම මේ පැනල් එකේ කන්ට්‍රාස්ට් රේෂියෝ එක බැලුවොත් එහෙම 5000,warehouse clearance එකෙන් ගත්තු refurbished panels. හැබැයි Technoview මේ flat interactive displays වල හැම එකේම එන්නේ A grade panels. ඒ වගේම මේ panel එකේ contrast ratio එක බැලුවොත් එහෙම 5000
Download (433).wav,5000:1. ඒ වගේම මේකෙ රෙස්පොන්ස් ටයිම් එක 8 මිලිසෙකන්ඩ්ස් ඇන්ඩ් මේක තමා වැදගත්ම දේ. මේකෙ විව්වින් ඇන්ගල් එක 178 ඩිග්‍රීස්. සෝ මෙන්න මේ වගේ ඉන්ටරැක්ටිව් පැනල් එකක් ගන්නකොට අනිවාර්යයෙන්,5000:1. ඒ වගේම මේකෙ response time එක 8 milliseconds and මේක තමා වැදගත්ම දේ. මේකෙ viewing angle එක 178 degrees. So මෙන්න මේ වගේ interactive panel එකක් ගන්නකොට අනිවාර්යයෙන්
Download (434).wav,අනිවාර්යයෙන්ම ඔයා කන්සිඩර් කරන්න ඕනෙ දේ තමා ව්යුවින් ඇන්ගල් එක. එහෙම නැත්නම් අර කොනේ ඉන්න ළමයටයි පන්තියේ ඉස්සරහා ඉන්න ළමයටයි පේන විදිය පොඩ්ඩක් වෙනස් වෙන්න ඉඩ තියෙනවා. සෝ මෙන්න මේ පැනල්ස් වල 178 ඩිග්‍රීස්,අනිවාර්යයෙන්ම ඔයා consider කරන්න ඕනෙ දේ තමා viewing angle එක. එහෙම නැත්නම් අර කොනේ ඉන්න ළමයටයි පන්තියේ ඉස්සරහා ඉන්න ළමයටයි පේන විදිය පොඩ්ඩක් වෙනස් වෙන්න ඉඩ තියෙනවා. So මෙන්න මේ panels වල 178 degrees
Download (435).wav,එයිට් ඩිග්‍රීස් ව්යුවින් ඇන්ගල් එකක් තියෙන නිසා හැම එක්කෙනාටම හරිම ශාප්නස් එක හරිම කලර් ඇකියුරසි එක ඒ වගේම හරිම ඉමේජ් කොලිටි එක තමා පේන්නේ කිසිම වෙනසක් බලාගන්න බෑ දෙන්නටම. ඇන්ඩ් ඊළඟට,8 degrees viewing angle එකක් තියෙන නිසා හැම එක්කෙනාටම හරිම sharpness එක හරිම color accuracy එක ඒ වගේම හරිම image quality එක තමා පේන්නේ කිසිම වෙනසක් බලාගන්න බෑ දෙන්නටම. And ඊළඟට
Download (436).wav,"ඊළඟට මේකෙ ග්ලාස් එක විතරක් ෆෝ මිලිමීටර් තික්නස් එකක් තියෙනවා, ඒ වගේම මේකට ඇන්ටි ග්ලෙයාර් කෝටින් එකක් එනවා. ඔයා මෙන්න මේ වගේ ස්ටූඩියෝ ලයිට් සෙටප් එකක හිටියත්, එහෙම නැත්නම් බ්‍රයිට් වින්ඩෝ එකක් අයිනේ හිටියත්","ඊළඟට මේකෙ glass එක විතරක් 4mm thickness එකක් තියෙනවා, ඒ වගේම මේකට anti-glare coating එකක් එනවා. ඔයා මෙන්න මේ වගේ studio light setup එකක හිටියත්, එහෙම නැත්නම් bright window එකක් අයිනේ හිටියත්"
Download (437).wav,හිටියත් මේකෙ පේන රිෆ්ලෙක්ෂන් එක සෑහෙන අඩුයි. ඔයාට දැන් ඒක කෙලින්ම එක්ස්පීරියන්ස් කරන්න පුළුවන් අපි වටේටම තියෙනවා ස්ටූඩියෝ ලයිට්ස් හැබැයි මේකේ එන රිෆ්ලෙක්ෂන් එහෙම සෑහෙන අඩුයි. ඒ වගේම මෙන්න මේ ග්ලාස් එකේ හාඩ්නස් එක එච් සෙවන්,හිටියත් මේකෙ පේන reflection එක සෑහෙන අඩුයි. ඔයාට දැන් ඒක කෙලින්ම experience කරන්න පුළුවන් අපි වටේටම තියෙනවා studio lights හැබැයි මේකේ එන reflection එහෙම සෑහෙන අඩුයි. ඒ වගේම මෙන්න මේ glass එකේ hardness එක H7
Download (438).wav,"එච් සෙවන්, ඒ කියන්නේ මේ වගේ ස්ටයිලස් නැත්නම් මාකර්ස් යූස් කරලා මේකේ ඇද්දට මේකේ ස්ක්‍රැච් වෙන්න තියෙන සම්භාවිතාව ගොඩක් අඩුයි. මේකෙ පල්ලෙහා ෆ්‍රේම් එක රියල් ඇලෝයි වලින් හදලා තියෙන්නේ මෙටල් වත්",H7 ඒ කියන්නේ මේ වගේ stylus නැත්නම් markers use කරලා මේකේ ඇද්දට මේකේ scratch වෙන්න තියෙන සම්භාවිතාව ගොඩක් අඩුයි. මේකෙ පල්ලෙහා frame එක real alloy වලින් හදලා තියෙන්නේ metal වත්
Download (439).wav,"මෙටල්වත්, ප්ලාස්ටික්වත් යූස් කරලා නෑ. සෝ ඔයාට මේකේ ප්‍රිමියම් ෆීල් එකක් බලාගන්න පුළුවන්. මං මුලින්ම කිව්වා වගේ මේකේ ලයිෆ් ස්පෑන් එක වෙනවා 50,000 අවර්ස්, ඒ කියන්නේ ඔයා දවසට පැය 8ක් යූස් කරත් ඔයාට අවුරුදු 22ක්","metal වත්, plastic වත් use කරලා නෑ. So ඔයාට මේකේ premium feel එකක් බලාගන්න පුළුවන්. මං මුලින්ම කිව්වා වගේ මේකේ life span එක වෙනවා 50,000 hours, ඒ කියන්නේ ඔයා දවසට පැය 8ක් use කරත් ඔයාට අවුරුදු 22ක්"
Download (440).wav,විසි දෙකකට වඩා මේකෙන් සර්විස් එකක් ගන්න පුළුවන්. දැන් අපි බලමු මේකෙ රියල් වර්ල්ඩ් යූස් කේස් ඇන්ඩ් මේකෙ ටච් එක කොහොමද වැඩ කරන්නේ කියලා. මෙන්න මේ පැනල් එකේ ඇන්ඩ්‍රොයිඩ් ඕ.එස් රන් වෙනකොට ඔයාට සිමල්ටේනියස් ට්වෙන්ටි ටච් පොයින්ට්ස් හම්බෙනවා,22 කට වඩා මේකෙන් service එකක් ගන්න පුළුවන්. දැන් අපි බලමු මේකෙ real world use case and මේකෙ touch එක කොහොමද වැඩ කරන්නේ කියලා. මෙන්න මේ panel එකේ Android OS run වෙනකොට ඔයාට simultaneous 20 touch points හම්බෙනවා
Download (441).wav,පොයින්ට්ස් හම්බෙනවා. ඒ වගේම ඔයා මෙන්න මේ ඩිවයිස් එක කනෙක්ට් කරලා මේකෙ වින්ඩෝස් රන් කරන්නත් පුළුවන්. ඒක කොහොමද කනෙක්ට් කරන්නේ කොහොමද කරන්නේ කියලා මං ඉස්සරහා වීඩියෝ එකේ පෙන්නන්නම්. හැබැයි මේ පීසී යූනිට් එක ඔයාලට වෙනම තමා ගන්න,points හම්බෙනවා. ඒ වගේම ඔයා මෙන්න මේ device එක connect කරලා මේකෙ windows run කරන්නත් පුළුවන්. ඒක කොහොමද connect කරන්නේ කොහොමද කරන්නේ කියලා මං ඉස්සරහා video එකේ පෙන්නන්නම්. හැබැයි මේ PC unit එක ඔයාලට වෙනම තමා ගන්න
Download (442).wav,තමා ගන්න වෙන්නේ. ඒ වගේම ඔයා මෙන්න මේ ඩිවයිස් එක කනෙක්ට් කරොත් එහෙම ඔයාට ෆෝටි ටච් පොයින්ට් වෙනකන් ඉන්ක්‍රීස් කරගන්න පුළුවන්. සෝ බේසිකලි දෙන්නෙක්ට එකම වෙලාවේ මේක අඳින්න නැත්නම් ලියන්න පුළුවන්,තමා ගන්න වෙන්නේ. ඒ වගේම ඔයා මෙන්න මේ device එක connect කරොත් එහෙම ඔයාට 40 touch point වෙනකන් increase කරගන්න පුළුවන්. So basically දෙන්නෙක්ට එකම වෙලාවේ මේක අඳින්න නැත්නම් ලියන්න පුළුවන්
Download (443).wav,මේ පැනල් එක දෙකට බෙදලා එක පැත්තෙන් පුළුවන් ටීචර් කෙනෙක්ට ඩයග්‍රෑම් එකක් එක්ස්ප්ලේන් කරන ගමන් අනිත් පැත්තේ තව ස්ටුඩන්ට් කෙනෙක්ට මේකේ ලියන්නත් පුළුවන්. සෝ මේකේ මල්ටි ටච් පොයින්ට්ස් තියෙන නිසා දෙන්නගෙම ඉන්,මේ panel එක දෙකට බෙදලා එක පැත්තෙන් පුළුවන් teacher කෙනෙක්ට diagram එකක් explain කරන ගමන් අනිත් පැත්තේ තව student කෙනෙක්ට මේකේ ලියන්නත් පුළුවන්. So මේකේ multi touch points තියෙන නිසා දෙන්නගෙම in
Download (444).wav,ඉන්පුට් එක හරියටම මෙයා රෙජිස්ටර් කරගන්නවා. ඒ වගේම යූටියුබ් වීඩියෝ එකක් යන ගමන් එහෙම නැත්නම් බ්‍රවුසර් එකේ මොකක් හරි ආටිකල් එකක් සර්ච් කරන ගමන් එහෙම නැත්නම් යූටියුබ් වීඩියෝ එකක් යන ගමන් ඒක පෝස් කරලා ඒක උඩ,input එක හරියටම මෙයා register කරගන්නවා. ඒ වගේම YouTube video එකක් යන ගමන් එහෙම නැත්නම් browser එකේ මොකක් හරි article එකක් search කරන ගමන් එහෙම නැත්නම් YouTube video එකක් යන ගමන් ඒක pause කරලා ඒක උඩ
Download (445).wav,"ඒක උඩත් ඔයාට ඩ්‍රෝ කරන්න පුළුවන්. ඔයා මේක ඇන්ඩ්‍රොයිඩ් හරහා යූස් කරනකොට ඔයාට ප්ලේස්ටෝර් ඇක්සෙස් එක හම්බෙනවා, මේකෙන් ඔයාට කැමති ඇප් එකක් ඩවුන්ලෝඩ් කරලා ඉන්ස්ටෝල් කරගන්න පුළුවන්. සෝ දැන් එන අලුත් අලුත් එඩියුකේෂන් ඇප්ස් එහෙම මේකට","ඒක උඩත් ඔයාට draw කරන්න පුළුවන්. ඔයා මේක Android හරහා use කරනකොට ඔයාට Play Store access එක හම්බෙනවා, මේකෙන් ඔයාට කැමති app එකක් download කරලා install කරගන්න පුළුවන්. So දැන් එන අලුත් අලුත් education apps එහෙම මේකට"
Download (446).wav,එහෙම මේකට ඉන්ස්ටෝල් කරලා ඔයාලගේ ටීචින් එක්ස්පීරියන්ස් එකත් තවත් වැඩි කරගන්න පුළුවන්. ඒ වගේම මේකට වින්ඩෝස් කනෙක්ට් කරලා තව ඇඩ්වාන්ස් ඇප්ලිකේෂන්ස් එහෙමත් මේකට යූස් කරන්න පුළුවන්. හරියට ඔයා ෆොටෝෂොප් උගන්නනවා නැත්නම් ප්‍රිමියර් ප්‍රෝ,එහෙම මේකට install කරලා ඔයාලගේ teaching experience එකත් තවත් වැඩි කරගන්න පුළුවන්. ඒ වගේම මේකට Windows connect කරලා තව advanced applications එහෙමත් මේකට use කරන්න පුළුවන්. හරියට ඔයා Photoshop උගන්නනවා නැත්නම් Premiere Pro
Download (447).wav,ප්‍රෝ ඒ වගේ මොකක් හරි උගන්නන කෙනෙක් නම් ඔයාට මේක යූස්ෆුල් වෙන්න ඉඩ තියෙනවා. මේකෙ ඔයාට රෙගියුලර් වයර්ලස් මවුස් එකක් නැත්නම් කීබෝඩ් එකක් කනෙක්ට් කරලා පීසී එකක් වගේ යූස් කරන්නත් පුළුවන්. මේක වින්ඩෝස් ඇන්ඩ් ඇන්ඩ්‍රොයිඩ්,Pro ඒ වගේ මොකක් හරි උගන්නන කෙනෙක් නම් ඔයාට මේක useful වෙන්න ඉඩ තියෙනවා. මේකෙ ඔයාට regular wireless mouse එකක් නැත්නම් keyboard එකක් connect කරලා PC එකක් වගේ use කරන්නත් පුළුවන්. මේක Windows and Android
Download (448).wav,"දෙකේම ඔයාට මේක කරගන්න පුළුවන්. මේකේ ඔයාට ඒ.අයි. ඇසිස්ටන්ට් කියලා ඇප් එකක් තියෙනවා, මේක හරියට ගූගල් ඇසිස්ටන්ට් වගේ ඔයාට මේකෙ රියල් ටයිම් ට්‍රාන්ස්ලේට් කරන්න පුළුවන්. ඒ වගේම මීටින් එකක් කරනකොට ඒ","දෙකේම ඔයාට මේක කරගන්න පුළුවන්. මේකේ ඔයාට AI assistant කියලා app එකක් තියෙනවා, මේක හරියට Google Assistant වගේ ඔයාට මේකේ real time translate කරන්න පුළුවන්. ඒ වගේම meeting එකක් කරනකොට ඒ"
Download (449).wav,"කරනකොට ඒකෙ රෙකෝඩින්ස් අරන් පස්සෙ සමරයිස් කරන්න පුළුවන්, පොඩි පොඩි සිම්පල් කමාන්ඩ්ස් දෙන්න පුළුවන් හරියට බ්‍රයිට්නස් වැඩි කරන්න නැත්නම් සවුන්ඩ්ස් වැඩි කරන්න, අන්න ඒ වගේ පොඩි පොඩි ඒ.අයි ටාස්ක් ඔයාට මේකෙනුත් ඔයාට කරගන්න පුළුවන්","කරනකොට ඒකෙ recordings අරන් පස්සෙ summarize කරන්න පුළුවන්, පොඩි පොඩි simple commands දෙන්න පුළුවන් හරියට brightness වැඩි කරන්න නැත්නම් sounds වැඩි කරන්න, අන්න ඒ වගේ පොඩි පොඩි AI tasks ඔයාට මේකෙනුත් ඔයාට කරගන්න පුළුවන්"
Download (450).wav,"කරන්න පුළුවන්. දැන් මේකේ පර්ෆෝමන්ස් ගැන පොඩ්ඩක් බලලා ඉමු. මේකෙ ඔයාට සික්ස්ටි ෆෝ බිට් ඔක්ටා කෝර් ආම් කෝටෙක්ස් ඒ ෆිෆ්ටි ෆයිව් ප්‍රොසෙසර් එකක් බලාගන්න පුළුවන්, වන් පොයින්ට් එයිට් ගිගාහර්ට්ස් එක්ක රන් වෙන. සෝ මේකෙ ක්වාඩ්","කරන්න පුළුවන්. දැන් මේකෙ performance ගැන පොඩ්ඩක් බලලා ඉමු. මේකෙ ඔයාට 64 bit octa core ARM Cortex A55 processor එකක් බලාගන්න පුළුවන්, 1.8 GHz එක්ක run වෙන. So මේකෙ quad"
Download (451).wav,මේකෙ ක්වාඩ්-කෝ වගේ එන්ට්‍රි-ලෙවල් චිප් එකක් නෙමෙයි එන්නේ 8 කෝ ප්‍රොසෙස් එකක් බලාගන්න පුළුවන්. ඒ වගේම ඒක පෙයාර් වෙලා තියෙන්නේ ආම් මාලි ජී 52 එම්පී 2 ක්වාඩ් කෝ ජීපීයූ එක්ක,මේකෙ Quad-core වගේ entry-level chip එකක් නෙමෙයි එන්නේ 8 core process එකක් බලාගන්න පුළුවන්. ඒ වගේම ඒක pair වෙලා තියෙන්නේ Arm Mali G52 MP2 Quad core GPU එක්ක
Download (452).wav,ජීපීයූ එක ග්‍රැෆික් ප්‍රොසෙසින් වැඩවල් වලට. ඒකත් එක්කම 8ජීබී රෑම් 128ජීබී එස්එස්ඩී ප්ලස් මේකෙ රන් වෙන්නේ ඇන්ඩ්‍රොයිඩ් ඕඑස් 14. සෝ මේකෙන් කියන්නේ මේකේ ෆාස්ට් රෙස්පොන්ස් ටයිම් එකක් හම්බ,GPU එක graphic processing වැඩවල් වලට. ඒකත් එක්කම 8GB RAM 128GB SSD plus මේකෙ රන් වෙන්නේ Android OS 14. So මේකෙන් කියන්නේ මේකේ fast response time එකක් හම්බ
Download (453).wav,"යක් හම්බෙනවා, ඒ වගේම ඇප් ඕපනින් ඇන්ඩ් ක්ලෝසින් ඔක්කොම ස්මූත්ලි සිද්ධ වෙනවා. ඒ වගේම ඇප්ස් අතර ස්විච් වෙන එකත් ගොඩක් ස්මූත් යූටියුබ් ස්ටුඩියෝ, ගූගල් ක්ලාස්රූම්, පීඩීඑෆ් ඩොකියුමන්ට්, ව","යක් හම්බෙනවා, ඒ වගේම app opening and closing ඔක්කොම smoothly සිද්ධ වෙනවා. ඒ වගේම apps අතර switch වෙන එකත් ගොඩක් smooth YouTube Studio, Google Classroom, PDF document, ව"
Download (454).wav,ට් වයිට් බෝඩ් මේ අතර ඔයාලට ලේසියෙන්ම ස්විච් වෙන්න පුළුවන්. ඒ වගේම මේකේ ප්ලේ ස්ටෝ සපෝට් එක හම්බවෙන නිසා ඔයාලගේ ස්කෝලේ නැත්නම් එඩියුකේෂන් සිස්ටම් එකේ යූස් කරන ඔක්කොම ඇප්ස් ටික ඔයාට මේකේ යූස් කරගන්න,ට් Whiteboard මේ අතර ඔයාලට ලේසියෙන්ම switch වෙන්න පුළුවන්. ඒ වගේම මේකේ Play Store support එක හම්බවෙන නිසා ඔයාලගේ ස්කෝලේ නැත්නම් education system එකේ use කරන ඔක්කොම apps ටික ඔයාට මේකේ use කරගන්න
Download (455).wav,"ස් කරගන්න පුළුවන්. ගූගල් මීට්, සූම්, කැන්වා, ගූගල් ඩ්‍රයිව්, මේ ඔක්කොම ඇප්ස් නේටිව්ලි මේ පැනල් එකෙන් රන් වෙනවා. ඔයාට පීසී එකක් නැත්නම් ලැප්ටොප් එකක් පෙයාර් කරන්න අවශ්‍යතාවයක්","ස් කරගන්න පුළුවන්. Google Meet, Zoom, Canva, Google Drive, මේ ඔක්කොම apps natively මේ panel එකෙන් run වෙනවා. ඔයාට PC එකක් නැත්නම් laptop එකක් pair කරන්න අවශ්‍යතාවයක්"
Download (456).wav,ශතාවයක් නෑ. ඇන්ඩ් මේ ඔක්කොම රන් වෙන්නේ මෙන්න මේ පැනල් එක ඇතුලෙ තියෙන කම්පියුටර් එකෙන් වෙනම කිසිම ගැජට් එකක් මේකට ඇටෑච් කරලා නෑ. සෝ එක්සාම්පල් එකක් හැටියට හයිබ්‍රිඩ් ක්ලාස් රූම් එකක් තියෙනවා නම් ෆිසිකල් ස්ටුඩන්ට්ස්ලා එතන ඉන්නවා ඔන්ලයින්,ශතාවයක් නෑ. And මේ ඔක්කොම run වෙන්නේ මෙන්න මේ panel එක ඇතුලෙ තියෙන computer එකෙන් වෙනම කිසිම gadget එකක් මේකට attach කරලා නෑ. So example එකක් හැටියට hybrid classroom එකක් තියෙනවා නම් physical students ලා එතන ඉන්නවා online
Download (457).wav,ඔන්ලයින් එකෙන් කනෙක්ට් වෙන ස්ටුඩන්ට්ස්ලට සූම් එකෙන් නැත්නම් ගූගල් මීට් හරහා කනෙක්ට් කරගන්න පුළුවන්. ටීචර් කෙනෙක්ට ගූගල් ඩ්‍රයිව් එකෙන් ස්ටඩි මැටීරියල් එකක් ඩවුන්ලෝඩ් කරලා ටීච් කරන්න ස්ටාර්ට් කරන්න පුළුවන් දෙගොල්ලොන්ටම එක වෙලේ. ඇන්ඩ්,online එකෙන් connect වෙන students ලට Zoom එකෙන් නැත්නම් Google Meet හරහා connect කරගන්න පුළුවන්. teacher කෙනෙක්ට Google Drive එකෙන් study material එකක් download කරලා teach කරන්න start කරන්න පුළුවන් දෙගොල්ලොන්ටම එක වෙලේ. And
Download (458).wav,ලේ. ඇන්ඩ් ඊළඟට මාව ඉම්ප්‍රෙස් කරපු තව ෆීචර් එකක් තමා මේකෙ ඔයාට ෆෝටි එයිට් මෙගාපික්සෙල් ඒ.අයි කැමරා එකක් එනවා. සෝ මේක ඔයාලගේ වෙබ් කැම් එක වගේ ප්‍රෝ මැක්ස් වෙබ් කැම් එකක්. ටෙක්නොවිව්ලා මේක අ,ලේ. And ඊළඟට මාව impress කරපු තව feature එකක් තමා මේකෙ ඔයාට 48 megapixel AI camera එකක් එනවා. So මේක ඔයාලගේ webcam එක වගේ Pro Max webcam එකක්. Technoviewලා මේක අ
Download (459).wav,"ක අත්‍යවශ්‍ය ෆීචර් එකක් හැටියට දීලා තියෙනවා, ඔයාට මේකෙ වයිඩ් ඇන්ගල් ව්යු එකක් ගන්න පුළුවන් කන්ෆරන්ස් රූම් එකට එහෙම සුපර්බ් ව්යු එකක්. ඒ වගේම ටෙක්නොවිව්ලා මෙන්න මේකට එයිට් ඇරේ මයික්‍රොෆෝන්","ක අත්‍යවශ්‍ය feature එකක් හැටියට දීලා තියෙනවා, ඔයාට මේකෙ wide angle view එකක් ගන්න පුළුවන් conference room එකට එහෙම superb view එකක්. ඒ වගේම Technoviewලා මෙන්න මේකට 8 array microphone"
Download (460).wav,"මයික්‍රොෆෝන් සිස්ටම් එකක් දාලා තියෙනවා. යූෂුවල් පැනල් වගේ දෙකක් හතරක් වගේ දීලා නෑ, ඔයාට මයික්‍රොෆෝන්ස් අටක් ලිසන් කරගෙන ඉන්නවා ඔයාගේ කන්ෆරන්ස් එක. සෝ මෙන්න මේ මයික්‍රොෆෝන්ස් වලින් ඔයාගේ වොයිස් එක හරියට පිකප් කරගෙන","microphone system එකක් දාලා තියෙනවා. Usual panel වගේ දෙකක් හතරක් වගේ දීලා නෑ, ඔයාට microphones අටක් listen කරගෙන ඉන්නවා ඔයාගේ conference එක. So මෙන්න මේ microphones වලින් ඔයාගේ voice එක හරියට pick up කරගෙන"
Download (461).wav,"ට පිකප් කරලා දෙනවා, ඒ වගේම මේ මයික්‍රොෆෝන්ස් හරහා එයා අයිඩෙන්ටිෆයි කරගන්නවා කවුද ඒ වෙලේ කතා කරන්නේ කියලා එයාට කැමරා එක ෆෝකස් කරනවා. සෝ බෝඩ් මීටින්, වීඩියෝ කන්ෆරන්සින් වලට එහෙම මෙන්න මේ","ට pick up කරලා දෙනවා, ඒ වගේම මේ microphones හරහා එයා identify කරගන්නවා කවුද ඒ වෙලේ කතා කරන්නේ කියලා එයාට camera එක focus කරනවා. So board meeting, video conferencing වලට එහෙම මෙන්න මේ"
Download (462).wav,මෙන්න මේ ෆීචර් එක සෑහෙන වටිනවා. එක්සාම්පල් එකක් හැටියට බෝඩ් රූම් එකේ ගූගල් මීට් හරහා වීඩියෝ කන්ෆරන්ස් එකක් කරනකොට කවුරුහරි අයින ඉන්න එක්කෙනෙක් කතා කරන්න පටන් ගත්ත ගමන් එයාගෙ වොයිස් එක මෙයා ක්ලියර්ලි අයිඩෙන්ටිෆයි,මෙන්න මේ feature එක සෑහෙන වටිනවා. Example එකක් හැටියට board room එකේ Google Meet හරහා video conference එකක් කරනකොට කවුරුහරි අයින ඉන්න එක්කෙනෙක් කතා කරන්න පටන් ගත්ත ගමන් එයාගෙ voice එක මෙයා clearly identify
Download (463).wav,"රි අයිඩෙන්ටිෆයි කරලා ඒක එන්හැන්ස් කරලා දෙනවා, සෝ එයා කතා කරන එක විතරක් හරියට ඇහෙන්න ගන්නවා. සෝ එක්ස්ටර්නල් මයික්‍රොෆෝන්ස් නැත්නම් එක්ස්ටර්නල් ස්පීකර්ස් ඇදගෙන ඉන්න ඕනේ නෑ ජස්ට් මේක ගෙනල්ලා තිබ්බහම ඇති වීඩියෝ කන්ෆරන්","රි identify කරලා ඒක enhance කරලා දෙනවා, So එයා කතා කරන එක විතරක් හරියට ඇහෙන්න ගන්නවා. So external microphones නැත්නම් external speakers ඇදගෙන ඉන්න ඕනේ නෑ just මේක ගෙනල්ලා තිබ්බහම ඇති video conferen"
Download (464).wav,"වීඩියෝ කන්ෆරන්ස් එක හරියට ඔයාට කරගන්න පුළුවන්. ඊළඟට අපි මේ පැනල් එකේ කනෙක්ටිවිටි එක ගැන කතා කරලා ඉමු. ඔෆ්කෝස් මේකේ පිටිපස්සෙත් පෝට්ස් තියෙනවා, ඉස්සරහත් පෝට්ස් තියෙනවා. මුලින්ම අපි ඉස්සරහා තියෙන පෝට්ස් ටික බලලා ඉමු. ඔයාට එච්.ඩී.එම්.අයි ටූ","video conference එක හරියට ඔයාට කරගන්න පුළුවන්. ඊළඟට අපි මේ panel එකේ connectivity එක ගැන කතා කරලා ඉමු. Of course මේකේ පිටිපස්සෙත් ports තියෙනවා, ඉස්සරහත් ports තියෙනවා. මුලින්ම අපි ඉස්සරහා තියෙන ports ටික බලලා ඉමු. ඔයාට HDMI 2"
Download (465).wav,"එම්.අයි 2.0 අවුට්පුට් එකක් ගන්න පුළුවන් ඒ වගේම යූ.එස්.බී 3.0 පෝට්ස් දෙකක්, යූ.එස්.බී 2.0 පෝට් එකක්, ටයිප් සී පෝට් එකක් බලාගන්න පුළුවන්. සෝ ටීචර් කෙනෙක්ට වගේ මේක ලේසියෙන්ම එයාලගේ ලැප්ටොප් එක","MI 2.0 output එකක් ගන්න පුළුවන් ඒ වගේම USB 3.0 ports දෙකක්, USB 2.0 port එකක්, Type C port එකක් බලාගන්න පුළුවන්. So teacher කෙනෙක්ට වගේ මේක ලේසියෙන්ම එයාලගේ laptop එක"
Download (466).wav,"ලැප්ටොප් එක නැත්නම් පෙන් ඩ්‍රයිව් එක ලේසියෙන්ම ප්ලග් කරගන්න පුළුවන්, ඇතුලට අත දාගෙන ඉන්න ඕනේ නෑ. පිටිපස්සෙ බැලුවොත් එහෙම ඔයාට එච්.ඩී.එම්.අයි පෝට්ස් දෙකක් බලාගන්න පුළුවන්, ටයිප් සී පෝට් එකයි, යූ.එස්.බී 3.0 පෝට් එකක්","laptop එක නැත්නම් pen drive එක ලේසියෙන්ම plug කරගන්න පුළුවන්, ඇතුලට අත දාගෙන ඉන්න ඕනේ නෑ. පිටිපස්සෙ බැලුවොත් එහෙම ඔයාට HDMI ports දෙකක් බලාගන්න පුළුවන්, Type C port එකයි, USB 3.0 port එකක්"
Download (467).wav,"පෝට් එකක්, ඒ වගේම යූ.එස්.බී 2.0 පෝට්ස් දෙකක්, ආර්.ජේ 45 ඊතර්නෙට් පෝට් එකක්, ලයින් අවුට් ඒ වගේම ලයින් ඉන් පෝට්ස් එකක්. ඒ වගේම ඩුවෙල් බෑන්ඩ් වයිෆයි සිස්ටම් එකක් හම්බෙනවා 2.4 ගිගාහර්ට්ස්","port එකක්, ඒ වගේම USB 2.0 ports දෙකක්, RJ45 ethernet port එකක්, line out ඒ වගේම line in ports එකක්. ඒ වගේම dual band WiFi system එකක් හම්බෙනවා 2.4 GHz"
Download (468).wav,ගිගාහර්ට්සුත් සපෝට් කරනවා 5.0 ගිගාහර්ට්සුත් සපෝට් කරනවා. ඊට අමතරව බ්ලූටූත් සපෝට් කරනවා ප්ලස් ස්ක්‍රීන් මිරරිනුත් සපෝට් කරනවා. ඒ කියන්නේ දැන් ඔයා ක්ලාස් රූම් එකේ ඉන්නකොට කාටහරි එයාගේ ලැප්ටොප් එකේ තියෙන දෙයක් නැත්නම්,GHzුත් support කරනවා 5.0 GHzුත් support කරනවා. ඊට අමතරව Bluetooth support කරනවා plus screen mirrorinුත් support කරනවා. ඒ කියන්නේ දැන් ඔයා classroom එකේ ඉන්නකොට කාටහරි එයාගේ laptop එකේ තියෙන දෙයක් නැත්නම්
Download (469).wav,"දෙයක් නැත්නම් මොබයිල් ෆෝන් එකේ තියෙන දෙයක් මේකට ස්ක්‍රීන් කරන්න ඕනේ නම් එයාලට ලේසියෙන්ම ස්ක්‍රීන් කරන්න පුළුවන් වයර්ලස්ලි, වයර් එකක් කනෙක්ට් කරන්න ඕනේ කියලා අවශ්‍යතාවයක් නෑ. සෝ කන්ෆරන්ස් රූම් එකකට වගේ මේක ඇත්තටම හොඳ ඩිවයිස්","දෙයක් නැත්නම් mobile phone එකේ තියෙන දෙයක් මේකට screen කරන්න ඕනේ නම් එයාලට ලේසියෙන්ම screen කරන්න පුළුවන් wirelessly, wire එකක් connect කරන්න ඕනේ කියලා අවශ්‍යතාවයක් නෑ. So conference room එකකට වගේ මේක ඇත්තටම හොඳ device"
Download (470).wav,"එකක්, දැන් කාටහරි එයාලගේ ලැප්ටොප් එකේ ස්ක්‍රීන් එක මිරර් කරන්න ඕනේ නම් ලේසියෙන්ම මිරර් කරන්න පුළුවන්. එක්ස්ට්‍රා වයර්ස් ඕනේ නෑ, එක්ස්ට්‍රා ස්පීකර්ස් ඕනේ නෑ, කිසිම දෙයක් අවශ්‍ය වෙන්නේ නෑ. සෝ ජස්ට් බෝඩ් රූම් එකට මෙන්න මේ පැනල් එක ගෙනල්ලා","එකක්, දැන් කාටහරි එයාලගේ laptop එකේ screen එක mirror කරන්න ඕනේ නම් ලේසියෙන්ම mirror කරන්න පුළුවන්. extra wires ඕනේ නෑ, extra speakers ඕනේ නෑ, කිසිම දෙයක් අවශ්‍ය වෙන්නේ නෑ. So just board room එකට මෙන්න මේ panel එක ගෙනල්ලා"
Download (471).wav,"ල එක ගෙනල්ලා තියාගත්තහම ඇති, ඔක්කොම වැඩ ටික ඩන්. ආයේ වයර්ස් ඇද ඇද ඉන්න ඕනේ නෑ. දැන් ඊළඟට එන ප්‍රශ්නේ තමා, ඕඩියෝ. මේකේ කොච්චර දුරට ඕඩියෝ එක හොඳයිද? මං ඒකේ සාම්පල් එකක්ම පෙන්නන්නම්කෝ","ල එක ගෙනල්ලා තියාගත්තහම ඇති, ඔක්කොම වැඩ ටික done. ආයේ wires ඇද ඇද ඉන්න ඕනේ නෑ. දැන් ඊළඟට එන ප්‍රශ්නේ තමා, audio. මේකේ කොච්චර දුරට audio එක හොඳයිද? මං ඒකේ sample එකක්ම පෙන්නන්නම්කෝ"
Download (472).wav,"මේකේ දෙපැත්තෙම ෆිෆ්ටීන් වොට් ස්පීකර්ස් දෙකක් බලාගන්න පුළුවන්, සෝ තර්ටි වොට් ටෝටල් අවුට්පුට් එකක් හම්බෙනවා. මේකෙ මියුසික් එකක් ප්ලේ කරොත් එන සවුන්ඩ් කොලිටි එක ඔයාලා දැන් කලින් අහලා ඇති","මේකේ දෙපැත්තෙම 15 watt speakers දෙකක් බලාගන්න පුළුවන්, so 30 watt total output එකක් හම්බෙනවා. මේකෙ music එකක් play කරොත් එන sound quality එක ඔයාලා දැන් කලින් අහලා ඇති"
Download (473).wav,"දි, වෝකල් එකක් තියෙන ප්‍රසන්ටේෂන් එකක් නැත්නම් මොකක් හරි ප්ලේ කරොත් එන සවුන්ඩ් කොලිටි එක දැන් ඔයාලට බලාගන්න පුළුවන් අපි අපේම චැනල් එකේ වීඩියෝ එකක් ප්ලේ කරලා පෙන්නන්නම්. ඒ වගේම ස්පීඩ් එකත් සෑහෙන දුරට","දි, vocal එකක් තියෙන presentation එකක් නැත්නම් මොකක් හරි play කරොත් එන sound quality එක දැන් ඔයාලට බලාගන්න පුළුවන් අපි අපේම channel එකේ video එකක් play කරලා පෙන්නන්නම්. ඒ වගේම speed එකත් සෑහෙන දුරට"
Download (474).wav,"සෑහෙන දුරට තියෙනවා. මෙතන එකම ස්ලිට් කරන්න ඕනේ නෑ, ඔයා කැමති මොඩල් එකක් ස්ලිට් කරන්න පුළුවන්. සෝ මේකේ සවුන්ඩ් කොලිටි එක බේසික් ක්ලාස් රූම් එකක් නැත්නම් කන්ෆරන්ස් හෝල් එකක වගේ හොඳටම ඇති","සෑහෙන දුරට තියෙනවා. මෙතන එකම split කරන්න ඕනේ නෑ, ඔයා කැමති model එකක් split කරන්න පුළුවන්. So මේකේ sound quality එක basic classroom එකක් නැත්නම් conference hall එකක වගේ හොඳටම ඇති"
Download (475).wav,ඇති. ඔයාට එක්ස්ට්‍රා බේස් සවුන්ඩ්ස් ඕනෙනම් ඔයාට ලයින් අවුට් පෝට් එකක් තියෙනවා තව එක්ස්ටර්නල් ස්පීකර්ස් කනෙක්ට් කරලා සවුන්ඩ්ස් වැඩි කරගන්න පුළුවන්. මං කලින් කිව්ව වගේ මේ ටෙක්නෝ,ඇති. ඔයාට extra base sounds ඕනෙනම් ඔයාට line out port එකක් තියෙනවා තව external speakers connect කරලා sounds වැඩි කරගන්න පුළුවන්. මං කලින් කිව්ව වගේ මේ Techno
Download (476).wav,නේ ටෙක්නොවිව් පැනල්ස් ෆිෆ්ටි ෆයිව් ඉන්ච් ඉදන් වන් හන්ඩ්‍රඩ් ෆයිව් ඉන්ච් වෙනකන් තියෙනවා. සෝ සික්ස්ටි ෆයිව් ඉන්ච් එකක් ඇති ස්ටෑන්ඩර්ඩ් ක්ලාස් රූම් එකකට එහෙම නැත්නම් මිඩ් සයිස් මීටින් රූම් එකකට,නේ Technoview panels 55 inch ඉදන් 105 inch වෙනකන් තියෙනවා. So 65 inch එකක් ඇති standard classroom එකකට එහෙම නැත්නම් mid size meeting room එකකට
Download (477).wav,"සෙවන්ටි ෆයිව් ඉන්ච් ගියොත් එහෙම ඒක තමා දැන් අපි රිවීව් කරන එක, ඒ වගේම එයිටි ෆයිව් ඉන්ච්, නයින්ටි ෆයිව් ඉන්ච්, වන් හන්ඩ්‍රඩ් ඇන්ඩ් ෆයිව් ඉන්ච් තියෙනවා ඔයා අවශ්‍ය කරන සයිස් එකට අනුව ඔයා එකක් තෝරගන්න. ඕල්මෝස්ට් ස්පෙක්ස් ටික","75 inch ගියොත් එහෙම ඒක තමා දැන් අපි review කරන එක, ඒ වගේම 85 inch, 95 inch, 105 inch තියෙනවා ඔයා අවශ්‍ය කරන size එකට අනුව ඔයා එකක් තෝරගන්න. Almost specs ටික"
Download (478).wav,"ස් ටික සිමිලර් මේ හැම එකේම, මං ඒක තමා කලින්ම මෙන්ෂන් කරේ. මේ ඔක්කොම පැනල්ස් වල එකම ටෙක්නොලොජි එක තමා යූස් කරන්නේ ඩිස්ප්ලේස් වල, එකම කැමරා එක එන්නේ, එකම ස්පීකර්ස්, එකම පෝට්ස් ගණන් තමා එන්නේ","ස් ටික similar මේ හැම එකේම, මං ඒක තමා කලින්ම mention කරේ. මේ ඔක්කොම panels වල එකම technology එක තමා use කරන්නේ displays වල, එකම camera එක එන්නේ, එකම speakers, එකම ports ගණන් තමා එන්නේ"
Download (479).wav,"ා එන්නේ, ඩිෆරන්ස් එක වෙන්නේ පැනල් එකේ සයිස් එක විතරයි. සෝ මේ එක රිවිව් එකෙන් ඔයාට දැනගන්න පුළුවන් මේ ඔක්කොම සයිසස් කොහොමද හරියට පර්ෆෝම් වෙන්නේ කියලා. බොක්ස් එකේම ඔයාට ස්ටයිලස් පෙන් දෙකක් හම්බෙනවා, ඒත් එක්කම රිමෝට් කො","ා එන්නේ, difference එක වෙන්නේ panel එකේ size එක විතරයි. So මේ එක review එකෙන් ඔයාට දැනගන්න පුළුවන් මේ ඔක්කොම sizes කොහොමද හරියට perform වෙන්නේ කියලා. Box එකේම ඔයාට stylus pen දෙකක් හම්බෙනවා, ඒත් එක්කම remote කො"
Download (480).wav,රිමෝට් කන්ට්‍රෝලර් එකක් හම්බෙනවා ප්ලස් මේකට අවශ්‍ය කරන වෝල් මවුන්ට්ස් බ්‍රැකට්ස් ඔක්කොම බොක්ස් එකේම ඉන්ක්ලූඩඩ්. මෙන්න මේ පැනල් එක අරන් වෝල් මවුන්ට් කරලා ඔයාට අවශ්‍ය කරන විදියට යූස් කරන්න පුළුවන් හැබැයි මෙන්න මේ ස්ටෑන්ඩ් එක ඔයාලට,remote controller එකක් හම්බෙනවා plus මේකට අවශ්‍ය කරන wall mounts brackets ඔක්කොම box එකේම included. මෙන්න මේ panel එක අරන් wall mount කරලා ඔයාට අවශ්‍ය කරන විදියට use කරන්න පුළුවන් හැබැයි මෙන්න මේ stand එක ඔයාලට
Download (481).wav,"ඔයාලට වෙනම පර්චස් කරගන්න තමා තියෙන්නේ. මේකේ ඕල්රෙඩී රන් වෙන්නේ ඇන්ඩ්‍රොයිඩ් ඕඑස් ෆෝටීන් හැබැයි සමහර කට්ටියට අවශ්‍යතාවයක් තියෙනවා වින්ඩෝස් රන් කරගන්න, එතකොට ඔයාට පුළුවන් මෙන්න මේ ඕපීඑස් යුනිට් එක අරන් පිටිපස්සේ ඇටෑච් කරගන්න","ඔයාලට වෙනම purchase කරගන්න තමා තියෙන්නේ. මේකේ already run වෙන්නේ Android OS 14 හැබැයි සමහර කට්ටියට අවශ්‍යතාවයක් තියෙනවා Windows run කරගන්න, එතකොට ඔයාට පුළුවන් මෙන්න මේ OPS unit එක අරන් පිටිපස්සේ attach කරගන්න"
Download (482).wav,ඒ වගේම මේ ස්ටෑන්ඩ් එකේ පල්ලෙහා ඔයාට මෙන්න මේ වගේ වීල්ස් බලාගන්න පුළුවන් ලේසියෙන් මේක එහාට මෙහාට මූව් කරන්න. ඒ වගේම මේකේ වොරන්ටි එක බැලුවොත් එහෙම ත්‍රී ඉයර්ස් මැනිෆැක්ච,ඒ වගේම මේ stand එකේ පල්ලෙහා ඔයාට මෙන්න මේ වගේ wheels බලාගන්න පුළුවන් ලේසියෙන් මේක එහාට මෙහාට move කරන්න. ඒ වගේම මේකේ warranty එක බැලුවොත් එහෙම 3 years manufactur
Download (483).wav,මැනිෆැක්චර්ඩ් ඩිෆෙක්ට්ස් වලට වොරන්ටි එක හම්බෙනවා ටෙක්නොවිව්ලගෙන්. ඊට අමතරව ෆිෆ්ටි තවුසන්ඩ් අවර්ස් ඔෆ් ලයිෆ් ස්පෑන් එකක් තියෙනවා මං කලින් කිව්ව වගේම. සෝ ටෙක්නොවිව්ලා මේක නිකන් අවුරුද්දක් දෙකක් පාවිච්චි කරන්න,manufactured defects වලට warranty එක හම්බෙනවා Technoview ලගෙන්. ඊට අමතරව 50000 hours of lifespan එකක් තියෙනවා මං කලින් කිව්ව වගේම. So Technoview ලා මේක නිකන් අවුරුද්දක් දෙකක් පාවිච්චි කරන්න
Download (484).wav,"පාවිච්චි කරලා අයින් කරන විදියට නෙමෙයි හදන්නේ, මේක ඔයාලා එක සැරයක් බයි කරා නම් කාලයක් තිස්සේ මේක යූස් කරන්න පුළුවන්. සෝ මේ ඉන්ටරැක්ටිව් පැනල් එකේ ෆෝකේ සික්ස්ටි එෆ්පීඑස් ස්ක්‍රීන් එකක්, ස්ටයිලස් දෙකක් හම්බෙනවා, ඒ වගේම","පාවිච්චි කරලා අයින් කරන විදියට නෙමෙයි හදන්නේ, මේක ඔයාලා එක සැරයක් buy කරා නම් කාලයක් තිස්සේ මේක use කරන්න පුළුවන්. So මේ interactive panel එකේ 4K 60fps screen එකක්, stylus දෙකක් හම්බෙනවා, ඒ වගේම"
Download (485).wav,"වින්ඩෝස් එක්ක කනෙක්ට් කරොත් එහෙම ෆෝටි ටච් පොයින්ට්ස්, ඇන්ඩ්‍රොයිඩ් ෆෝටීන්, තර්ටි වොට් ඕඩියෝ අවුට්පුට් එකක්, ඒ වගේම කනෙක්ටිවිටි ඩුවෙල් බෑන්ඩ් වයිෆයි ඒ කියන්නේ ටූ පොයින්ට් ෆෝ ගිගාහර්ට්ස්","Windows එක්ක connect කරොත් එහෙම 40 touch points, Android 14, 30 watt audio output එකක්, ඒ වගේම connectivity dual band WiFi ඒ කියන්නේ 2.4 GHz"
Download (486).wav,"ෆෝ ගිගාහර්ට්ස් ඒ වගේම ෆයිව් ගිගාහර්ට්ස් දෙකම කනෙක්ට් කරන්න පුළුවන්. ෆෝටි එයිට් මෙගාපික්සල් ඒඅයි කැමරා එකක්, මේ ඔක්කොම එකතුවෙලා මේක ෆුල් පැකේජ් එකක් එනවා, ඔයා කන්ෆරන්ස් රූම් එකක් එහෙම බිල්ඩ් කරනවා නම් වෙනම ආයේ","4 GHz ඒ වගේම 5 GHz දෙකම connect කරන්න පුළුවන්. 48 Megapixel AI camera එකක්, මේ ඔක්කොම එකතුවෙලා මේක full package එකක් එනවා, ඔයා conference room එකක් එහෙම build කරනවා නම් වෙනම ආයේ"
Download (487).wav,වෙනම ආයේ වයරින් කරගන්න ඉන්න ඕනේ නෑ ජස්ට් මේක ගෙනල්ලා තිබ්බහම ඇති කම්ප්ලීට්ලි වැඩේ ඩන්. සෝ ඔයා ප්‍රොජෙක්ටර්ස් දාලා සවුන්ඩ් සිස්ටම්ස් දාලා කේබල්ස් ඇදගෙන වියදම් කරනකට වැඩිය මෙන්න මේ වගේ පැනල් එකක්,වෙනම ආයේ wiring කරගන්න ඉන්න ඕනේ නෑ just මේක ගෙනල්ලා තිබ්බහම ඇති completely වැඩේ done. So ඔයා projectors දාලා sound systems දාලා cables ඇදගෙන වියදම් කරනකට වැඩිය මෙන්න මේ වගේ panel එකක්
Download (488).wav,පැනල් එකට ඉන්වෙස්ට් කරන එක ඇත්තටම හොඳ අයිඩියා එකක්. ඇන්ඩ් මේ පැනල් එක ඔයාලට මිලදී ගන්න ඕනේ නම් ටෙක්නොවිව් ඕතරයිස් රීසෙලර්ස්ලගෙන් ලංකාව පුරාම ජෙනුයින් වොරන්ටි එක්ක දැන් මිලදී ගන්න පුළුවන්,panel එකට invest කරන එක ඇත්තටම හොඳ idea එකක්. And මේ panel එක ඔයාලට මිලදී ගන්න ඕනේ නම් Technoview authorized resellers ලගෙන් ලංකාව පුරාම genuine warranty එක්ක දැන් මිලදී ගන්න පුළුවන්
Download (489).wav,පුළුවන්. ඇන්ඩ් ඕල්රෙඩි ඔයාලා මෙන්න මේ වගේ පැනල් එකක් යූස් කරනවා නම් ඔයාලගේ එක්ස්පීරියන්ස් කොහොමද කියලා පල්ලෙහා කමෙන්ට් කරන්න ඇන්ඩ් මේ වගේ තවත් යූස්ෆුල් වීඩියෝ එකකින් මං ඔයාලව ආයෙත් හමුවෙන්නම් අන්ටිල් දෙන් පීස්,පුළුවන්. And already ඔයාලා මෙන්න මේ වගේ panel එකක් use කරනවා නම් ඔයාලගේ experience කොහොමද කියලා පල්ලෙහා comment කරන්න and මේ වගේ තවත් useful video එකකින් මං ඔයාලව ආයෙත් හමුවෙන්නම් until then peace
Download (490).wav,"ගයිස්, මේක තමා ෆෝසා හොරයිසන් ලෙවල් එකේ තියෙන බෙස්ට් ඇන්ඩ්‍රොයිඩ් කාර් ගේම් එක. මේ කාර් ගේම් එකේ ප්ලේ කරන්න පුළුවන් ඔෆීෂියල් කාර් කලෙක්ෂන් එකප","Guys, මේක තමා Forza Horizon level එකේ තියෙන best Android car game එක. මේ car game එකේ play කරන්න පුළුවන් official car collection එකප"
Download (491).wav,ෂන් එක පොඩ්ඩක් බලලා ඉන්නකො. ඇන්ඩ් මේකේ ග්‍රැෆික්ස් කොලිටි එකත් පොඩ්ඩක් බලන්නකො. මේක ඇත්තටම කන්සෝල් කොලිටි ගේම් එකක් ඔයාගේ ඇන්ඩ්‍රොයිඩ් ෆෝන් එකේ. මේකේ ග්‍රැෆික්ස් බැලුවොත් එහෙම නෙක්ස්ට්,tion එක පොඩ්ඩක් බලලා ඉන්නකො. And මේකේ graphics quality එකත් පොඩ්ඩක් බලන්නකො. මේක ඇත්තටම console quality game එකක් ඔයාගේ Android phone එකේ. මේකේ graphics බැලුවොත් එහෙම next
Download (492).wav,එහෙම නෙක්ස්ට් ලෙවල් ඇන්ඩ් සික්ස්ටි එෆ්පීඑස් වල ඔයාට පර්ෆෝමන්සුත් හොඳයි. ඒ වගේම මේක ඩවුන්ලෝඩ් කරපු වෙලේ ඉදන් මාත් හැමදාම මේ ගේම් එක ප්ලේ කරනවා. ඒ වගේම මේ වීඩියෝ එක,එහෙම next level and 60 FPS වල ඔයාට performance ත් හොඳයි. ඒ වගේම මේක download කරපු වෙලේ ඉදන් මාත් හැමදාම මේ game එක play කරනවා. ඒ වගේම මේ video එක
Download (493).wav,"මේ වීඩියෝ එකට ලයික් ඇන්ඩ් සේව් කරලා තියාගන්න, එතකොට ඔයාට මේක ආයේ අමතක වෙන්නේ නෑ. ගේම් එකේ නම ඇවිල්ලා රේසිං මාස්ටර් රිවීව් මාස්ටර් නෙමෙයි හැබැයි මේක ශ්‍රී ලංකන් ප්ලේ","මේ video එකට like and save කරලා තියාගන්න, එතකොට ඔයාට මේක ආයේ අමතක වෙන්නේ නෑ. Game එකේ නම ඇවිල්ලා Racing Master review master නෙමෙයි හැබැයි මේක Sri Lankan play"
Download (494).wav,න්කන් ප්ලේස්ටෝ එකේ අවේලබල් නෑ. හැබැයි ගේම් එක ඩවුන්ලෝඩ් කරගන්න පුළුවන් ලින්ක් එක මං පල්ලෙහා කැප්ෂන් එකේ නැත්තං ෆස්ට් කමෙන්ට් එකේ දාන්නම් ඒකෙන් ඔයාට පුළුවන් ඒක ඩවුන්ලෝඩ් කරලා ඉන්ස්ටෝල් ක,න්කන් Play Store එකේ available නෑ. හැබැයි game එක download කරගන්න පුළුවන් link එක මං පල්ලෙහා caption එකේ නැත්තං first comment එකේ දාන්නම් ඒකෙන් ඔයාට පුළුවන් ඒක download කරලා install ක
Download (495).wav,ඉන්ස්ටෝල් කරලා එවෙලේම ප්ලේ කරන්න. මේ ගේම් එක ගැන ඔයා මොකක්ද හිතන්නේ කියලා පල්ලෙහා කමෙන්ට් කරන්න ඇන්ඩ් මේ වගේ තවත් වීඩියෝ එකකින් මං ඔයාලව ආයෙත් හමුවෙන්නම් අන්ටිල් දෙන් පීස්,install කරලා එවෙලේම play කරන්න. මේ game එක ගැන ඔයා මොකක්ද හිතන්නේ කියලා පල්ලෙහා comment කරන්න and මේ වගේ තවත් video එකකින් මං ඔයාලව ආයෙත් හමුවෙන්නම් until then peace
Download (496).wav,"ඔයා ෆයිවර් ඇන්ඩ් අප්වර්ක් වල වැඩ කරන ශ්‍රී ලංකන් ෆ්‍රීලාන්සර් කෙනෙක් නම් ඔයා දවසින් දවස සල්ලි නාස්ති කරගන්නවා. ඇන්ඩ් මේක ෆික්ස් කරන හැටි මං ඔයාලට කියන්නම්. සෝ අපි හොනස්ට්ලි කතා කරමුකො, වයිස් අපෙන් චාජ් කරනවා ඒ වගේම","ඔයා Fiverr and Upwork වල වැඩ කරන Sri Lankan freelancer කෙනෙක් නම් ඔයා දවසින් දවස සල්ලි නාස්ති කරගන්නවා. And මේක fix කරන හැටි මං ඔයාලට කියන්නම්. So අපි honestly කතා කරමුකො, Wise අපෙන් charge කරනවා ඒ වගේම"
Download (497).wav,වා ඒ වගේම පේපෑලුත් අපේ පේමන්ට්ස් වලට චාජ් කරනවා. ඒ වගේම ඉතුරු වෙච්ච සල්ලි ටික ආයේ ඔයාගේ බෑන්ක් එකවුන්ට් එකට ට්‍රාන්ස්ෆර් කරනකොට වෙනම එක්ස්චේන්ජ් රේට් කියලා එතනත් සල්ලි නාස්ති වෙනවා. සෝ මේ ගේම් එක සම්පූර්ණයෙන් වෙනස් කරන්න,වා ඒ වගේම PayPal ත් අපේ payments වලට charge කරනවා. ඒ වගේම ඉතුරු වෙච්ච සල්ලි ටික ආයේ ඔයාගේ bank account එකට transfer කරනකොට වෙනම exchange rate කියලා එතනත් සල්ලි නාස්ති වෙනවා. So මේ game එක සම්පූර්ණයෙන් වෙනස් කරන්න
Download (498).wav,ස්කරන්න ඇප් එකක් තියෙනවා. ඒක තමා එලිවේට් පේ. පළවෙනි එක මේකෙන් ඔයාට ඇත්ත යූඑස් බෑන්කින් එකවුන්ට් එකක් හම්බෙනවා රවුටින් නම්බර් එකත් එක්ක. ඒ වගේම මේක එෆ්ඩීඅයිසී ඉන්ෂුවර්ඩ් කොහොමද ලෝකල් යූඑස්,ස්කරන්න app එකක් තියෙනවා. ඒක තමා Elevate Pay. පළවෙනි එක මේකෙන් ඔයාට ඇත්ත US banking account එකක් හම්බෙනවා routing number එකත් එක්ක. ඒ වගේම මේක FDIC insured කොහොමද local US
Download (499).wav,"යූඑස් සිටිසන් කෙනෙක්ට ඒ එකවුන්ට් එක හම්බෙනවා වගේම, ඔයාටත් ඒ ඩීටේල්ස් ටික හම්බෙනවා. ඊට පස්සේ ඔයාට කරන්න තියෙන්නේ ඔයාගේ අප්වර්ක් නැත්නම් ෆයිවර් වල ගිහින් පේමන්ට් සෙටින්ග්ස් වල ඔයාගේ මෙන්න මේ ඩීටේල්ස් ටික එන්ටර් කරන්න. ඊට පස්සේ ඔයාගේ ක්ලයන්ට්ස්ලට","US citizen කෙනෙක්ට ඒ account එක හම්බෙනවා වගේම, ඔයාටත් ඒ details ටික හම්බෙනවා. ඊට පස්සේ ඔයාට කරන්න තියෙන්නේ ඔයාගේ Upwork නැත්නම් Fiverr වල ගිහින් payment settings වල ඔයාගේ මෙන්න මේ details ටික enter කරන්න. ඊට පස්සේ ඔයාගේ clientsලට"
Download (500).wav,ක්ලයන්ට්ස්ලට පුළුවන් ඔයා යූඑස් වෙලා ඉන්නවා කියලා හිතාගෙන ඔයාගේ එකවුන්ට් එකට සල්ලි ට්‍රාන්ස්ෆර් කරන්න. ඇන්ඩ් දෙවෙනි එක තමා ඔයා ශ්‍රී ලංකන් බෑන්ක් එකවුන්ට් එකට මේක විත්ඩ්‍රෝ කරනකොට ෆ්ලැට් 1.5 ඩොලර්ස් විතරයි කැපෙන්නේ. පර්සන්ටේජ් ෆී එකක්,clientsලට පුළුවන් ඔයා US වෙලා ඉන්නවා කියලා හිතාගෙන ඔයාගේ account එකට සල්ලි transfer කරන්න. and දෙවෙනි එක තමා ඔයා Sri Lankan bank account එකට මේක withdraw කරනකොට flat 1.5 dollars විතරයි කැපෙන්නේ. percentage fee එකක්
Download (501).wav,"ෆී එකක් නෙමෙයි කැපෙන්නේ, ඒ වගේම කිසිම හිඩන් චාර්ජ් එකක් වෙන්නේ නැහැ. ඒ වගේම එක්ස්චේන්ජ් රේට් එකත් මාර්කට් එකේ තියෙන බෙස්ට්ම රේට් එක හම්බෙන්නේ. මේ රේට් එකට ඔයාලට වෙන ප්ලැට්ෆෝම්ස් වලින් අද වෙනකොට හම්බෙන්නේ නැහැ. ඇන්ඩ් තුන්වෙනි එක තමයි ඔයාගේ ලෝකල්","fee එකක් නෙමෙයි කැපෙන්නේ, ඒ වගේම කිසිම hidden charge එකක් වෙන්නේ නැහැ. ඒ වගේම exchange rate එකත් මාර්කට් එකේ තියෙන best ම rate එක හම්බෙන්නේ. මේ rate එකට ඔයාලට වෙන platforms වලින් අද වෙනකොට හම්බෙන්නේ නැහැ. And තුන්වෙනි එක තමයි ඔයාගේ local"
Download (502).wav,"ලෝකල් බෑන්ක් එකවුන්ට් එකට ඉමිඩියට්ලි ට්‍රාන්ස්ෆර් එක වෙනවා. ඔයාට ලයිව් එක්ස්චේන්ජ් රේට් එක, ඔයා ට්‍රාන්ස්ෆර් කරන්න කලින්ම ඔයාට බලාගන්න පුළුවන්. ඒකෙන් ඔයාලට අයිඩියා එකක් ගන්න පුළුවන්, ඔයාලට කොච්චර එමවුන්ට් එකක් ඔයාගේ ලෝකල් බෑන්ක් එකවුන්ට් එකට එනවාද කියලා. ඒ වගේම","local bank account එකට immediately transfer එක වෙනවා. ඔයාට live exchange rate එක, ඔයා transfer කරන්න කලින්ම ඔයාට බලාගන්න පුළුවන්. ඒකෙන් ඔයාලට idea එකක් ගන්න පුළුවන්, ඔයාලට කොච්චර amount එකක් ඔයාගේ local bank account එකට එනවාද කියලා. ඒ වගේම"
Download (503).wav,"ඒ වගේම මේක එකවුන්ට් එකක් ඕපන් කරන්න සීරෝ ඕපනිංග් ෆී, ඒ වගේම මිනිමම් බැලන්ස් එකක් කියලා ඔයාට ගාණක් තියාගෙන ඉන්න ඕනේ නැහැ. ඒ වගේම තව මාස දෙකකින් ගූගල් පේ ඇන්ඩ් ඇපල් පේ සපෝර්ට් කරන වර්චුවල් කාඩ්ස් ත් එන්න ඉඩ තියෙනවා","ඒ වගේම මේක account එකක් open කරන්න zero opening fee, ඒ වගේම minimum balance එකක් කියලා ඔයාට ගාණක් තියාගෙන ඉන්න ඕනේ නැහැ. ඒ වගේම තව මාස දෙකකින් Google Pay and Apple Pay support කරන virtual cards ත් එන්න ඉඩ තියෙනවා."
Download (504).wav,ඉඩ තියෙනවා. මුලින්ම ජොයින් වෙන කට්ටියට මුලින්ම ඒවා ගන්න පුළුවන්.ඇන්ඩ් පර්සනලි මමත් මේ ඇප් එක යූස් කරනකන් ඉන්නේ. මමත් රීසන්ට්ලි 200 ඩොලර්  මේකට ට්‍රාන්ස්ෆර් කරා. ඒ වගේම එමවුන්ට් එක මිනිත්තුවක් ඇතුළත මගේ එකවුන්ට් එකට ට්‍රාන්ස්ෆර් වුණා.,ඉඩ තියෙනවා. මුලින්ම join වෙන කට්ටියට මුලින්ම ඒවා ගන්න පුළුවන්.And personally මමත් මේ app එක use කරනකමන් ඉන්නේ. මමත් recently 200 dollers මේකට transfer කරා. ඒ වගේම amount එක මිනිත්තුවක් ඇතුළත මගේ account එකට transfer වුණා.
Download (505).wav,"ට්‍රාන්ස්ෆර් වුණා. ඒ වගේම මට හම්බවෙච්ච රේට් එක පේපෑල් ඇන්ඩ් වයිස් ලා ඔෆර් කරනවට වැඩිය හොඳ රේට් එකක් හම්බුණා. ඔයා ෆොරින් ක්ලයන්ට්ස්ලත් එක්ක වැඩ කරනවා නම් මේක ඇත්තටම හොඳ ඔප්ෂන් එකක්, ට්‍රයි කරලා බලන්න. ඇප් එක ඔයාලට ප්ලේ ස්ටෝර් ඇන්ඩ් ඇප් ස්ටෝර් වල ඩවුන්ලෝඩ් කරගන්න","transfer වුණා. ඒ වගේම මට හම්බවෙච්ච rate එක PayPal and Wise ලා offer කරනවට වැඩිය හොඳ rate එකක් හම්බුණා. ඔයා foreign clients ලත් එක්ක වැඩ කරනවා නම් මේක ඇත්තටම හොඳ option එකක්, try කරලා බලන්න. App එක ඔයාලට Play Store ඇන්ඩ් App Store වල download කරගන්න"
Download (506).wav,"ඩවුන්ලෝඩ් කරගන්න පුළුවන්. එහෙම නැත්නම් ලින්ක් එක මගේ බයෝ එකේ තියෙනවා, ඔයාලට ඒකෙන් ගන්න පුළුවන්. ඔයාගේ සෙට් එකේ අනවශ්‍ය විදිහට ෆීස් ගෙවන, නැත්නම් පේමන්ට් එකක් අරගන්න බැරුව ඉන්න යාළුවව ටැග් කරගෙන යන්න. පීස්","download කරගන්න පුළුවන්. එහෙම නැත්නම් link එක මගේ bio එකේ තියෙනවා, ඔයාලට ඒකෙන් ගන්න පුළුවන්. ඔයාගේ සෙට් එකේ අනවශ්‍ය විදිහට fees ගෙවන, නැත්නම් payment එකක් අරගන්න බැරුව ඉන්න යාළුවව tag කරගෙන යන්න. Peace"
Download (507).wav,"ඔන්න අයිෆෝන් එකේ ලොක් ස්ක්‍රීන් එකේ ඔයාට ඩෙප්ත් ඉෆෙක්ට් එක ගන්න පුළුවන්, කූල්. හැබැයි මේ ෆෝන් එකේ ඔයාලට හෝම් ස්ක්‍රීන් එකේම","ඔන්න iPhone එකේ lock screen එකේ ඔයාට depth effect එක ගන්න පුළුවන්, cool. හැබැයි මේ phone එකේ ඔයාලට home screen එකේම"
Download (508).wav,එකේම ඩෙප්ත් ඉෆෙක්ට් එක ගන්න පුළුවන්. මාරුනේ? ටිපිකල් ෆෘට් ෆෝන් එකට වඩා මෙන්න මේ ෆෝන් එකේ කරගන්න පුළුවන් දේවල් තුනක්.,එකේම depth effect එක ගන්න පුළුවන්. මාරුනේ? Typical fruit phone එකට වඩා මෙන්න මේ phone එකේ කරගන්න පුළුවන් දේවල් තුනක්
Download (509).wav,"ඔන්න මම මේක අයිෆෝන් එකේ ඉරේස් කරොත්, මෙන්න මේ විදිහට තමයි එන්නේ. ඊයා. හැබැයි මේ ෆෝන් එකේ ඔයාට ජස්ට් වන් ටැප් එකෙන්ම මේක ඉරේස් කරගන්න පුළුවන්. ඒ වගේම ඔයාලට ඉමේජස් වුණත් එක්ස්පෑන්ඩ් කරගන්න පුළුවන්.","ඔන්න මම මේක iPhone එකේ erase කරොත්, මෙන්න මේ විදිහට තමයි එන්නේ. ඊයා. හැබැයි මේ phone එකේ ඔයාට just one tap එකෙන්ම මේක erase කරගන්න පුළුවන්. ඒ වගේම ඔයාලට images වුණත් expand කරගන්න පුළුවන්."
Download (510).wav,"කරගන්න පුළුවන්. නම්බර් ටූ, මේ ෆෝන් එකේ කෝල් රෙකෝඩ් කරන්න, ඒවවල සමරි ගන්න, ඔටෝ ආන්සර් කරන්න විතරක් නෙවෙයි, ස්ක්‍රීන් එකේ ඕනෑම තැනක ට්‍රාන්ස්ලේට් කරගන්න පුළුවන්. ඒ වගේම තව ඒඅයි යූස් කරගෙන සෑහෙන දේවල්","කරගන්න පුළුවන්. Number two, මේ phone එකේ call record කරන්න, ඒවවල summary ගන්න, auto answer කරන්න විතරක් නෙවෙයි, screen එකේ ඕනෑම තැනක translate කරගන්න පුළුවන්. ඒ වගේම තව AI use කරගෙන සෑහෙන දේවල්"
Download (511).wav,"සෑහෙන දේවල් කරන්න පුළුවන්. හැබැයි අයිෆෝන් එකේ ""දිස් කෝල් විල් බී රෙකෝඩඩ්"". අයිෆෝන් එකේ ඔයාට යූස්ලස් කැමරා බටන් එකක් දීලා තියෙනකොට, මේ ෆෝන් එකේ ඔයාට එස්.පී.ඕ.2 සෙන්සර් එකක් දීලා තියෙනවා. මේකෙන්","සෑහෙන දේවල් කරන්න පුළුවන්. හැබැයි iPhone එකේ ""This call will be recorded"". iPhone එකේ ඔයාට useless camera button එකක් දීලා තියෙනකොට, මේ phone එකේ ඔයාට SpO2 sensor එකක් දීලා තියෙනවා. මේකෙන්"
Download (512).wav,"මේකෙන් ලේසියෙන්ම ඔයාගේ හාර්ට් රේට් ඒ වගේම බ්ලඩ් ඔක්සිජන් එහෙම මෙෂර් කරගන්න පුළුවන්. ෆෝන් එකේම ඒ.අයි. ඇසිස්ටන්ට් කෙනෙක් ඉන්නවා, හැබැයි වැඩේ කියන්නේ ඔයාගේ යූස් කේස් එකට අනුව ඔයාට කැමති එකක් සිලෙක්ට් කරගන්න පුළුවන්.","මේකෙන් ලේසියෙන්ම ඔයාගේ heart rate ඒ වගේම blood oxygen එහෙම measure කරගන්න පුළුවන්. Phone එකේම AI assistant කෙනෙක් ඉන්නවා, හැබැයි වැඩේ කියන්නේ ඔයාගේ use case එකට අනුව ඔයාට කැමති එකක් select කරගන්න පුළුවන්."
Download (513).wav,හැබැයි අයිෆෝන්,හැබැයි iPhone
Download (514).wav,"""හූ ඊස් ද කරන්ට් ශ්‍රී ලංකන් ටීම් කැප්ටන්?"" ""ඩූ යූ වෝන්ට් මී ටු යූස් චැට්ජීපීටී ටු ආන්සර් දැට්?""","""Who is the current Sri Lankan team captain?"" ""Do you want me to use Chat GPT to answer that?"""
Download (515).wav,"මේ ඔක්කොම රන් වෙන්නේ මේ ෆෝන් එකේ ස්නැප්ඩ්‍රැගන් 7එස් ජෙන් 4 ප්‍රොසෙසර් එකෙන් පවර් වෙලා තියෙන්නේ. ඩේ-ටු-ඩේ ටාස්ක්ස් ලේසියෙන්ම හෑන්ඩ්ල් කරන්න පුළුවන්, ඒ වගේම 6,500එම්.ඒ.එච්. බැටරි එකක්","මේ ඔක්කොම run වෙන්නේ මේ phone එකේ Snapdragon 7s Gen 4 processor එකෙන් power වෙලා තියෙන්නේ. Day-to-day tasks ලේසියෙන්ම handle කරන්න පුළුවන්, ඒ වගේම 6,500mAh battery එකක්"
Download (516).wav,"බැටරි එකක් තියෙනවා. 90වොට් ෆාස්ට් චාර්ජින්ග් සපෝර්ට් කරනවා. ඒ වගේම මොබයිල් ඩේටා යූස් කරගෙන ඔයාට දවසක් වුණත් කිසිම ප්‍රශ්නයක් නැතුව යූස් කරන්න පුළුවන්.6.78-ඉන්ච් ඇමොලෙඩ් ඩිස්ප්ලේ එකක් විතරක් නෙවෙයි,","battery එකක් තියෙනවා. 90W fast charging support කරනවා. ඒ වගේම mobile data use කරගෙන ඔයාට දවසක් වුණත් කිසිම ප්‍රශ්නයක් නැතුව use කරන්න පුළුවන්.6.78-inch AMOLED display එකක් විතරක් නෙවෙයි,"
Download (517).wav,"විතරක් නෙවෙයි, පිටිපස්සේ ඔයාට මැට්‍රික්ස් ඩිස්ප්ලේ එකක් බලාගන්න පුළුවන්. මේකේ තියෙන ස්පීකර්ස් දෙකම ජේ.බී.එල්. වලට ටියුන් කරලා තියෙන්නේ, ඇන්ඩ් සවුන්ඩ්ස් ත් ඇත්තටම හොඳයි. මේ තියෙන්නේ ඉන්ෆිනික්ස් නෝට් 60","විතරක් නෙවෙයි, පිටිපස්සේ ඔයාට matrix display එකක් බලාගන්න පුළුවන්. මේකේ තියෙන speakers දෙකම JBL වලට tune කරලා තියෙන්නේ, ඇන්ඩ් sounds ත් ඇත්තටම හොඳයි. මේ තියෙන්නේ Infinix Note 60"
Download (518).wav,නෝට් 60 ප්‍රෝ කියන ෆෝන් එක. මේක දැන් ඔයාට ලංකාවේ ජෙනුයින් වොරන්ටි එකක් එක්ක මිලදී ගන්න පුළුවන්. සෝ මෙන්න මේ වගේ කූල් ටෙක් රිවීව්ස් බලන්න ඕන නම් මාව ෆලෝ කරලා තියාගන්න. පීස්.,Note 60 Pro කියන phone එක. මේක දැන් ඔයාට ලංකාවේ genuine warranty එකක් එක්ක මිලදී ගන්න පුළුවන්. So මෙන්න මේ වගේ cool tech reviews බලන්න ඕන නම් මාව follow කරලා තියාගන්න. Peace.
Download (519).wav,"හයි එව්රිවන්! අද හැමෝම රික්වෙස්ට් කරපු වීඩියෝ එක මන් අරන් ඇවිල්ලා තියෙන්නේ. ඒක තමා ""ද බෙස්ට් ලැප්ටොප් ෆෝ ස්ටුඩන්ට්ස්"". ඉතින් මම අද අරන් ආපු ලැප්ටොප් එක තමයි ලෙනොවෝ අයිඩියාපෑඩ් ස්ලිම් 5 කියන ලැප්ටොප් එක.","Hi everyone! අද හැමෝම request කරපු video එක මන් අරන් ඇවිල්ලා තියෙන්නේ. ඒක තමා ""The Best Laptop for Students"". ඉතින් මම අද අරන් ආපු laptop එක තමයි Lenovo IdeaPad Slim 5 කියන laptop එක"
Download (520).wav,ඇත්තටම මේක හොඳ ලැප්ටොප් එකක්ද? මම මේක පර්සනලිම රිසර්ච් කරලා අරන් ආපු ලැප්ටොප් එකක්. මේ වීඩියෝ එකේ ඔයා ලැප්ටොප් එකක් ගන්නකොට මොනවාද කන්සිඩර් කරන්න ඕනේ කියලා මම ඔයාලට ස්ටෙප්-බයි-ස්ටෙප් කියලා දෙන්නම්. සෝ වීඩියෝ එක අන්තිම වෙනකන් බලන්න.,ඇත්තටම මේක හොඳ laptop එකක්ද? මම මේක personally ම research කරලා අරන් ආපු laptop එකක්. මේ video එකේ ඔයා laptop එකක් ගන්නකොට මොනවාද consider කරන්න ඕනේ කියලා මම ඔයාලට step-by-step කියලා දෙන්නම්. So video එක අන්තිම වෙනකන් බලන්න
Download (521).wav,"බලන්න. ඒ විතරක් නෙමෙයි මම මේ ලැප්ටොප් එක අරන් ගේම් ගහලා ඒකත් එක්ක ප්‍රොඩක්ටිවිටි ටාස්ක්ස් කරලා, තව මේකට ස්ට්‍රෙස් කරලා, බෙංච්මාර්ක් ටෙස්ට් කරලා, ඒකෙන් ආපු රිසල්ට්ස් ඔක්කොම අරගෙන තමයි ඔයාලට මෙන්න මේ වීඩියෝ එක කරන්නේ.","බලන්න. ඒ විතරක් නෙමෙයි මම මේ laptop එක අරන් game ගහලා ඒකත් එක්ක productivity tasks කරලා, තව මේකට stress කරලා, benchmark test කරලා, ඒකෙන් ආපු results ඔක්කොම අරගෙන තමයි ඔයාලට මෙන්න මේ video එක කරන්නේ"
Download (522).wav,"කරන්නේ. සෝ මේ වීඩියෝ එකේ මම ඔයාලට අන්බොක්සිං පාර්ට් එක කරන්නේ නැහැ, බිකෝස් ඒක ඔයාලට හැම තැනම සේම් විදිහට තමයි බලාගන්න පුළුවන්. බොක්ස් එකේ ඔයාලට පේපර් වර්ක්ස්, චාජර්, ඒ වගේම ලැප්ටොප් එක බලාගන්න පුළුවන්. ලැප්ටොප් එකේ ඔයාලට 65","කරන්නේ. So මේ video එකේ මම ඔයාලට unboxing part එක කරන්නේ නැහැ, because ඒක ඔයාලට හැම තැනම same විදිහට තමයි බලාගන්න පුළුවන්. Box එකේ ඔයාලට paper works, charger, ඒ වගේම laptop එක බලාගන්න පුළුවන්. මේ laptop එකේ ඔයාලට 65"
Download (523).wav,"65 වොට් ටයිප්-සී චාජර් එකක් හම්බවෙනවා. ඔයාලා අනිත් යූටියුබ් චැනල්ස් බැලුවොත්, එයාලා වොට් 65 චාජර් එකක් අරගෙන, එයාලා ඒක කියනවා ලොකුවට ඕක මේකේ වොට් 65 චාජර් එකක් තියෙනවා කියලා. බට් ලැප්ටොප් එකට 65  වොට්  චාජර් එකක් කියන්නේ","65W Type-C charger එකක් හම්බවෙනවා. ඔයාලා අනිත් YouTube channels බැලුවොත්, එයාලා 65W charger එකක් අරගෙන, එයාලා ඒක කියනවා ලොකුවට ඕක මේකේ 65W charger එකක් තියෙනවා කියලා. But laptop එකට 65W charger එකක් කියන්නේ"
Download (524).wav,"එකක් කියන්නේ ලොකු දෙයක් නෙවෙයි, ඒක ජස්ට් නෝමල් චාජර් එකක් වගේ.මුලින්ම මේ ලැප්ටොප් එකේ අන්ඩර්ස්ටෑන්ඩිං එකක් ගන්න අපි මේකේ කී ස්පෙක්ස් ටික බලලා එමු. මේ ලැප්ටොප් එකට හම්බවෙනවා රයිසන් 7 5000 සීරීස් යූ ප්‍රොසෙසර් එකක්","එකක් කියන්නේ ලොකු දෙයක් නෙවෙයි, ඒක just normal charger එකක් වගේ.මුලින්ම මේ laptop එකේ understanding එකක් ගන්න අපි මේකේ key specs ටික බලලා එමු. මේ laptop එකට හම්බවෙනවා Ryzen 7 5000 series U processor එකක්"
Download (525).wav,"සෝ 5000 සීරීස් කියන්නේ ඔයාලා දන්නවා ඇති ඉන්ටෙල් 11 වෙනි ජෙන් එකට සමානයි. ඒත් එක්කම ඔයාලට 16ජීබී රෑම් එකක් හම්බවෙනවා. ඔයාලට රෑම් එක එතනින් එහාට අප්ග්‍රේඩ් කරන්න බැහැ, ඒක සෝල්ඩර්ඩ්.සෝ ඔයාලා නෝටිස් කරන්න ඕන දේ තමයි,","So 5000 series කියන්නේ ඔයාලා දන්නවා ඇති Intel 11th Gen එකට සමානයි. ඒත් එක්කම ඔයාලට 16GB RAM එකක් හම්බවෙනවා. ඔයාලට RAM එක එතනින් එහාට upgrade කරන්න බැහැ, ඒක soldered.So ඔයාලා notice කරන්න ඕන දේ තමයි,"
Download (526).wav,"කරන්න ඕන දේ තමයි, මේකේ තියෙන ඉන්ටග්‍රේටඩ් ග්‍රැෆික්ස් කාඩ් එක එයාලා දෙකට බෙදලා, ඩෙඩිකේටඩ් ජීපීයූ කියලා 2ජීබී එකකුත්, තව shared ජීපීයූ කියලා 7ජීබී එකක් දීලා තියෙනවා. ඇන්ඩ් මේකේ ඉන්ටීරියර් එක බැලුවොත් ඔයාලට මේ වගේ ලොකු","කරන්න ඕන දේ තමයි, මේකේ තියෙන integrated graphics card එක එයාලා දෙකට බෙදලා, dedicated GPU කියලා 2GB එකකුත්, තව shared GPU කියලා 7GB එකක් දීලා තියෙනවා. And මේකේ interior එක බැලුවොත් ඔයාලට මේ වගේ ලොකු"
Download (527).wav,"ලොකු ෆෑන් එකකුත්, හීට් පයිප්ස් දෙකකුත් බලාගන්න පුළුවන්. ඒත් එක්කම නෝටිස් කරන්න ඕන දේ තමයි, මේකේ තියෙන එස්එස්ඩී එක ජෙන් 4. ඒ වගේම මේ ලැප්ටොප් එකට වයි-ෆයි 6 හම්බවෙනවා, ඒත් එක්කම 16ජීබී එ","ලොකු fan එකකුත්, heat pipes දෙකකුත් බලාගන්න පුළුවන්. ඒත් එක්කම notice කරන්න ඕන දේ තමයි, මේකේ තියෙන SSD එක Gen 4. ඒ වගේම මේ laptop එකට Wi-Fi 6 හම්බවෙනවා, ඒත් එක්කම 16GB L"
Download (528).wav,"එල්පීඩීඩීආර්5 රෑම් එකක් හම්බවෙනවා.ඊළඟට අපි මේකේ battery එක ගැන බැලුවොත්, බිකෝස් ස්ටුඩන්ට් කෙනෙක් ලැප්ටොප් එකක් ගන්නකොට අනිවාර්යයෙන් ඒකේ බැටරි එක ගොඩක් ඉම්පෝර්ටන්ට්. මේකේ තියෙන්නේ 76 වොට්-අවර්  බැටරි එකක්. ඒක","LPDDR5 RAM එකක් හම්බවෙනවා.ඊළඟට අපි මේකේ battery එක ගැන බැලුවොත්, because student කෙනෙක් laptop එකක් ගන්නකොට අනිවාර්යයෙන් ඒකේ battery එක ගොඩක් important. මේකේ තියෙන්නේ 76Wh battery එකක්. ඒක"
Download (529).wav,"ඒක ගොඩක් හොඳයි, බිකෝස් මේ ප්‍රයිස් රේන්ජ් එකේ එන අනිත් ලැප්ටොප්ස් වල අපිට බලාගන්න පුළුවන් වෙන්නේ වොට්-අවර් 60 වගේ බැටරි එකක්.ඊළඟට මේ ලැප්ටොප් එකේ ඉම්පෝර්ටන්ට්ම පාර්ට් එක තමයි මේකේ බිල්ඩ් කොලිටි එක. මේක ලෙනොවෝ එකෙන්ම","ඒක ගොඩක් හොඳයි, because මේ price range එකේ එන අනිත් laptops වල අපිට බලාගන්න පුළුවන් වෙන්නේ 60Wh වගේ battery එකක්.ඊළඟට මේ laptop එකේ important ම part එක තමයි මේකේ build quality එක. මේක Lenovo එකෙන්ම"
Download (530).wav,"ලෙනොවෝ එකෙන්ම මිලිටරි-ග්‍රේඩ් සර්ටිෆයි කරලා තියෙන්නේ. ඇත්තටම බැලුවොත් මේකේ හොඳ බිල්ඩ් කොලිටි එකක් තියෙනවා, මේකේ මෙටල්-ලයික් බොඩි එකක් තියෙනවා. ඒ කියන්නේ ඇත්තටම මෙටල් නෙවෙයි, එයාලා මේක පොලිකාබනෙට් වගේ මැටීරියල් එකක් යූස් කරලා තියෙනවා.","Lenovo එකෙන්ම military-grade certify කරලා තියෙන්නේ. ඇත්තටම බැලුවොත් මේකේ හොඳ build quality එකක් තියෙනවා, මේකේ metal-like body එකක් තියෙනවා. ඒ කියන්නේ ඇත්තටම metal නෙවෙයි, එයාලා මේක polycarbonate වගේ material එකක් use කරලා තියෙනවා"
Download (531).wav,"එක මාර හාඩ් ඇන්ඩ් මාර ඩියුරබල්. ඒ විතරක් නෙවෙයි, මේ ලැප්ටොප් එකේ ඔයාලට ෆින්ගර්ප්‍රින්ට් සෙන්සර් එකකුත් හම්බවෙනවා.සෝ, ඩිසයින්-වයිස් බැලුවොත් මේක මාර කොම්පැක්ට්, හොඳ බිල්ඩ් කොලිටි එකක් තියෙනවා, ෆින්ගර්ප්‍රින්ට්","එක මාර hard and මාර durable. ඒ විතරක් නෙවෙයි, මේ laptop එකේ ඔයාලට fingerprint sensor එකකුත් හම්බවෙනවා.So, design-wise බැලුවොත් මේක මාර compact, හොඳ build quality එකක් තියෙනවා, fingerprint"
Download (532).wav,"ෆින්ගර්ප්‍රින්ට් සෙන්සර් එක හොඳයි, ස්පෙක්ස් ත් හොඳයි. ඕවර්ඕල් බැලුවොත් මේක ස්ටුඩන්ට් කෙනෙක්ට ගැලපෙනම ලැප්ටොප් එකක්.සෝ, රිවීව් මාස්ටර්ස් අපි එතනින්ම වීඩියෝ එක ඉවර කරන්නේ නැහැ, අපි මේකේ ඉන්-ඩෙප්ත් ගිහින් ෆුල් ඩීටේල්ස් ඔක්කොම ඩිස්කස් කරනවා.","fingerprint sensor එක හොඳයි, specs ත් හොඳයි. Overall බැලුවොත් මේක student කෙනෙක්ට ගැලපෙනම laptop එකක්.So, Review Masters අපි එතනින්ම video එක ඉවර කරන්නේ නැහැ, අපි මේකේ in-depth ගිහින් full details ඔක්කොම discuss කරනවා."
Download (533).wav,"කරනවා. සෝ, ඒකට කලින් පොඩි ඉන්ට්‍රොඩක්ෂන් එකක් දීලා ඉන්නම්. අයි ඈම් ඇල්ෆා. යූ ආ වොචින්ග් රිවීව් මාස්ටර්ස්.චැනල් එක සබ්ස්ක්‍රයිබ් කරලා නැත්නම් දැන්ම සබ්ස්ක්‍රයිබ් කරලා එහා පැත්තේ තියෙන බෙල් අයිකන් එක ක්ලික් කරන්න. එතකොට අපි වීඩියෝ එකක් දාපු ගමන් ක්ෂණිකව ඔයාලට නොටිෆිකේෂන්","කරනවා. So, ඒකට කලින් පොඩි introduction එකක් දීලා ඉන්නම්. I am Alfa. You are watching Review Masters.චැනල් එක subscribe කරලා නැත්නම් දැන්ම subscribe කරලා එහා පැත්තේ තියෙන bell icon එක click කරන්න. එතකොට අපි video එකක් දාපු ගමන් ක්ෂණිකව ඔයාලට notification"
Download (534).wav,"නොටිෆිකේෂන් එකක් එනවා.සෝ, මෙතනින් එහාට තමයි අපි ඉම්පෝර්ටන්ට්ම පාර්ට් එක ඩිස්කස් කරන්න යන්නේ. ඔයාලා ටෙක් රිවීව් එකක් බලන්න හේතුව තමයි මේකේ තියෙන ස්පෙක්ස් ගැන දැනගන්න නෙවෙයි. ඒ ඔයාලට ස්පෙක් ෂීට් එකක් කියවපු ගමන් බලාගන්න පුළුවන්. ඔයාලා මෙතනට එන්නේ","notification එකක් එනවා.So, මෙතනින් එහාට තමයි අපි important ම part එක discuss කරන්න යන්නේ. ඔයාලා tech review එකක් බලන්න හේතුව තමයි මේකේ තියෙන specs ගැන දැනගන්න නෙවෙයි. ඒ ඔයාලට spec sheet එකක් කියවපු ගමන් බලාගන්න පුළුවන්. ඔයාලා මෙතනට එන්නේ"
Download (535).wav,"මෙතනට එන්නේ යූසර් එක්ස්පීරියන්ස් එක ගැන දැනගන්න.මේකේ යූසර් එක්ස්පීරියන්ස් ගැන කතා කරොත්, මුලින්ම ස්ටුඩන්ට් කෙනෙක්ට හොඳටම ඕනේ බැටරි එක. සෝ, මේකේ බැටරි ලයිෆ් එක නම් ගොඩක්ම හොඳයි. ඔයාලට වයි-ෆයි කනෙක්ෂන් එකක් තිබ්බහම ඇති ඔයාලට ඕනෑම","මෙතනට එන්නේ user experience එක ගැන දැනගන්න.මේකේ user experience ගැන කතා කරොත්, මුලින්ම student කෙනෙක්ට හොඳටම ඕනේ battery එක. So, මේකේ battery life එක නම් ගොඩක්ම හොඳයි. ඔයාලට Wi-Fi connection එකක් තිබ්බහම ඇති ඔයාලට ඕනෑම තැනක"
Download (536).wav,"ඕනෑම තැනක ඉඳලා වැඩ කරන්න පුළුවන්. ඔයාලට ඩෙස්ක් එකේ ඇසයින්මන්ට්ස් කරන්න පුළුවන්, බෝරින්ග් හිතුණොත් සෝෆා එකට යන්න පුළුවන්, තවත් බෝරින්ග් හිතුණොත් ඔයාලට ඇඳේ වුණත් ගිහින් ඇසයින්මන්ට්ස් එහෙම කරගන්න පුළුවන්.ඒ විතරක් නෙවෙයි, ඔයාලට ක්‍රෝම් ටැබ්ස් ගොඩක් ඕපන් කරගෙන","ඕනෑම තැනක ඉඳලා වැඩ කරන්න පුළුවන්. ඔයාලට desk එකේ assignments කරන්න පුළුවන්, boring හිතුනොත් sofa එකට යන්න පුළුවන්, තවත් boring හිතුනොත් ඔයාලට ඇඳේ වුණත් ගිහින් assignments එහෙම කරගන්න පුළුවන්.ඒ විතරක් නෙවෙයි, ඔයාලට chrome tabs ගොඩක් open කරගෙන"
Download (537).wav,"ඕපන් කරගෙන චැට්ජීපීටී, එහා පැත්තේ යූටියුබ්, ඕනෙ දෙයක් ඕපන් කරගෙන මල්ටිටාස්කින්ග් වගේ දේවල් මේකෙන් ලේසියෙන්ම කරන්න පුළුවන්. සෝ, ඔයාලට මේ ලැප්ටොප් එක යූස් කරගෙන කෝඩින්ග්, ඒ වගේම බේසික් ඇප් ඩිවෙලොප්මන්ට්, ගේම්ස්","open කරගෙන ChatGPT, එහා පැත්තේ YouTube, ඕනෙ දෙයක් open කරගෙන multitasking වගේ දේවල් මේකෙන් ලේසියෙන්ම කරන්න පුළුවන්. So, ඔයාලට මේ laptop එක use කරගෙන coding, ඒ වගේම basic app development, games"
Download (538).wav,"ගේම්ස් ඩිවෙලොප්මන්ට් වගේ දේවල් ස්ටඩි කරන්න පුළුවන්. ඒ වගේම ඔයාලට පොඩි ගේම් එකක්, ඒ වගේම ඇප් එකක් වගේ මේකෙන් ඩිවෙලොප් කරගන්න පුළුවන්, හැබැයි ඔයාලට කොම්ප්ලෙක්ස් ලොකු ප්‍රොජෙක්ට්ස් මේකෙන් කරන්න බැහැ. ඇත්තත් කියන්න එපැයි.ඊළඟට මං දැක්කපු","games development වගේ දේවල් study කරන්න පුළුවන්.ඒ වගේම ඔයාලට පොඩි game එකක්, ඒ වගේම app එකක් වගේ මේකෙන් develop කරගන්න පුළුවන්, හැබැයි ඔයාලට complex ලොකු projects මේකෙන් කරන්න බැහැ. ඇත්තත් කියන්න එපැයි.ඊළඟට මං දැක්කපු"
Download (539).wav,"මං දැක්කපු ලොකුම නෙගටිව් එක තමයි මේකේ ඊතර්නෙට් පෝර්ට් එකක් නැහැ. සෝ, මං ගියපු යුනිවර්සිටීස් වල එහෙම ලොකු ලෙක්චර් හෝල් එකක් තියෙනවා, ඒකේ වයි-ෆයි තිබ්බට හැමෝම ලැප්ටොප්ස් අරගෙන වයි-ෆයි යූස් කරන්න ගත්ත ගමන් එතකොට ඉන්ටර්නෙට් ස්ලෝ වෙනවා.","මං දැක්කපු ලොකුම negative එක තමයි මේකේ ethernet port එකක් නැහැ. So, මං ගියපු universities වල එහෙම ලොකු lecture hall එකක් තියෙනවා, ඒකේ Wi-Fi තිබ්බට හැමෝම laptops අරගෙන Wi-Fi use කරන්න ගත්ත ගමන් එතකොට internet slow වෙනවා."
Download (540).wav,"ස්ලෝ වෙනවා. මං දැකලා තියෙන සමහර යුනිවර්සිටීස් වල ඔයාලට හැම ඩෙස්ක් එකටම ඊතර්නෙට් පෝර්ට් එකක් බලාගන්න පුළුවන්. සෝ, වැඩේ කියන්නේ ඔයාලට එහෙම තිබ්බත් ඔයාලට යූස් කරන්න බැහැ, බිකෝස් මේකට ඊතර්නෙට් පෝර්ට් එකක් නැහැ. හැබැයි ඔයාලට ඩරාස්, අලි","slow වෙනවා. මං දැකලා තියෙන සමහර universities වල ඔයාලට හැම desk එකටම ethernet port එකක් බලාගන්න පුළුවන්. So, වැඩේ කියන්නේ ඔයාලට එහෙම තිබ්බත් ඔයාලට use කරන්න බැහැ, because මේකට ethernet port එකක් නැහැ. හැබැයි ඔයාලට Daraz, Ali"
Download (541).wav,"ඩරාස්, අලිඑක්ස්ප්‍රෙස් වගේ සයිට් එකකින් ඔයාට පුළුවන් ඊතර්නෙට් ඇඩැප්ටර් එකක් අරගෙන ප්ලග් කරගන්න. ඊළඟට අපි බලමු ඩිස්ප්ලේ එක. මේකට 15.7-ඉන්ච් අයි.පී.එස්.-ලෙවල් ඩිස්ප්ලේ එකක් තියෙනවා. සෝ ඒ ඩිස්ප්ලේ එක ගොඩක් හොඳයි","Daraz, AliExpress වගේ site එකකින් ඔයාට පුළුවන් ethernet adapter එකක් අරගෙන ප්ලග් කරගන්න. ඊළඟට අපි බලමු display එක. මේකට 15.7-inch IPS-level display එකක් තියෙනවා. So ඒ display එක ගොඩක් හොඳයි"
Download (542).wav,හොඳයි අර එල්.ඊ.ඩී. බැක්ලයිට්ස් වලට වඩා. සෝ ඔයාලට බෝරින්ග් හිතුණොත් මූවීස් වගේ දේවලුත් මේකෙන් හොඳට බලාගන්න පුළුවන්. ගොඩක් ස්ටුඩන්ට්ස්ලා මේ ලැප්ටොප්ස් එහෙම ගන්නේ ඇසයින්මන්ට්ස් වගේ දේවල් කරන්න. සෝ ඇසයින්මන්ට් කරනකොට ගොඩක්ම වැදගත්,හොඳයි අර LED backlights වලට වඩා. So ඔයාලට boring හිතුනොත් movies වගේ දේවලුත් මේකෙන් හොඳට බලාගන්න පුළුවන්. ගොඩක් students ලා මේ laptops එහෙම ගන්නේ assignments වගේ දේවල් කරන්න. So assignment කරනකොට ගොඩක්ම වැදගත්
Download (543).wav,"වැදගත් වෙන්නේ මේ එල්.ඊ.ඩී. බැක්ලිට් කියන ෆීචර් එක. සෝ මන් දන්නවා ඔයාලා රෑ එක දෙක වෙනකන් ඇසයින්මන්ට්ස් එහෙම කරනවා, එතකොට මේ එල්.ඊ.ඩී. බැක්ලිට් කියන ෆීචර් එක හොඳටම වටිනවා. නැත්නම් ඔයා කරුවලේ කීස් හොය හොයා ඉන්න වෙනවා. සෝ ස්ටුඩන්ට් කෙනෙක්","වැදගත් වෙන්නේ මේ LED backlit කියන feature එක. So මන් දන්නවා ඔයාලා රෑ එක දෙක වෙනකන් assignments එහෙම කරනවා, එතකොට මේ LED backlit කියන feature එක හොඳටම වටිනවා. නැත්නම් ඔයා කරුවලේ keys හොය හොයා ඉන්න වෙනවා. So student කෙනෙක්"
Download (544).wav,"ස්ටුඩන්ට් කෙනෙක් මෙන්න මේ වගේ ලැප්ටොප් එකක් අරගෙන ලොකු හාඩ්වෙයාර් ඉන්ටෙන්සිව් ටාස්ක්ස් සාමාන්‍යයෙන් කරන්නේ නෑ. බට් අපි රිවීව් මාස්ටර්ස්ලා, අපි අනිත් ටෙක් චැනල්ස් වගේ නෙවෙයි පොඩ්ඩක් ඩිෆරන්ට්. සෝ අපි මේ ලැප්ටොප් එක උපරිම එක්ස්ටෙන්ඩ් එකට අරන් ගිහින් ටෙස්ට් කරලා","student කෙනෙක් මෙන්න මේ වගේ laptop එකක් අරගෙන ලොකු hardware intensive tasks සාමාන්‍යයෙන් කරන්නේ නෑ. But අපි Review Masters ලා, අපි අනිත් tech channels වගේ නෙවෙයි පොඩ්ඩක් different. So අපි මේ laptop එක උපරිම extend එකට අරන් ගිහින් test කරලා"
Download (545).wav,කරලා තියෙනවා. මුලින්ම මම මේකේ බැටරි ලයිෆ් එක ටෙස්ට් කරා. සෝ මුලින්ම මම මේක බෙංච්මාර්ක් කරකර බැටරි ලයිෆ් එක ටෙස්ට් කරපු ගමන් මට 4 අවර්ස්  වගේ හම්බවුණා. ඒ වගේම මේක නෝමල් මෝඩ් එකේ යූස් කරොත් ඔයාලට 6 අවර්ස්  වගේ හම්බවෙනවා,කරලා තියෙනවා. මුලින්ම මම මේකේ battery life එක test කරා. So මුලින්ම මම මේක benchmark කරකර battery life එක test කරපු ගමන් මට 4 hours වගේ හම්බවුණා. ඒ වගේම මේක normal mode එකේ use කරොත් ඔයාලට 6 hours වගේ හම්බවෙනවා.
Download (546).wav,ඒත් එක්කම ඔයාලා මේක ස්ලීප් මෝඩ් එකේ යූස් කරොත් ඔයාලට 8 අවර්ස්  වගේ හම්බවෙනවා. සෝ මේ බැටරි ලයිෆ් ෆීචර් එක නම් මාරම ඉම්පෝර්ටන්ට්. බිකෝස් ස්ටුඩන්ට් කෙනෙක්ට බැටරි ලයිෆ් කියන එක ගොඩක්ම ඉම්පෝර්ටන්ට්. බිකෝස් මං එක්ස්පීරියන්ස් කරලා තියෙනවා සමහර,ඒත් එක්කම ඔයාලා මේක sleep mode එකේ use කරොත් ඔයාලට 8 hours වගේ හම්බවෙනවා. So මේ battery life feature එක නම් මාරම important. Because student කෙනෙක්ට battery life කියන එක ගොඩක්ම important. Because මං experience කරලා තියෙනවා සමහර
Download (547).wav,"සමහර ක්ලාස්රූම්ස් වල සොකට්ස් වත් නැහැ, එහෙම තිබ්බත් එකක් දෙකක් තමා තියෙන්නේ. හැමෝම ගෙනල්ලා අන්න එතනමයි චාර්ජ් කරන්නේ. සෝ අන්න ඒ වගේ වෙලාවල් වලට ඔයාලට මෙන්න මේ ලැප්ටොප් එක සුපිරියටම වටිනවා. ඔයාලා ගෙදරම","සමහර classrooms වල sockets වත් නැහැ, එහෙම තිබ්බත් එකක් දෙකක් තමා තියෙන්නේ. හැමෝම ගෙනල්ලා අන්න එතනමයි චාර්ජ් කරන්නේ. So අන්න ඒ වගේ වෙලාවල් වලට ඔයාලට මෙන්න මේ laptop එක සුපිරියටම වටිනවා. ඔයාලා ගෙදරම"
Download (548).wav,ගෙදරම මේක ෆුල් චාර්ජ් කරගෙන ගියපුහම ඇති ඔයාලගේ කොලේජ් එකේ නැත්නම් යුනිවර්සිටි එකේ දවසක්ම යූස් කරන්න පුළුවන්. ඒ වගේම මේකේ චාර්ජින්ග් ස්පීඩ් එක බැලුවොත් ඔයාලට පැයකින් 80% වගේ චාර්ජ් කරගන්න පුළුවන්. ඊළඟට අපි බලමු,ගෙදරම මේක full charge කරගෙන ගියපුහම ඇති ඔයාලගේ college එකේ නැත්නම් university එකේ දවසක්ම use කරන්න පුළුවන්. ඒ වගේම මේකේ charging speed එක බැලුවොත් ඔයාලට පැයකින් 80% වගේ charge කරගන්න පුළුවන්. ඊළඟට අපි බලමු
Download (549).wav,"අපි බලමු මේකේ ප්‍රොඩක්ටිවිටි ටාස්ක්ස්. සෝ ඔයාලටත් ඉන්ස්ටග්‍රෑම් ඉන්ෆ්ලුවෙන්සර් කෙනෙක් වෙන්න ඕන නම්, ඔයාලටත් පුළුවන් එහෙ මෙහෙ ගිහින් පොඩි ව්ලොග්ස් ටිකක් අරන් මෙන්න මේ ලැප්ටොප් එක යූස් කරගෙන ඒව එඩිට් කරන්න. ඔයාලට පුළුවන් ජස්ට් කැප්කට් වගේ සොෆ්ට්වෙයාර් එකක් දාලා සුපිරියටම","අපි බලමු මේකේ productivity tasks. So ඔයාලටත් Instagram influencer කෙනෙක් වෙන්න ඕන නම්, ඔයාලටත් පුළුවන් එහෙ මෙහෙ ගිහින් පොඩි vlogs ටිකක් අරන් මෙන්න මේ laptop එක use කරගෙන ඒව edit කරන්න. ඔයාලට පුළුවන් just CapCut වගේ software එකක් දාලා සුපිරියටම"
Download (550).wav,සුපිරියටම ඒවා එඩිට් කරගන්න. හැබැයි ඔයාලට බැහැ මෙන්න මේ අපි කරනවා වගේ ලොකු ලොකු එඩිට්ස් මෙන්න මේ ලැප්ටොප් එකෙන් කරන්න. බොරු කියන්න ඕනේ නෑනේ. මම මේක ජස්ට් කටින්ග් කිව්වට හරියන්නේ නෑනේ. මම මේක ටෙස්ට් කරා. මම ප්‍රීමියර්,සුපිරියටම ඒවා edit කරගන්න. හැබැයි ඔයාලට බැහැ මෙන්න මේ අපි කරනවා වගේ ලොකු ලොකු edits මෙන්න මේ laptop එකෙන් කරන්න. බොරු කියන්න ඕනේ නෑනේ. මම මේක just cutting කිව්වට හරියන්නේ නෑනේ. මම මේක ටෙස්ට් කරා. මම Premiere
Download (551).wav,ප්‍රීමියර් ප්‍රෝ මේකට ඉන්ස්ටෝල් කරලා රිවීව් මාස්ටර් අපේ ෆයිල් එකම මේකට දැම්මා. මං දාපු ෆයිල් එක කැමරා එකෙන් ෂූට් කරපු එකක් විත් 4කේ රෙසලූෂන්. එහෙම එඩිට්ස් නැතුව ජස්ට් කට් එක විතරක් අරන් මං මේක රෙන්ඩර් කරා,Premiere Pro මේකට install කරලා Review Master අපේ file එකම මේකට දැම්මා. මං දාපු file එක camera එකෙන් shoot කරපු එකක් with 4K resolution. එහෙම edits නැතුව just cut එක විතරක් අරන් මං මේක render කරා
Download (552).wav,"කරා. මං මේක මෝෂන් ඒ වගේම ටෙක්ස්ට් ඉෆෙක්ට් මොනවත් දාන්නේ නැතුව ජස්ට් ටයිම්ලයින් එක විතරයි රෙන්ඩර් කරේ. මට මේක රෙන්ඩර් කරගන්න පුළුවන් වුණා 6.45  මිනිට්ස් වලින්. සෝ මං මේක හිතුවට වැඩිය පර්ෆෝම් කරා, බිකෝස් මේකේ අර තියෙන ග්‍රැෆික්ස්","කරා. මං මේක motion ඒ වගේම text effect මොනවත් දාන්නේ නැතුව just timeline එක විතරයි render කරේ. මට මේක render කරගන්න පුළුවන් වුණා 6.45 minutes වලින්. So මං මේක හිතුවට වැඩිය perform කරා, because මේකේ අර තියෙන graphics"
Download (553).wav,තියෙන ග්‍රැෆික්ස් කාඩ් එකේ ඩෙඩිකේටඩ් 2ජීබී ග්‍රැෆික්ස් එකක් තිබ්බ නිසා ඔයාලට ප්‍රීමියර් ප්‍රෝ යූස් කරලත් පොඩි පොඩි ෂෝර්ට් වීඩියෝස් එහෙම එඩිට් කරගන්න පුළුවන් ටික්ටොක් වගේ ඒව දාන්න. සෝ ඊළඟට මං මේකේ ගේමින් පර්ෆෝමන්ස් එකත් චෙක් කරා. ඔෆ් කෝස්,තියෙන graphics card එකේ dedicated 2GB graphics එකක් තිබ්බ නිසා ඔයාලට Premiere Pro use කරලත් පොඩි පොඩි short videos එහෙම edit කරගන්න පුළුවන් TikTok වගේ ඒව දාන්න. So ඊළඟට මං මේකේ gaming performance එකත් check කරා. Of course
Download (554).wav,"ඔෆ් කෝස් මේ ලැප්ටොප්ස් ගන්න කට්ටිය වැඩිය ගේම්ස් ගහන්නේ නෑ, බට් එනිවේ මං ඒකත් චෙක් කරලා බැලුවා.කෝස් ස්ටුඩන්ට් වුණා නම් හැමවෙලේම ඉගෙනගෙන ඉන්න හොඳ නෑ, ඉදලා හිටලා ගේම්ස් ත් ගහන්න ඕනේ. එතකොට තමා නොලෙජ් එක ඩිවෙලොප් වෙන්නේ. සෝ මං මේකේ ට්‍රයි කරන්න","Of course මේ laptops ගන්න කට්ටිය වැඩිය games ගහන්නේ නෑ, but anyway මං ඒකත් check කරලා බැලුවා. Because student වුණා නම් හැමවෙලේම ඉගෙනගෙන ඉන්න හොඳ නෑ, ඉදලා හිටලා games ත් ගහන්න ඕනේ. එතකොට තමා knowledge එක develop වෙන්නේ. So මං මේකේ try කරන්න"
Download (555).wav,"කරන්න බැලුවේ හැමෝම කැමති ද ලෙජන්ඩරි ජී.ටී.ඒ. වී. බට් මොකක් හරි ටෙක්නිකල් ඉෂූ එකක් මත මං ගාව තිබ්බ ෆයිල් එක මෙන්න මේ ලැප්ටොප් එකට වැඩ කරේ නෑ. ඒක ලැප්ටොප් එකේ ප්‍රශ්නයක් නෙවෙයි, මගේ ෆයිල් එකේ තිබ්බ ප්‍රශ්නයක්","කරන්න බැලුවේ හැමෝම කැමති the legendary GTA V.But මොකක් හරි technical issue එකක් මත මං ගාව තිබ්බ file එක මෙන්න මේ laptop එකට වැඩ කරේ නෑ. ඒක laptop එකේ ප්‍රශ්නයක් නෙවෙයි, මගේ file එකේ තිබ්බ ප්‍රශ්නයක්"
Download (556).wav,"ප්‍රශ්නයක්. සෝ ඒ නිසා මම මේකට ෆා ක්‍රයි 4 දාලා සෙල්ලම් කරා.සෝ මට ලෝ සෙටින්ග්ස් වලින් මේකේ 30 ටු 37 එෆ්.පී.එස්. වගේ ගන්න පුළුවන් වුණා. සෝ ඒක මාරම ඉම්ප්‍රෙසිව්, බිකෝස් මේකට ඩෙඩිකේටඩ් ග්‍රැෆික්ස් කාඩ් එකක් නෑ, ඔක්කොම","ප්‍රශ්නයක්. So ඒ නිසා මම මේකට Far Cry 4 දාලා සෙල්ලම් කරා. So මට low settings වලින් මේකේ 30 to 37 FPS වගේ ගන්න පුළුවන් වුණා. So ඒක මාරම impressive, because මේකට dedicated graphics card එකක් නෑ, ඔක්කොම"
Download (557).wav,"ඔක්කොම කරන්නේ මදර්බෝඩ් එකත් එක්ක තියෙන ඉන්ටග්‍රේටඩ් ග්‍රැෆික්ස් කාඩ් එක. ඔයාලා දන්නවා ඕනෑම ගේම් එකක් 30 එෆ්.පී.එස්. වලට වැඩියෙන් තිබ්බොත් ඒක ප්ලේයබල්. සෝ මේකෙන් එන කන්ක්ලූෂන් එක මොනවාද කිව්වොත්, ඔයාලට බෝරින්ග් හිතුණොත් අර පරණ පොඩි පොඩි,","ඔක්කොම කරන්නේ motherboard එකත් එක්ක තියෙන integrated graphics card එක.So ඔයාලා දන්නවා ඕනෑම game එකක් 30 FPS වලට වැඩියෙන් තිබ්බොත් ඒක playable. So මේකෙන් එන conclusion එක මොනවාද කිව්වොත්, ඔයාලට boring හිතුනොත් අර පරණ පොඩි පොඩි"
Download (558).wav,"පොඩි පොඩි ගේම්ස් වුණත් ප්ලේ කරන්න පුළුවන් ලයික් ඇසැසින්ස් ක්‍රීඩ් සින්ඩිකේට්, ෆා ක්‍රයි 3 වගේ ඒවා.මම මේ ලැප්ටොප් එක යූස් කරගෙන ඉන්නකොට මට එක දෙයක් නෝටිස් වුණා. මම මේකේ සිනිබෙන්ච් ආර්23 යූස් කරගෙන බෙංච්මාර්ක් ටෙස්ට්,","පොඩි පොඩි games වුණත් play කරන්න පුළුවන් like Assassin's Creed Syndicate, Far Cry 3 වගේ ඒවා.මම මේ laptop එක use කරගෙන ඉන්නකොට මට එක දෙයක් notice වුණා. මම මේකේ Cinebench R23 use කරගෙන benchmark test"
Download (559).wav,බෙංච්මාර්ක් ටෙස්ට් එකක් කරන්න කරා. මේක තමයි මල්ටි-කෝර් සිංගල්-කෝර් අපේ රිසල්ට්ස් එක.හැබැයි ඔන්ලයින් එකේ මන් ගිහිල්ලා බැලුවොත් සී.පී.යූ. බෙංච්මාර්ක් ස්කෝර්ස් මේකටත් වැඩිය වැඩියෙන් බලාගන්න තිබ්බා. සෝ මන් රිසර්ච් කරලා බැලුවා මොකක්ද ඒකට තියෙන හේතුව කියලා,benchmark test එකක් කරන්න කරා. මේක තමයි multi-core single-core අපේ results එක.හැබැයි online එකේ මන් ගිහිල්ලා බැලුවොත් CPU benchmark scores මේකටත් වැඩිය වැඩියෙන් බලාගන්න තිබ්බා. So මන් research කරලා බැලුවා මොකක්ද ඒකට තියෙන හේතුව කියලා
Download (560).wav,"කියලා. සෝ මේක තමයි මට හම්බවෙච්ච ආන්සර් එක. සෝ ඔයාලා ටෙක් වීඩියෝස් බලලා ඔයාලා දන්නවා ඇති ""විත් ග්‍රේට් පවර් කම්ස් ග්‍රේට් හීට්"". එතනම බැලුවොත් මේ රයිසන් 7 5000 සීරීස් ප්‍රොසෙසර් එක පවර්ෆුල්. එච්චර පවර්ෆුල් ප්‍රොසෙසර් එකක් මෙන්න මේ ලැප්ටොප්",කියලා. So මේක තමයි මට හම්බවෙච්ච answer එක. So ඔයාලා tech videos බලලා ඔයාලා දන්නවා ඇති with great power comes great heat. එතනම බැලුවොත් මේ Ryzen 7 5000 series processor එක powerful. එච්චර powerful processor එකක් මෙන්න මේ laptop
Download (561).wav,"ලැප්ටොප් එකේ ෆිට් කරන්න. ලෙනොවෝ එකෙන්ම ඒ ප්‍රොසෙසර් එකේ පවර් එක අඩු කරලා තියෙනවා. සෝ, මම මේකේ වරදක් කියන්නෑ. ලෙනොවෝලා මේක කරන්නේ අපේ කොම්පියුටර් එක ඕවර්හීට් වෙන එකෙන් වළක්වන්න. ඒක ලෙනොවෝලා විතරක් නෙවෙයි","laptop එකේ fit කරන්න. Lenovo එකෙන්ම ඒ processor එකේ power එක අඩු කරලා තියෙනවා. So, මම මේකේ වරදක් කියන්නෑ. Lenovo ලා මේක කරන්නේ අපේ computer එක overheat වන එකෙන් වළක්වන්න. ඒක Lenovo ලා විතරක් නෙමෙයි"
Download (562).wav,"විතරක් නෙවෙයි කරන්නේ, මේක ඇපල්, සැම්සුන්ග් හැමෝම කරනවා. ජස්ට් ඔයාලට නොලෙජ් එකක් දෙන්න ඕන නිසා මං කිව්වේ. ඊළඟට අපි බැලුවොත් මේකේ ස්පීකර්ස්. මේක ඔයාලට ෆ්‍රන්ට්-ෆේසිං ස්පීකර්ස් දීලා තියෙනවා. ඒක මාර පොසිටිව්, බිකෝස් මේ","විතරක් නෙමෙයි කරන්නේ, මේක Apple, Samsung හැමෝම කරනවා. Just ඔයාලට knowledge එකක් දෙන්න ඕන නිසා මං කිව්වේ. ඊළඟට අපි බැලුවොත් මේකේ speakers. මේක ඔයාලට front-facing speakers දීලා තියෙනවා. ඒක මාර positive, because මේ"
Download (563).wav,"ප්‍රයිස් රේන්ජ් එකේ එන ගොඩක්ම ලැප්ටොප්ස් වල. අපිට බලාගන්න පුළුවන් වෙන්නේ බැක්-ෆේසිං ස්පීකර්ස්. සෝ, ඇත්තටම කිව්වොත් මේකේ සවුන්ඩ් කොලිටි එක ගොඩක් හොඳයි. සෝ ඕකේ ගයිස්, වීඩියෝ එකේ අන්තිමට අපි ඇවිල්ලා තියෙන්නේ. ඕවර්ඕල්, මේ ලැප්ටොප් එක ස්ටුඩන්ට්","price range එකේ එන ගොඩක්ම laptops වල අපිට බලාගන්න පුළුවන් වෙන්නේ back-facing speakers. So, ඇත්තටම කිව්වොත් මේකේ sound quality එක ගොඩක් හොඳයි. So okay guys, වීඩියෝ එකේ අන්තිමට අපි ඇවිල්ලා තියෙන්නේ. Overall, මේ laptop එක student"
Download (564).wav,"ස්ටුඩන්ට් කෙනෙක්ට ගන්න හොඳ ලැප්ටොප් එකක්. ඔයාලට හොඳ බිල්ඩ් කොලිටි එකක්, බැක්ලිට් කීබෝඩ්, ෆින්ගර්ප්‍රින්ට්, හොඳ බැටරි ලයිෆ් එකක් වගේ ස්ටුඩන්ට් කෙනෙක්ට අවශ්‍ය වෙන ඔක්කොම දේවල් මෙතනින් බලාගන්න පුළුවන්. සෝ, මේ ලැප්ටොප් එක ඔයාලා පර්චේස් කරන්නම්, මේක,","student කෙනෙක්ට ගන්න හොඳ laptop එකක්. ඔයාලට හොඳ build quality එකක්, backlit keyboard, fingerprint, හොඳ battery life එකක් වගේ student කෙනෙක්ට අවශ්‍ය වෙන ඔක්කොම දේවල් මෙතනින් බලාගන්න පුළුවන්. So, මේ laptop එක ඔයාලා purchase කරන්නම්, මේක"
Download (565).wav,"මේක ඔයාලට යූස් කරන්න වෙන්නේ වින්ඩෝස්. සෝ, වින්ඩෝස් ඔපරේටිං සිස්ටම් එකේ තියෙන කූල් ටිප්ස් ඇන්ඩ් ට්‍රික්ස් ගැන මං කරපු වීඩියෝ එක බලන්න ඕන නම් මෙන්න මෙතන ක්ලික් කරන්න. මේ වගේ තවත් යූස්ෆුල් වීඩියෝ එකකින් මං ඔයාලව ආයෙත් හමුවෙන්නම්. අන්ටිල් දෙන්,","මේක ඔයාලට use කරන්න වෙන්නේ Windows. So, Windows operating system එකේ තියෙන cool tips and tricks ගැන මං කරපු වීඩියෝ එක බලන්න ඕන නම් මෙන්න මෙතන click කරන්න. මේ වගේ තවත් useful වීඩියෝ එකකින් මං ඔයාලව ආයෙත් හමුවෙන්නම්. Until then,"
Download (567).wav,"ඔන්න ඔයා ලක්ෂ දෙකක් විතර වියදම් කරලා වින්ඩෝස් ලැප්ටොප් එකක් අරන් ආවා. හොඳ ප්‍රොසෙසර් එකක් තියෙනවා, රෑම් එක තියෙනවා, ඔක්කොම හොඳයි. හැබැයි ඔයා ඒක ගෙනල්ලා, ස්ටාර්ට් කරපු ගමන් මුලින්ම","ඔන්න ඔයා ලක්ෂ දෙකක් විතර වියදම් කරලා Windows ලැප්ටොප් එකක් අරන් ආවා. හොඳ processor එකක් තියෙනවා, RAM එක තියෙනවා, ඔක්කොම හොඳයි. හැබැයි ඔයා ඒක ගෙනල්ලා, start කරපු ගමන් මුලින්ම"
Download (568).wav,"මුලින්ම ඔයාගේ මයික්‍රොසොෆ්ට් එකවුන්ට් එක ඉල්ලනවා. ඊට පස්සේ ඔයා ස්ටාර්ට් මෙනු එකට ගියපු ගමන් ඇඩ්ස් හැමතැනම. ඊට පස්සේ ඔයා ජීවිතේට යූස් කරන්නේ නැති බ්ලෝට්වෙයාර් ඇප්ස් ත් ඔයාට සෑහෙන බලාගන්න පුළුවන්.ඊට පස්සේ මෙන්න මේ,",මුලින්ම ඔයාගේ Microsoft account එක ඉල්ලනවා. ඊට පස්සේ ඔයා start menu එකට ගියපු ගමන් ads හැමතැනම. ඊට පස්සේ ඔයා ජීවිතේට use කරන්නේ නැති bloatware apps ත් ඔයාට සෑහෙන බලාගන්න පුළුවන්.ඊට පස්සේ මෙන්න මේ
Download (569).wav,"මෙන්න මේ කෝපයිලට් කියන එක හැමතැනම බලාගන්න පුළුවන්. ඒ වගේම ඔයා ඩොකියුමන්ට් එකක් හදන්න ගියපු ගමන් එතනත් සබ්ස්ක්‍රිප්ෂන් එකක් ඉල්ලනවා. මේක ඔයා බග් එකක් කියලා හිතුවා නම් ඒක බග් එකක් නෙවෙයි, මේක ප්ලෑන් එකක්. මේක වෙන්න","මෙන්න මේ Copilot කියන එක හැමතැනම බලාගන්න පුළුවන්. ඒ වගේම ඔයා document එකක් හදන්න ගියපු ගමන් එතනත් subscription එකක් ඉල්ලනවා. මේක ඔයා bug එකක් කියලා හිතුවා නම් ඒක bug එකක් නෙවෙයි, මේක ප්ලෑන් එකක්. මේක වෙන්න"
Download (570).wav,"මේක වෙලා තියෙන හේතුව තමා ඒ.අයි. ඇයි මෙහෙම වෙන්නේ, ඒ වගේම අපි ඉස්සර යූස් කරපු ඕ.ජී. වින්ඩෝස් වගේ දැන් අපිට වින්ඩෝස් එක එහෙම බලාගන්න බෑ..ඒකට හේතු මොනවාද, මේවා ගැන තමා අද මේ වීඩියෝ එකේ ඩිස්කස් කරන්න යන්නේ","මේක වෙලා තියෙන හේතුව තමා AI. ඇයි මෙහෙම වෙන්නේ, ඒ වගේම අපි ඉස්සර use කරපු OG Windows වගේ දැන් අපිට Windows එක එහෙම බලාගන්න බෑ.ඒකට හේතු මොනවාද, මේවා ගැන තමා අද මේ වීඩියෝ එකේ discuss කරන්න යන්නේ."
Download (571).wav,"කරන්න යන්නේ. සෝ ඒකට කලින් මෙන්න මේ වීඩියෝ එක ලයික් කරලා, අපේ චැනල් එක සබ්ස්ක්‍රයිබ් කරලා තියාගන්න. සෝ මේ ඉන්නේ කසුන්. එයා පරණ ලැප්ටොප් එක අහක් කරලා, මාස ගානක් සල්ලි එකතු කරලා, අලුත් වින්ඩෝස් 11 ලැප්ටොප් එකක් ගන්නවා","කරන්න යන්නේ. So ඒකට කලින් මෙන්න මේ වීඩියෝ එක like කරලා, අපේ channel එක subscribe කරලා තියාගන්න. So මේ ඉන්නේ කසුන්. එයා පරණ ලැප්ටොප් එක අහක් කරලා, මාස ගානක් සල්ලි එකතු කරලා, අලුත් Windows 11 ලැප්ටොප් එකක් ගන්නවා."
Download (572).wav,සෝ එයා සතුටින් පළවෙනි සැරේ ඒ ලැප්ටොප් එක බූට් කරනවා. පළවෙනි සැරේ එයා සෙටප් කරන්න යනකොට එයාට වයි-ෆයි කනෙක්ෂන් එකක් ඉල්ලනවා. ඊට පස්සේ එයාගේ මයික්‍රොසොෆ්ට් එකවුන්ට් එකට සයින් ඉන් වෙන්න කියනවා. එයාට සෙටප් ප්‍රොසෙස් එකෙන්,So එයා සතුටින් පළවෙනි සැරේ ඒ ලැප්ටොප් එක boot කරනවා. පළවෙනි සැරේ එයා setup කරන්න යනකොට එයාට Wi-Fi connection එකක් ඉල්ලනවා. ඊට පස්සේ එයාගේ Microsoft account එකට sign in වෙන්න කියනවා. එයාට setup process එකෙන්.
Download (573).wav,"ඉස්සරහට යන්න මේක ස්කිප් කරන්න බෑ, අනිවාර්යයෙන් මේක කරන්න වෙනවා. මේක ස්කිප් කරන්න මෙතඩ් එකක් තියෙනවා. ඒක දන්නේ ඉතාම සීමිත පිරිසක්, නැත්නම් මෙන්න මේ වගේ ටෙක් එන්තූසියාස්ට්ස්ලා විතරයි. සාමාන්‍ය","ඉස්සරහට යන්න මේක skip කරන්න බෑ, අනිවාර්යයෙන් මේක කරන්න වෙනවා. මේක skip කරන්න method එකක් තියෙනවා. ඒක දන්නේ ඉතාම සීමිත පිරිසක්, නැත්නම් මෙන්න මේ වගේ tech enthusiasts ලා විතරයි. සාමාන්‍ය,"
Download (574).wav,"සාමාන්‍ය එක්කෙනෙක්ට ඒව දන්නේ නෑ, එයාලා අනිවාර්යයෙන් සයින් ඉන් වෙලා තමා යන්න වෙන්නේ. කමක් නෑ කියලා එයා එකවුන්ට් එකක් හදලා, සෙටප් එක ෆිනිෂ් කරලා ඩෙස්ක්ටොප් එකට යනවා. ඩෙස්ක්ටොප් එක ස්ටාර්ට් වුණ ගමන් එයා ස්ටාර්ට් මෙනු එක ක්ලික් කරපු","සාමාන්‍ය එක්කෙනෙක්ට ඒව දන්නේ නෑ, එයාලා අනිවාර්යයෙන් sign in වෙලා තමා යන්න වෙන්නේ. කමක් නෑ කියලා එයා account එකක් හදලා, setup එක finish කරලා desktop එකට යනවා. Desktop එක start වුණ ගමන් එයා start menu එක click කරපු"
Download (575).wav,ක්ලික් කරපු ගමන් එතන ඇඩ්ස් සෑහෙන ප්‍රමාණයක් බලාගන්න පුළුවන්. ඊට පස්සේ එයා ජීවිතේට යූස් කරන්නේ නැති බ්ලෝට්වෙයාර් ඇප්ස් සෑහෙන ගොඩක් බලාගන්න පුළුවන්. ඊට අමතරව එයා ජීවිතේට ප්ලේ කරන්න කැමති නැති ගේම්ස්,click කරපු ගමන් එතන ads සෑහෙන ප්‍රමාණයක් බලාගන්න පුළුවන්. ඊට පස්සේ එයා ජීවිතේට use කරන්නේ නැති bloatware apps සෑහෙන ගොඩක් බලාගන්න පුළුවන්. ඊට අමතරව එයා ජීවිතේට play කරන්න කැමති නැති games
Download (576).wav,"ගේම්ස් ත් එයාට සජෙස්ට් වෙනවා. ඊට පස්සේ කමක් නෑ මං ඇසයින්මන්ට් කරන්න තමා මේක ගත්තේ කියලා, එයා ඇසයින්මන්ට් කරන්න මයික්‍රොසොෆ්ට් වර්ඩ් එක ඕපන් කරනවා. ඊට පස්සේ එයාට ලොකු පොප්-අප් එකක් එනවා මයික්‍රොසොෆ්ට් 360","games ත් එයාට suggest වෙනවා. ඊට පස්සේ කමක් නෑ මං assignment කරන්න තමා මේක ගත්තේ කියලා, එයා assignment කරන්න Microsoft Word එක open කරනවා. ඊට පස්සේ එයාට ලොකු pop-up එකක් එනවා Microsoft 360."
Download (577).wav,"365 එකට සබ්ස්ක්‍රිප්ෂන් එකක් ගෙවන්න කියලා. මයික්‍රොසොෆ්ට් වර්ඩ්, මයික්‍රොසොෆ්ට් පවර්පොයින්ට්, එක්සෙල්, වන්ඩ්‍රයිව්, ඊට පස්සේ කෝපයිලට්, මේවා ඔක්කොම සබ්ස්ක්‍රිප්ෂන් එකක් පිටිපස්සේ මයික්‍රොසොෆ්ට්ලා ලොක්","365 එකට subscription එකක් ගෙවන්න කියලා. Microsoft Word, Microsoft PowerPoint, Excel, OneDrive, ඊට පස්සේ Copilot, මේවා ඔක්කොම subscription එකක් පිටිපස්සේ Microsoft ලා lock"
Download (578).wav,"ලොක් කරලා තියෙන්නේ. ලැප්ටොප් එකේ කිසි ප්‍රශ්නයක් නෑ, ලැප්ටොප් එක තාමත් ෆාස්ට් විදිහට තමා වැඩ කරන්නේ. කසුන් ලක්ෂ දෙකක් පේ කරලා තමා මෙන්න මේ ලැප්ටොප් එක ගත්තේ. එයා ගත්තට පස්සෙත් ඒ සර්විසස් ටික යූස් කරන්න","ලොක් කරලා තියෙන්නේ. ලැප්ටොප් එකේ කිසි ප්‍රශ්නයක් නෑ, ලැප්ටොප් එක තාමත් fast විදිහට තමා වැඩ කරන්නේ. කසුන් ලක්ෂ දෙකක් pay කරලා තමා මෙන්න මේ ලැප්ටොප් එක ගත්තේ. එයා ගත්තට පස්සෙත් ඒ services ටික use කරන්න"
Download (579).wav,"කරන්න එයා තවත් මාසෙන් මාසෙට ගෙවන්න සිද්ධ වෙනවා. සෝ සබ්ස්ක්‍රිප්ෂන් පේ කරන්නේ නැතුව දාගන්න පුළුවන් මෙතඩ්ස් තියෙනවා, හැබැයි ඒවා අනෙතිකල් මෙතඩ්ස්. ඒවා ගැන අපි මෙතන කතා කරන්නේ නැතුව ඉමු. සෝ 2025, 2026 ඉඳන්","කරන්න එයා තවත් මාසෙන් මාසෙට ගෙවන්න සිද්ධ වෙනවා. So subscription pay කරන්නේ නැතුව දාගන්න පුළුවන් methods තියෙනවා, හැබැයි ඒවා unethical methods. ඒවා ගැන අපි මෙතන කතා කරන්නේ නැතුව ඉමු. So 2025, 2026 ඉඳන්,"
Download (580).wav,"ඉඳන් වින්ඩෝස් මෙන්න මෙහෙම තමා පර්ෆෝම් කරන්නේ. ඇන්ඩ් වින්ඩෝස් යූස් කරන සමහර කට්ටියම මේවා හරියට රියලයිස් කරන්නේ නෑ. ඔයාලා හිස්ටරි එක අරන් බැලුවොත් එහෙම, 1990 ඉඳන් 2000 වෙනකන් වින්ඩෝස් තමා ලෝකේ","ඉඳන් Windows මෙන්න මෙහෙම තමා perform කරන්නේ. And Windows use කරන සමහර කට්ටියම මේවා හරියට realize කරන්නේ නෑ. ඔයාලා history එක අරන් බැලුවොත් එහෙම, 1990 ඉඳන් 2000 වෙනකන් Windows තමා ලෝකේ."
Download (581).wav,"ලෝකෙම තියෙන කොම්පියුටර්ස් වල 90% ඔෆ් ද කොම්පියුටර්ස් වල වැඩ කරේ. ගොඩක් ගවර්න්මන්ට් ඔෆිසර්ස්, ස්කූල්ස්, යුනිවර්සිටීස් හැමතැනම ඔයාට වින්ඩෝස් ඔපරේටිංග් සිස්ටම් එක තමා බලාගන්න පුළුවන්.","ලෝකෙම තියෙන computers වල 90% of the computers වල වැඩ කරේ. ගොඩක් government officers, schools, universities හැමතැනම ඔයාට Windows operating system එක තමා බලාගන්න පුළුවන්."
Download (582).wav,"මේ වීඩියෝ එක බලන් ඉන්න ඔයාලගෙත් පළවෙනි ඔපරේටිංග් සිස්ටම් එක සමහර වෙලාවට වින්ඩෝස් තමා වෙන්න ඇති. මේකට රීසන් එක මොකක්ද කියලා බැලුවොත් එහෙම, වින්ඩෝස් ඒ දවස්වල හරිම සිම්පල්. ඔයා ජස්ට් පී.සී. එකක් ගත්තා","මේ වීඩියෝ එක බලන් ඉන්න ඔයාලගෙත් පළවෙනි operating system එක සමහර වෙලාවට Windows තමා වෙන්න ඇති. මේකට reason එක මොකක්ද කියලා බැලුවොත් එහෙම, Windows ඒ දවස්වල හරිම simple. ඔයා just PC එකක් ගත්තා"
Download (583).wav,"ඉන්ස්ටෝල් කරා, ඊට පස්සේ ලේසියෙන්ම යූස් කරන්න පුළුවන්. ඔයාට එකවුන්ට්ස් අවශ්‍ය නෑ, සබ්ස්ක්‍රිප්ෂන් එකක් තිබ්බේ නෑ, ඒ වගේම ක්ලවුඩ් බැකප් රිමයින්ඩර්ස් ත් ආවේ නෑ. අපි ඒ දවස්වල වින්ඩෝස් යූස් කරනකොට මයික්‍රොසොෆ්ට්ලත් ඒ","install කරා, ඊට පස්සේ ලේසියෙන්ම use කරන්න පුළුවන්. ඔයාට accounts අවශ්‍ය නෑ, subscription එකක් තිබ්බේ නෑ, ඒ වගේම cloud backup reminders ත් ආවේ නෑ. අපි ඒ දවස්වල Windows use කරනකොට Microsoft ලත් ඒ"
Download (584).wav,ඒ දවස්වල වින්ඩෝස් වලින් සෑහෙන ප්‍රමාණයක් හම්බ කරා. 2006 විතරක් මයික්‍රොසොෆ්ට්ලට මෙන්න මේ වින්ඩෝස් ඔපරේටිංග් සිස්ටම් එක 13 බිලියන ඩොලර්ස් රෙවෙනියු එකක් අරන් දීලා තියෙනවා. බට් ඒවා ඔක්කොම දැන් වෙද්දි,ඒ දවස්වල Windows වලින් සෑහෙන ප්‍රමාණයක් හම්බ කරා. 2006 විතරක් Microsoft ලට මෙන්න මේ Windows operating system එක 13 billion dollars revenue එකක් අරන් දීලා තියෙනවා. But ඒවා ඔක්කොම දැන් වෙද්දි.
Download (585).wav,"දැන් වෙනස් වෙලා තියෙන්නේ. ඔයා දැන් මයික්‍රොසොෆ්ට්ලාගේ රෙවෙනියු එක අරන් බැලුවොත් එහෙම, මෙන්න මේ වින්ඩෝස් ඔපරේටිංග් සිස්ටම් එක එයාලගේ ටෝටල් රෙවෙනියු සිස්ටම් එකෙන් 10% කටත් වඩා අඩුවෙන් තමා රෙවෙනියු එක","දැන් වෙනස් වෙලා තියෙන්නේ. ඔයා දැන් Microsoft ලාගේ revenue එක අරන් බැලුවොත් එහෙම, මෙන්න මේ Windows operating system එක එයාලගේ total revenue system එකෙන් 10% කටත් වඩා අඩුවෙන් තමා revenue එක"
Download (586).wav,රෙවෙනියු එකක් අරන් දෙන්නේ. දැන් වෙනකොට මයික්‍රොසොෆ්ට් එකට ගොඩක්ම රෙවෙනියු අරන් දෙන්නේ ක්ලවුඩ් සර්වර්ස්‍ යි මෙන්න මේ ඒ.අයි. කියන එකයි. ඔයාලා දන්නවා ඇති මයික්‍රොසොෆ්ට් බිලියන ගණන් ඉන්වෙස්ට් කරා මෙන්න මේ ඒ.අයි. එකට. එයාලා ඕපන්ඒ.අයි.,revenue එකක් අරන් දෙන්නේ. දැන් වෙනකොට Microsoft එකට ගොඩක්ම revenue අරන් දෙන්නේ cloud servers යි මෙන්න මේ AI කියන එකයි. ඔයාලා දන්නවා ඇති Microsoft බිලියන ගණන් invest කරා මෙන්න මේ AI එකට. එයාලා OpenAI
Download (587).wav,"ඕපන්ඒ.අයි. කම්පැනි එකට බිලියන ගණන් ඉන්වෙස්ට් කරා මෙන්න මේ ඒ.අයි. ටූල්ස් ඩිවෙලොප් කරන්න. එයාලා මේක ඉන්වෙස්ට් කරපු පළියට එයාලා කෝපයිලට් කියලා එකක් ඉන්ට්‍රොඩියුස් කරලා, ඔයාලගේ වින්ඩෝස් පී.සී. එකේ හැමතැනම දැන් ඒක බලාගන්න පුළුවන්.","OpenAI company එකට බිලියන ගණන් invest කරා මෙන්න මේ AI tools develop කරන්න. එයාලා මේක invest කරපු පළියට එයාලා Copilot කියලා එකක් introduce කරලා, ඔයාලගේ Windows PC එකේ හැමතැනම දැන් ඒක බලාගන්න පුළුවන්"
Download (588).wav,"පුළුවන්. ඔයාගේ වින්ඩෝස් ස්ටාර්ට් මෙනු එකේ තියෙනවා, මයික්‍රොසොෆ්ට් එජ් එකේ බලාගන්න පුළුවන්. ඇයි, පේන්ට් ඇප් එකෙත් දැන් ඔයාට කෝපයිලට් බලාගන්න පුළුවන්. ඒ වගේම අලුතෙන් එන පී.සී. එකේ ඔයාගේ කීබෝඩ් එකෙත් කෝපයිලට් කී","පුළුවන්. ඔයාගේ Windows start menu එකේ තියෙනවා, Microsoft Edge එකේ බලාගන්න පුළුවන්. ඇයි, Paint app එකෙත් දැන් ඔයාට Copilot බලාගන්න පුළුවන්. ඒ වගේම අලුතෙන් එන PC එකේ ඔයාගේ keyboard එකෙත් Copilot key"
Download (589).wav,"කෝපයිලට් කී එකක් දීලා තියෙනවා. දැන් ඉස්සර වගේ ඕ.ඇස්. එක නෙවෙයි ප්‍රොඩක්ට් එක, දැන් ඔයාලා තමා මයික්‍රොසොෆ්ට් එකට ප්‍රොඩක්ට් එකක් වෙලා තියෙන්නේ. ඔයාලගේ ඇටෙන්ෂන් එක, ඔයාලගේ ඩේටා, ඒ වගේම මන්ත්ලි සබ්ස්ක්‍රිප්ෂන් එක තමා දැන් වින්ඩෝස් වලට","Copilot key එකක් දීලා තියෙනවා. දැන් ඉස්සර වගේ OS එක නෙවෙයි product එක, දැන් ඔයාලා තමා Microsoft එකට product එකක් වෙලා තියෙන්නේ. ඔයාලගේ attention එක, ඔයාලගේ data, ඒ වගේම monthly subscription එක තමා දැන් Windows වලට"
Download (590).wav,"වින්ඩෝස් වලට අවශ්‍ය. දැන් මේ ඒ.අයි. කියන එක වින්ඩෝස් වලට එයාලා ෆෝස්ෆුලි දාලා තියෙනවා, ඒ වගේම ගොඩක් වින්ඩෝස් යූසර්ස්ලා මේවා යූස් කරන්නෙත් නෑ. පළවෙනි එක මෙන්න මේ කෝපයිලට් එක දැන් ඔයාට හැමතැනම බලාගන්න පුළුවන්.","Windows වලට අවශ්‍ය. දැන් මේ AI කියන එක Windows වලට එයාලා forcefully දාලා තියෙනවා, ඒ වගේම ගොඩක් Windows users ලා මේවා use කරන්නෙත් නෑ. පළවෙනි එක මෙන්න මේ Copilot එක දැන් ඔයාට හැමතැනම බලාගන්න පුළුවන්."
Download (591).wav,"එව්රිවෙයාර් අයි ගෝ, අයි සී හිස් ෆේස්","Every where I go, I see his face"
Download (592).wav,ඒ වගේම මයික්‍රොසොෆ්ට් 365 පිටිපස්සෙත් ඔයාට මෙන්න මේ කෝපයිලට් එක බලාගන්න පුළුවන්. ඒ වගේම මයික්‍රොසොෆ්ට්ලා වින්ඩෝස් රීකෝල් කියලා ෆීචර් එකක් ඉන්ට්‍රොඩියුස් කරා. ඒක හැමෝටම රිලීස් කරන්න කලින්,ඒ වගේම Microsoft 365 පිටිපස්සෙත් ඔයාට මෙන්න මේ Copilot එක බලාගන්න පුළුවන්. ඒ වගේම Microsoft ලා Windows Recall කියලා feature එකක් introduce කරා. ඒක හැමෝටම release කරන්න කලින්
Download (593).wav,"කරන්න කලින් මුලින් බීටා ටෙස්ට් කරා. මේකේ මොකක්ද වෙන්නේ කියලා බැලුවොත් එහෙම, ඔයා කොම්පියුටර් එක යූස් කරගෙන ඉන්නකොට එයා නිතරම ස්ක්‍රීන්ෂොට්ස් ගහනවා. ඔයාගේ ඩොකියුමන්ට්ස්, ඔයා විසිට් කරන වෙබ්සයිට්ස්, ඔයාගේ පර්සනල් ඩේටා","කරන්න කලින් මුලින් beta test කරා. මේකේ මොකක්ද වෙන්නේ කියලා බැලුවොත් එහෙම, ඔයා computer එක use කරගෙන ඉන්නකොට එයා නිතරම screenshots ගහනවා. ඔයාගේ documents, ඔයා visit කරන websites, ඔයාගේ personal data"
Download (594).wav,"ඩේටා මේවා ඔක්කොම ස්ක්‍රීන්ෂොට්ස් අරගන්නවා.ඊට පස්සේ ඔයා මොකක් හරි ඒක ගැන ප්‍රශ්නයක් නැත්නම්, ඔයා කලින් මොකක්ද සර්ච් කරේ වගේ දේවල් ඒකෙන් ඇහුව ගමන් එයා ඒ ඩේටා ඔක්කොම අරන් දෙනවා. මයික්‍රොසොෆ්ට්ලා කිව්වා මේක","data මේවා ඔක්කොම screenshots අරගන්නවා.ඊට පස්සේ ඔයා මොකක් හරි ඒක ගැන ප්‍රශ්නයක් නැත්නම්, ඔයා කලින් මොකක්ද search කරේ වගේ දේවල් ඒකෙන් ඇහුව ගමන් එයා ඒ data ඔක්කොම අරන් දෙනවා. Microsoft ලා කිව්වා මේක"
Download (595).wav,"කිව්වා මේක 100% සේෆ්, ඔක්කොම වෙන්නේ කොම්පියුටර් එක ඇතුලේ කියලා. හැබැයි ගොඩක් සිකියුරිටි රිසර්චර්ස්ලා මේකේ ප්‍රොබ්ලම්ස් අයිඩෙන්ටිෆයි කරගෙන තියෙනවා. ඒ වගේම මේක ගොඩක් ඩේටා ත් ලීක් වෙනවා කියලා අයිඩෙන්ටිෆයි කරගෙන තියෙනවා.","කිව්වා මේක 100% safe, ඔක්කොම වෙන්නේ computer එක ඇතුලේ කියලා. හැබැයි ගොඩක් security researchers ලා මේකේ problems identify කරගෙන තියෙනවා. ඒ වගේම මේක ගොඩක් data ත් leak වෙනවා කියලා identify කරගෙන තියෙනවා."
Download (596).wav,"තියෙනවා. ඊට පස්සේ ඒ ෆීචර් එක ඩිලේඩ් වුණා. ඊට පස්සේ ආයෙ රීඩිසයින් කරලා, ආයෙත් ඩිලේඩ් වුණා. තාම ඒක රීඩිසයිනිංග් ෆේස් එකේ තමා තියෙන්නේ. ඇන්ඩ් තුන්වෙනි එක තමා මෙන්න මේ එන්.පී.යූ.","තියෙනවා. ඊට පස්සේ ඒ feature එක delayed වුණා. ඊට පස්සේ ආයෙ redisign කරලා, ආයෙත් delayed වුණා. තාම ඒක redesigning phase එකේ තමා තියෙන්නේ. And තුන්වෙනි එක තමා මෙන්න මේ NPU"
Download (597).wav,"එන්.පී.යූ. ටැක්ස්. ඔයාලා අහලා ඇති දැන් අලුතෙන්ම රිලීස් වෙන ලැප්ටොප්ස් වලට කෝපයිලට්+ පී.සී.ස් කියනවා, එහෙමත් නැත්නම් ඒ.අයි. පී.සී.ස් කියනවා. මෙන්න මේ ලේබල් එක මයික්‍රොසොෆ්ට් එකෙන් හම්බවෙන්න ඕන නම්, ඒ","NPU tax. ඔයාලා අහලා ඇති දැන් අලුතෙන්ම release වෙන laptops වලට Copilot+ PCs කියනවා, එහෙමත් නැත්නම් AI PCs කියනවා. මෙන්න මේ label එක Microsoft එකෙන් හම්බවෙන්න ඕන නම්, ඒ"
Download (598).wav,"ඒ පී.සී. මැනුෆැක්චරර් , එන්.පී.යූ. කියන දේ ඉන්ක්ලූඩ් කරන්න ඕනේ එයාලගේ ලැප්ටොප්ස් වලට. එන්.පී.යූ. කියන්නේ නියුරල් ප්‍රොසෙසිංග් යුනිට්, ස්පෙෂල් මෙන්න මේ ඒ.අයි. ටාස්ක්ස් වලට. මෙන්න මේ ලැප්ටොප් සාමාන්‍ය","ඒ PC manufacturer, NPU කියන දේ include කරන්න ඕනේ එයාලගේ laptops වලට. NPU කියන්නේ Neural Processing Unit, special මෙන්න මේ AI tasks වලට. මෙන්න මේ laptop සාමාන්‍ය,"
Download (599).wav,සාමාන්‍ය ලැප්ටොප්ස් වලට වඩා ටිකක් ගානෙන් වැඩියි. හැබැයි අපි හැමෝම දන්නවා ඒ.අයි. ටාස්ක්ස් රන් කරන්න ගොඩක්ම පවර් එක යූස් වෙන්නේ ජී.පී.යූ. එක හරහා. ඩෙඩිකේටඩ් එන්.පී.යූ. එකක් තියෙන පී.සී. එකට වඩා,සාමාන්‍ය laptops වලට වඩා ටිකක් ගානෙන් වැඩියි. හැබැයි අපි හැමෝම දන්නවා AI tasks run කරන්න ගොඩක්ම power එක use වෙන්නේ GPU එක හරහා. Dedicated NPU එකක් තියෙන PC එකට වඩා
Download (600).wav,"ඉන්-බිල්ට් ජී.පී.යූ. එකක් තියෙන පී.සී. එකක් ඒ ඒ.අයි. ටාස්ක්ස් ෆාස්ට්ලි කරනවා, මේ එන්.පී.යූ. පී.සී. එකට වඩා. සෝ මෙන්න මේ පී.සී. එකක් කෝපයිලට්+ පී.සී. එකක් කියලා මෙන්ෂන් කරපු පළියට කස්ටමර්.","in-built GPU එකක් තියෙන PC එකක් ඒ AI tasks fastly කරනවා, මේ NPU PC එකට වඩා. So මෙන්න මේ PC එකක් Copilot+ PC එකක් කියලා mention කරපු පළියට customer"
Download (601).wav,කස්ටමර්ස්ලට වැඩිපුර ගාණක් පේ කරන්න අවශ්‍යයි එකම ෆීචර්ස් ටිකට. සෝ රීසන්ට්ලි බැලුවොත් එහෙම ඩෙල් කම්පැනි එකින් එයාලගේ ලැප්ටොප් ඇඩ්වර්ටයිස්මන්ට් වල මෙන්න මේ ඒඅයි කෑල්ල රිමූව් කරා බිකොස් මේක කස්ටමර්ස්ලා,customers ලට වැඩිපුර ගාණක් pay කරන්න අවශ්‍යයි එකම features ටිකට. So recently බැලුවොත් එහෙම Dell company එකින් එයාලගේ laptop advertisement වල මෙන්න මේ AI කෑල්ල remove කරා because මේක customers ලා
Download (602).wav,"කස්ටමර්ස්ලව කන්ෆියුස් කරනවා කියලා. මම කියන්නේ නෑ මෙන්න මේ ඒඅයි කියන එක යූස්ලස් කියලා, ඒඅයි කියන්නේ ඇත්තටම යූස්ෆුල් දෙයක් ඔයාගේ එඩිටින්, ඊට පස්සේ ක්‍රියේටිව් වැඩ, රිසර්ච් වැඩ ඔක්කොම මෙයා ටෙන් ටයිම්ස් ලේසි","customers ලව confuse කරනවා කියලා. මම කියන්නේ නෑ මෙන්න මේ AI කියන එක useless කියලා, AI කියන්නේ ඇත්තටම useful දෙයක් ඔයාගේ editing, ඊට පස්සේ creative වැඩ, research වැඩ ඔක්කොම මෙයා 10 times ලේසි"
Download (604).wav,"යක් යූස් කරවලා එතනින් එක්ස්ට්‍රා චාජ් ගන්න එක. සෝ මෙන්න මේකට ටෙක් ටර්ම් එකක් තියෙනවා, මේකට කියන්නේ එන්ෂිෆ්ට් එන් ෂිෆ්ටි ටේ එන්ෂිටිෆිටේ එකේ එන්ෂිටිෆිකේෂන් එතන බලාගන්න පුළුවන්","යක් use කරවලා එතනින් extra charge ගන්න එක. So මෙන්න මේකට tech term එකක් තියෙනවා, මේකට කියන්නේ enshift, en shifti te, enshittifite එකේ enshittification එතන බලාගන්න පුළුවන්"
Download (605).wav,ත මේකෙන් කියන්නේ ප්ලැට්ෆෝම් එකක් යූසර්ස්ලට සර්ව් කරන එක නතර කරලා එයාලටම එයාලා සර්ව් කරගන්න එකට. සෝ මෙතන අපිට ගොඩක් ඇප්ස් බලාගන්න පුළුවන් ලයික් ටික්ටොක්,ත මේකෙන් කියන්නේ platform එකක් users ලට serve කරන එක නතර කරලා එයාලටම එයාලා serve කරගන්න එකට. So මෙතන අපිට ගොඩක් apps බලාගන්න පුළුවන් like TikTok
Download (606).wav,"ලයික් ටික්ටොක්, වට්ස්ඇප්. සෝ මෙන්න මේ වගේ දෙයක් තමා මෙන්න මේ වින්ඩෝස් වලටත් යන්නේ. සෝ ඒ දවස් වල වින්ඩෝස් බැලුවොත් එහෙම මමත් පර්සනලි යූස් කරලා තියෙනවා වින්ඩෝස් එක්ස්පී, වින්ඩෝස්","like TikTok, WhatsApp. So මෙන්න මේ වගේ දෙයක් තමා මෙන්න මේ Windows වලටත් යන්නේ. So ඒ දවස් වල Windows බැලුවොත් එහෙම මමත් personally use කරලා තියෙනවා Windows XP, Windows"
Download (607).wav,"වින්ඩෝස් 7, ඊට පස්සේ මං වින්ඩෝස් 8 ස්කිප් කරා, ඊට පස්සේ වින්ඩෝස් 10 මෙන්න මේවා එහෙම ඒ දවස්වල ඕජී ඔපරේටින් සිස්ටම් එකක් වෙලා තිබ්බා. දැට්ස් වට් අයිම්","Windows 7, ඊට පස්සේ මං Windows 8 skip කරා, ඊට පස්සේ Windows 10 මෙන්න මේවා එහෙම ඒ දවස්වල OG operating system එකක් වෙලා තිබ්බා. That's what I'm"
Download (608).wav,දැට්ස් වයි හීස් ද එම්වීපී!,That's why he's the MVP!
Download (610).wav,ද ගෝට්! දැනට මේ වින්ඩෝස් 11 එකේ වෙලා තියෙන සිටුවේෂන් එකෙන් ගොඩක් කට්ටිය මැක් ඕඑස් එකටත් ස්විච් වෙනවා. සෝ මේ වීඩියෝ එකත් බලන් ඉන්න ගොඩක් කට්ටියගේ පළවෙනි ඔපරේටින් සිස්ටම්,The GOAT! දැනට මේ Windows 11 එකේ වෙලා තියෙන situation එකෙන් ගොඩක් කට්ටිය Mac OS එකටත් switch වෙනවා. So මේ video එකත් බලන් ඉන්න ගොඩක් කට්ටියගේ පළවෙනි operating system
Download (611).wav,රේටින් සිස්ටම් එක වින්ඩෝස් එක්ස්පී එකක් නැත්නම් වින්ඩෝස් 7 එකක් වෙන්න ඇති. සෝ ඒ දවස්වල බැලුවොත් එහෙම වින්ඩෝස් මේ වගේ අප්ඩේට් ෆෝස් කරන්නේ නෑ අපිට බ්ලූ ස්ක්‍රීන් එරර්ස් එනවා අඩු,rating system එක Windows XP එකක් නැත්නම් Windows 7 එකක් වෙන්න ඇති. So ඒ දවස්වල බැලුවොත් එහෙම Windows මේ වගේ update force කරන්නේ නෑ අපිට blue screen errors එනවා අඩු
Download (612).wav,මෙන්න මේ වගේ සෑහෙන බෙනිෆිට්ස් තොගයක් තිබ්බා. හැබැයි 2026 බලනකොට වින්ඩෝස් එයාලගේ යූසර්ස්ලව රෙවෙනියු ස්ට්‍රීම් එකක් හැටියට තමා ට්‍රීට් කරන්නේ. සෝ මේ වීඩියෝ එක කවුරුහරි මයික්‍රොසොෆ්ට් එකෙන් පැත්තෙ,මෙන්න මේ වගේ සෑහෙන benefits තොගයක් තිබ්බා. හැබැයි 2026 බලනකොට Windows එයාලගේ users ලව revenue stream එකක් හැටියට තමා treat කරන්නේ. So මේ video එක කවුරුහරි Microsoft එකෙන් පැත්තෙ
Download (613).wav,"තෙන් පැත්තෙන් අහගෙන ඉන්නවා නම් අපිට කියන්න තියෙන්නේ එක දෙයයි, අපි වින්ඩෝස් වලට කැමතියි, අපිට මැක් ඕඑස් එකටවත් නැත්නම් ලිනක්ස් වලටවත් ස්විච් වෙන්න කැමති නෑ. හැබැයි අපිට අවශ්‍ය වෙන්නේ ඉස්සර තිබ්බ ඕජී වින්ඩෝස් එක්ස්පීරියන්ස් එක","තෙන් පැත්තෙන් අහගෙන ඉන්නවා නම් අපිට කියන්න තියෙන්නේ එක දෙයයි, අපි Windows වලට කැමතියි, අපිට Mac OS එකටවත් නැත්නම් Linux වලටවත් switch වෙන්න කැමති නෑ. හැබැයි අපිට අවශ්‍ය වෙන්නේ ඉස්සර තිබ්බ OG Windows experience එක"
Download (614).wav,"එක්ස්පීරියන්ස් එක. මෙන්න මේ කෝපයිලට් කියන එක ෆෝස් කරන්න අවශ්‍යතාවයක් නෑ, ඒ වගේම ස්ටාට් මෙනු එකේ ඇඩ්ස් ඕනේ නෑ, ඒ වගේම අපිට ඉන්ස්ටෝල් කරගන්න ඕනෙ නම් එකවුන්ට් එකක් නැතුවම ඉන්ස්ටෝල් කරගන්න පුළුවන් ඔප්ෂන් එකක් තිබ්බහම","experience එක. මෙන්න මේ Copilot කියන එක force කරන්න අවශ්‍යතාවයක් නෑ, ඒ වගේම Start menu එකේ ads ඕනේ නෑ, ඒ වගේම අපිට install කරගන්න ඕනෙ නම් account එකක් නැතුවම install කරගන්න පුළුවන් option එකක් තිබ්බහම"
Download (615).wav,තිබ්බහම ඇති. සෝ වින්ඩෝස් මට මේ දැනිච්ච විදිහට ඔයාලටත් දැනෙනවා නම් පල්ලෙහා කමෙන්ට් කරන්න. ඒ වගේම ඔයාලා මේ වින්ඩෝස් වල එක්ස්පීරියන්ස් කරපු පොසිටිව් ඇන්ඩ් නෙගටිව් දේවල් දෙකම පල්ලෙහා කමෙන්ට් කරන්න. ඒ වගේම ඔයා,තිබ්බහම ඇති. So Windows මට මේ දැනිච්ච විදිහට ඔයාලටත් දැනෙනවා නම් පල්ලෙහා comment කරන්න. ඒ වගේම ඔයාලා මේ Windows වල experience කරපු positive and negative දේවල් දෙකම පල්ලෙහා comment කරන්න. ඒ වගේම ඔයා
Download (616).wav,ම ඔයාල අලුතෙන්ම රිලීස් වෙච්ච එස් 26 අල්ට්‍රා එකේ ෆුල් රිවිව් එක බලන්න ඕන නම් මෙන්න මෙතන ක්ලික් කරන්න. ඇන්ඩ් මේ වීඩියෝ එක ලයික් කරන්න එහෙම නැත්නම් ලයික් නොකර ඉන්න ප්‍රශ්නයක් නෑ. මේක කමියුනිටි එක වෙනුවෙන් කරපු වීඩියෝ එකක්,ම ඔයාල අලුතෙන්ම release වෙච්ච S26 Ultra එකේ full review එක බලන්න ඕන නම් මෙන්න මෙතන click කරන්න. And මේ video එක like කරන්න එහෙම නැත්නම් like නොකර ඉන්න ප්‍රශ්නයක් නෑ. මේක community එක වෙනුවෙන් කරපු video එකක්
Download (618).wav,"මං ඔයාලට කිව්වොත් 75 ඉන්ච් 4කේ පැනල් එකක් 48 මෙගාපික්සල් ඒඅයි කැමරා, 8 ඇරේ මයික්‍රොෆෝන්, ස්ටයිලස් පෙන් දෙකයි බිල්ට්-ඉන් ඇලෝයි ෆ්‍රේම් ප්ලස් 50,000 අවර්ස්","මං ඔයාලට කිව්වොත් 75 inch 4K panel එකක් 48 megapixel AI camera, 8 array microphone, stylus pen දෙකයි built-in alloy frame plus 50,000 hours"
Download (619).wav,"ස්ක්‍රීන් ලයිෆ්ස්පෑන් එකක් ප්ලස් සයිස් හයකින් 55 ඉන්ච් ඉදන් 105 ඉන්ච් වෙනකන් මේ පැනල්ස් අවේලබල්. ඔව්, මං කතා කරන්නේ ටෙක්නෝ වීව් ඉන්ටරැක්ටිව් පැනල් එක ගැන. ටෙක්නෝ වීව් ලා","screen lifespan එකක් plus size හයකින් 55 inch ඉදන් 105 inch වෙනකන් මේ panels available. ඔව්, මං කතා කරන්නේ Techno View interactive panel එක ගැන. Techno View ලා"
Download (620).wav,"ටෙක්නෝ වීව් ලා බැලුවොත් එහෙම, හැමෝටම අවශ්‍ය කරන ස්ක්‍රීන් සයිස් එකක් එයාලට තියෙනවා. ඔයාලට ඒ ග්‍රේඩ් යූඑච්ඩී 4කේ පැනල් එකක් බලාගන්න පුළුවන්. ඒ වගේම මේක සපෝට් කරනවා 60 ෆ්‍රේම්ස් පර් සෙකන්ඩ්. ඇන්ඩ් ඊළඟට","Techno View ලා බැලුවොත් එහෙම, හැමෝටම අවශ්‍ය කරන screen size එකක් එයාලට තියෙනවා. ඔයාලට A grade UHD 4K panel එකක් බලාගන්න පුළුවන්. ඒ වගේම මේක support කරනවා 60 frames per second. And ඊළඟට"
Download (621).wav,ඊළඟට මේකේ ග්ලාස් එක විතරක් 4 මිලිමීටර් තික්නස් එකක් තියෙනවා. ඒ වගේම මේකට ඇන්ටි ග්ලෙයා කෝටින් එකක් එනවා. මෙන්න මේ පැනල් එකේ ඇන්ඩ්‍රොයිඩ් ඕඑස් රන් වෙනකොට ඔයාට සිමල්ටේනියස් 20 ටච් පොයින්ට්ස් හම්බ,ඊළඟට මේකේ glass එක විතරක් 4 millimeter thickness එකක් තියෙනවා. ඒ වගේම මේකට anti-glare coating එකක් එනවා. මෙන්න මේ panel එකේ Android OS run වෙනකොට ඔයාට simultaneous 20 touch points හම්බ
Download (622).wav,"පොයින්ට්ස් හම්බෙනවා. ගූගල් මීට්, සූම්, කැන්වා, ගූගල් ඩ්‍රයිව්, මේ ඔක්කොම ඇප්ස් නේටිව්ලි මේ පැනල් එකෙන් රන් වෙනවා, ඔයාට පීසී එකක් නැත්නම් ලැප්ටොප් එකක් පෙයාර් කරන්න අවශ්‍යතා","points හම්බෙනවා. Google Meet, Zoom, Canva, Google Drive, මේ ඔක්කොම apps natively මේ panel එකෙන් run වෙනවා, ඔයාට PC එකක් නැත්නම් laptop එකක් pair කරන්න අවශ්‍යතා"
Download (623).wav,අවශ්‍යතාවයක් නෑ. ඒකත් එක්කම 8ජීබී රැම් 128ජීබී එස්එස්ඩී ප්ලස් මේකේ රන් වෙන්නේ ඇන්ඩ්‍රොයිඩ් ඕඑස් 14. සෝ මේකෙන් කියන්නේ මේකේ ෆාස්ට් රෙස්පොන්ස් ටයිම් එකක් හම්බෙනවා. මේකේ ඔයාට,අවශ්‍යතාවයක් නෑ. ඒකත් එක්කම 8GB RAM 128GB SSD plus මේකේ run වෙන්නේ Android OS 14. So මේකෙන් කියන්නේ මේකේ fast response time එකක් හම්බෙනවා. මේකේ ඔයාට
Download (624).wav,ට ඔයාට 48 මෙගාපික්සල් ඒඅයි කැමරා එකක් එනවා. සෝ මේක ඔයාලගේ වෙබ්කැම් එක වගේ ප්‍රෝ මැක්ස් වෙබ්කැම් එකක්. ටෙක්නෝ වීව් ලා මේක අත්‍යවශ්‍ය ෆීචර් එකක් හැටියට දීලා තියෙනවා. ඔයාට මේකේ වයිඩ්,ට ඔයාට 48 megapixel AI කැමරා එකක් එනවා. So මේක ඔයාලගේ වෙබ්කැම් එක වගේ pro max වෙබ්කැම් එකක්. Techno View ලා මේක අත්‍යවශ්‍ය feature එකක් හැටියට දීලා තියෙනවා. ඔයාට මේකේ wide
Download (625).wav,"වයිඩ් ඇන්ගල් වීව් එකක් ගන්න පුළුවන්, ඒ වගේම ටෙක්නෝ වීව් ලා මෙන්න මේකට 8 ඇරේ මයික්‍රොෆෝන් සිස්ටම් එකක් දාලා තියෙනවා. ඒ වගේම ඩුවෙල් බෑන්ඩ් වයිෆයි සිස්ටම් එකක් හම්බෙනවා 2.4 ගිගාහර්ට්ස් ත් සපෝට් කරනවා 5 පොයින්ට්","wide angle view එකක් ගන්න පුළුවන්, ඒ වගේම Techno View ලා මෙන්න මේකට 8 array microphone system එකක් දාලා තියෙනවා. ඒ වගේම dual band wifi system එකක් හම්බෙනවා 2.4 gigahertz ත් support කරනවා 5 point"
Download (626).wav,"5.0 ගිගාහර්ට්ස් ත් සපෝට් කරනවා. ස්ක්‍රීන් මිරරින් ත් සපෝට් කරනවා. ඇන්ඩ් මේ පැනල් එක ඔයාලට මිල දී ගන්න ඕනේ නම්, ටෙක්නෝ වීව් ඕතරයිස්ඩ් රීසෙලර්ස් ලගෙන් ලංකාව පුරාම ජෙනුයින් වොරන්ටි එක්ක දැන් මිල දී ගන්න පුළුවන්","5.0 gigahertz ත් support කරනවා. Screen mirroring ත් support කරනවා. And මේ panel එක ඔයාලට මිල දී ගන්න ඕනේ නම්, Techno View authorized resellers ලගෙන් ලංකාව පුරාම genuine warranty එක්ක දැන් මිල දී ගන්න පුළුවන්"
Download (627).wav,"එක්ලක්ෂ අසූදාහට තිබ්බ ලැප්ටොප් එක, මේ වෙනකොට දෙලක්ෂ හතලිස්දාහක් වෙනවා. මේකට රීසන් එක මොකක්ද කියලා බැලුවොත් ඒක තමා මේ රැම් ටික. වට් පුට් යූ","එක්ලක්ෂ අසූදාහට තිබ්බ laptop එක, මේ වෙනකොට දෙලක්ෂ හතලිස්දාහක් වෙනවා. මේකට reason එක මොකක්ද කියලා බැලුවොත් ඒක තමා මේ RAM ටික. What put you"
Download (628).wav,"වට් ආ යූ සේයින්? දොලොස්දාහක් පහලොස්දාහක් අතර තිබ්බ මේ 16ජීබී රැම් ටික, මේ වෙනකොට රුපියල් හැත්තෑදාහටත් උඩින් ප්‍රයිස් වෙලා තියෙනවා. ඒ කියන්නේ ප්‍රයිස් හයික් එක බැලුවොත් එහෙම මේ වෙනකොට හතර ගුණයකින්","What are you saying? දොලොස්දාහක් පහලොස්දාහක් අතර තිබ්බ මේ 16GB RAM ටික, මේ වෙනකොට රුපියල් හැත්තෑදාහටත් උඩින් price වෙලා තියෙනවා. ඒ කියන්නේ price hike එක බැලුවොත් එහෙම මේ වෙනකොට හතර ගුණයකින්"
Download (629).wav,තර ගුණයකින් එහෙම නැත්නම් පස් ගුණයකින් ප්‍රයිස් එක වැඩිවෙලා තියෙනවා. මේකට රීසන් එක මොකක්ද? ඒකට කලින් අපේ චැනල් එක ෆොලෝ කරලා තියාගන්න. මේ රැම් වල තියෙන මෙමරි මොඩල් එක රෙඩි කරන්න මේජර් කම්පැනිස්,තර ගුණයකින් එහෙම නැත්නම් පස් ගුණයකින් price එක වැඩිවෙලා තියෙනවා. මේකට reason එක මොකක්ද? ඒකට කලින් අපේ channel එක follow කරලා තියාගන්න. මේ RAM වල තියෙන memory model එක ready කරන්න major companies
Download (630).wav,"කම්පැනිස් තුනක් තමා තියෙන්නේ. මැක්‍රෝන්, සැම්සුන්ග් ඒ වගේම එච්කේ හයිනික්ස්. මේ ඒඅයි බූම් එක නිසා ග්‍රැෆික්ස් කාඩ් වලට හදන මෙමරිස් තමා ගොඩක්ම සෙල් වුණේ. රැම් එකට යන මෙමරිස් ඒ","companies තුනක් තමා තියෙන්නේ. Macrone, Samsung ඒ වගේම HK Hynix. මේ AI boom එක නිසා graphics card වලට හදන memories තමා ගොඩක්ම sell වුණේ. RAM එකට යන memories ඒ"
Download (631).wav,මරිස් එච්චර යන්නේ නෑ කියලා ඒකේ ප්‍රොඩක්ෂන් එක අඩු කරා. හැබැයි දැන් තියෙන ප්‍රශ්නේ මොකක්ද කියලා බැලුවොත් එහෙම ඒ ඒඅයි කම්පැනිස්ම ඇවිල්ලා කියනවා අපිට මේ රැම් වල යූස් කරන මෙමරි එකත් ඕනේ ඊට අමතරව,mories එච්චර යන්නේ නෑ කියලා ඒකේ production එක අඩු කරා. හැබැයි දැන් තියෙන ප්‍රශ්නේ මොකක්ද කියලා බැලුවොත් එහෙම ඒ AI companies ම ඇවිල්ලා කියනවා අපිට මේ RAM වල use කරන memory එකත් ඕනේ ඊට අමතරව
Download (632).wav,අමතරව ග්‍රැෆික්ස් කාඩ් වල යූස් කරන එච්බීඑම් මෙමරිසුත් ඕනේ කියලා. ඒ නිසා මුළු කම්පැනියකින්ම තියෙන රැම් ටික අපිට දෙන්න කියලා සෑම් ඕල්ට්මන් ඉදන් මාක් අන්කල් වෙනකන් ඉල්ලලා තියෙනවා,අමතරව graphics card වල use කරන HBM memories ත් ඕනේ කියලා. ඒ නිසා මුළු company එකින්ම තියෙන RAM ටික අපිට දෙන්න කියලා Sam Altman ඉදන් Mark uncle වෙනකන් ඉල්ලලා තියෙනවා
Download (633).wav,ඒ වගේම සමහර සෝසස් වලට අනුව සෑම් ඕල්ට්මන් මෙන්න මේ මයික්‍රෝන් කම්පැනි එක ගාවට ගිහින් එයාලා ප්‍රොඩියුස් කරන රැම් ඔක්කොම අවුරුදු තුනකට ඉල්ලලා තියෙනවා ඕපන් ඒඅයි එකට. ඒත් ඉල්ලලා තියෙන්නේ,ඒ වගේම සමහර sources වලට අනුව Sam Altman මෙන්න මේ Micron company එක ගාවට ගිහින් එයාලා produce කරන RAM ඔක්කොම අවුරුදු තුනකට ඉල්ලලා තියෙනවා OpenAI එකට. ඒත් ඉල්ලලා තියෙන්නේ
Download (634).wav,ඒත් ඉල්ලලා තියෙන්නේ ෆික්ස් රේට් එකට නෙවෙයි ඒ දවස්වල තියෙන මාකට් රේට් එකට අනුව. මෙන්න මේ රීසන් එක නිසා මේ අවුරුද්දේ ඩීඩීආර් 4 ඇන්ඩ් ඩීඩීආර් 5 රැම් ප්‍රයිසස් 400% ඉදන් 500%ක් දක්වා,ඒත් ඉල්ලලා තියෙන්නේ fixed rate එකට නෙවෙයි ඒ දවස්වල තියෙන market rate එකට අනුව. මෙන්න මේ reason එක නිසා මේ අවුරුද්දේ DDR4 and DDR5 RAM prices 400% ඉදන් 500%ක් දක්වා
Download (635).wav,ක් දක්වා වැඩි වෙලා තියෙනවා. ඒ කියන්නේ ඔයා ගෝල්ඩ් වල ඉන්වෙස්ට් කරන එකට වඩා මෙන්න මේ රැම් වල ඉන්වෙස්ට් කරලා තිබ්බොත් එහෙම ලොකු ප්‍රොෆිට් එකක් මේ වෙනකොට අරගන්න තිබ්බා. මෙන්න මේ රීසන් එක නිසා ලැප්ටොප් ඇන්ඩ් පීසීස් විතරක් නෙවෙයි මිලෙන්,ක් දක්වා වැඩි වෙලා තියෙනවා. ඒ කියන්නේ ඔයා gold වල invest කරන එකට වඩා මෙන්න මේ RAM වල invest කරලා තිබ්බොත් එහෙම ලොකු profit එකක් මේ වෙනකොට අරගන්න තිබ්බා. මෙන්න මේ reason එක නිසා laptop and PCs විතරක් නෙවෙයි මිලෙන්
Download (636).wav,"නෙවෙයි මිලෙන් වැඩි වෙන්නේ, මොබයිල් ෆෝන්ස්, ගේමින් කන්සෝල්, ටැබ්ලට්ස්, මේවා ඔක්කොම ගණන් වැඩි වෙනවා. සෝ ඔයාටත් ලැප්ටොප් එකක් එහෙම නැත්නම් මොබයිල් ෆෝන් එකක් ගන්න අයිඩියා එකක් තියෙනවා නම් දැන්ම අරන් තියාගන්න","නෙවෙයි මිලෙන් වැඩි වෙන්නේ, mobile phones, gaming console, tablets, මේවා ඔක්කොම ගණන් වැඩි වෙනවා. So ඔයාටත් laptop එකක් එහෙම නැත්නම් mobile phone එකක් ගන්න idea එකක් තියෙනවා නම් දැන්ම අරන් තියාගන්න"
Download (637).wav,තියාගන්න. ඊට අමතරව ඉරාන් ඇමරිකා වෝ එක නිසා ෆුවල් ප්‍රයිසස් වැඩිවෙලා තියෙනවා ඊට පස්සේ ශිප්මන්ට් ඩිලේසුත් අපිට බලාගන්න පුළුවන්. මේ නිසා මේකේ ප්‍රයිස් එක තවත් වැඩි වෙන්න චාන්ස් එකක් තියෙනවා. සෝ මේ වෙනකොට මේ,තියාගන්න. ඊට අමතරව Iran America war එක නිසා fuel prices වැඩිවෙලා තියෙනවා ඊට පස්සේ shipment delays ත් අපිට බලාගන්න පුළුවන්. මේ නිසා මේකේ price එක තවත් වැඩි වෙන්න chance එකක් තියෙනවා. So මේ වෙනකොට මේ
Download (638).wav,"මේ වෙනකොට මෙන්න මේ ප්‍රශ්නෙ නිසා පීඑස් 5 එකේ ප්‍රයිස් එකත් සෑහෙන වැඩිවෙලා තියෙනවා, සෝ ඔයාටත් මොබයිල් ෆෝන් එකක් එහෙම නැත්නම් ලැප්ටොප් එකක් ගන්න අයිඩියා එකක් තියෙනවා නම් දැන්ම අරගන්න. ඒ වගේම වෝ එක නතර වෙන පාටකුත් නෑ ඒ වගේම","මේ වෙනකොට මෙන්න මේ ප්‍රශ්නෙ නිසා PS5 එකේ price එකත් සෑහෙන වැඩිවෙලා තියෙනවා, So ඔයාටත් mobile phone එකක් එහෙම නැත්නම් laptop එකක් ගන්න idea එකක් තියෙනවා නම් දැන්ම අරගන්න. ඒ වගේම war එක නතර වෙන පාටකුත් නෑ ඒ වගේම"
Download (639).wav,ඒ වගේම මෙන්න මේ ඒඅයි බබල් එකත් අද හෙටම ඉවර වෙන දෙයක් නෙවෙයි සෝ මේ වීඩියෝ එක යූස්ෆුල් කියලා මං හිතනවා ලගදිම ලැප්ටොප් එකක් නැත්තං මොබයිල් ෆෝන් එකක් ගන්න බලාගෙන ඉන්න ඔයාලගේ යාලුවන්ට මේ වීඩියෝ එක ශෙයා කරන්න,ඒ වගේම මෙන්න මේ AI bubble එකත් අද හෙටම ඉවර වෙන දෙයක් නෙවෙයි So මේ video එක useful කියලා මං හිතනවා ලගදිම laptop එකක් නැත්තං mobile phone එකක් ගන්න බලාගෙන ඉන්න ඔයාලගේ යාලුවන්ට මේ video එක share කරන්න
Download (641).wav,"අපි අපේ කීබෝඩ් එක හැමදාම යූස් කරනවා චැට් කරන්න, හැබැයි ඔයාලා දැනන් හිටියද මෙන්න මේ සීක්‍රට් සෙටින්ග්ස් ටික. අමතක වෙන්නැතුව ඉන්න වීඩියෝ එක ලයික් ඇන්ඩ් සේව් කරලා තියාගන්න. මුලින්ම අපි වට්ස්ඇප් එකේ වැඩ","අපි අපේ keyboard එක හැමදාම use කරනවා chat කරන්න, හැබැයි ඔයාලා දැනන් හිටියද මෙන්න මේ secret settings ටික. අමතක වෙන්නැතුව ඉන්න video එක like and save කරලා තියාගන්න. මුලින්ම අපි WhatsApp එකේ වැඩ"
Download (642).wav,එකේ වැඩ කරන දේවල් ටික බලලා ඉමු. වචනෙක ස්ටාර්ට් ඇන්ඩ් එන්ඩ් එකේදී ඔයා ස්ටාර් මාර්ක් එක යූස් කරොත් ඒක මෙන්න මේ වගේ බෝල්ඩ් වෙනවා. වචනෙක ස්ටාර්ට් එකේ එන්ඩ් එකේ ඔයා අන්ඩර්ස්කෝ සිම්බල් එක,එකේ වැඩ කරන දේවල් ටික බලලා ඉමු. වචනෙක start and end එකේදී ඔයා star mark එක use කරොත් ඒක මෙන්න මේ වගේ bold වෙනවා. වචනෙක start එකේ end එකේ ඔයා underscore symbol එක
Download (643).wav,සිම්බල් එක යූස් කරොත් එහෙම ඒක මෙන්න මේ වගේ ඉටලික් ස්ටයිල් එකට මාරු වෙනවා. ඇන්ඩ් අන්තිම එක ඔයා වචනෙක ස්ටාර්ට් ඇන්ඩ් එන්ඩ් එකේදී මෙන්න මේ වගේ ටිල්ඩ් සිම්බල් එක දැම්මොත් ඒ වචනේ මෙන්න මේ වගේ ස්ට්‍රයික්,symbol එක use කරොත් එහෙම ඒක මෙන්න මේ වගේ italic style එකට මාරු වෙනවා. And අන්තිම එක ඔයා වචනෙක start and end එකේදී මෙන්න මේ වගේ tilde symbol එක දැම්මොත් ඒ වචනේ මෙන්න මේ වගේ strike
Download (644).wav,ස්ට්‍රයික් තෲ වර්ඩ් එකක් හැටියට කන්වර්ට් වෙනවා. මේවා ටික ට්‍රයි කරලා කියන්න වැඩ කරාද නැද්ද කියලා. දැන් අපි වට්ස්ඇප් විතරක් නැතුව යුනිවසලි ඕනෑම ඇප් එකේ වැඩ කරන දේවල් ටිකක් බලලා ඉමු. ඔයා දෙයක් ටයිප්,strike through word එකක් හැටියට convert වෙනවා. මේවා ටික try කරලා කියන්න වැඩ කරාද නැද්ද කියලා. දැන් අපි WhatsApp විතරක් නැතුව universally ඕනෑම app එකේ වැඩ කරන දේවල් ටිකක් බලලා ඉමු. ඔයා දෙයක් type
Download (645).wav,කරලා ස්පෙසිෆික් වචනයක් නැත්නම් ලෙටර් එකකට ඔයාට යන්න ඕනේ නම් ආයේ මැනුවලි එතන ටච් කර කර ඉන්න අවශ්‍යතාවයක් නෑ. ස්පේස් බාර් එක ටච් කරගෙන මෙන්න මේ වගේ මූව් කරන්න ඔයාගේ කීබෝඩ්,කරලා specific වචනයක් නැත්නම් letter එකකට ඔයාට යන්න ඕනේ නම් ආයේ manually එතන touch කර කර ඉන්න අවශ්‍යතාවයක් නෑ. space bar එක touch කරගෙන මෙන්න මේ වගේ move කරන්න ඔයාගේ keyboard
Download (646).wav,"කීබෝඩ් එක ට්‍රැක්පෑඩ් එකක් හැටියට මාරු වෙනවා, සෝ ඔයාට ලේසියෙන්ම එතනට මූව් වෙන්න පුළුවන්. සෝ හැමදාම චැට් කරන ඔයාලගේ යාලුවන්ව මෙන්න මේ වීඩියෝ එකේ මෙන්ෂන් කරලා අපිවත් ෆොලෝ කරන්න අමතක කරන්න එපා","keyboard එක trackpad එකක් හැටියට මාරු වෙනවා, so ඔයාට ලේසියෙන්ම එතනට move වෙන්න පුළුවන්. So හැමදාම chat කරන ඔයාලගේ යාලුවන්ව මෙන්න මේ video එකේ mention කරලා අපිවත් follow කරන්න අමතක කරන්න එපා"
Download (648).wav,"මෙතඩ් එකින් ඔයාගේ ක්‍රෝම් බ්‍රවුසර් එක ෆාස්ට් කරගන්න පුළුවන්. මුලින් සෙටින්ග්ස් වලට යන්න, ඊට පස්සේ පර්ෆෝමන්ස් ටැබ් එකට ගිහින් පල්ලෙහාට ස්ක්‍රෝල් කරන්න, එතන ස්පීඩ් සෙක්ෂන් එක යටතේ","method එකින් ඔයාගේ Chrome browser එක fast කරගන්න පුළුවන්. මුලින් settings වලට යන්න, ඊට පස්සේ performance tab එකට ගිහින් පල්ලෙහාට scroll කරන්න, එතන speed section එක යටතේ"
Download (649).wav,එක්ස්ටෙන්ඩ් ප්‍රීලෝඩින් කියන එක ඉනේබල් කරගන්න. මේ ඔප්ෂන් එකෙන් ඔයාගේ ක්‍රෝම් බ්‍රවුසර් එක ෆාස්ට් කරනවා. ඔයාගේ බ්‍රවුසර් යූසේජ් හිස්ට්‍රි එක දැනගෙන ඔයා ඒ පේජ් එකට යන්න කලින්ම ඒක,extend preloading කියන එක enable කරගන්න. මේ option එකෙන් ඔයාගේ Chrome browser එක fast කරනවා. ඔයාගේ browser usage history එක දැනගෙන ඔයා ඒ page එකට යන්න කලින්ම ඒක
Download (650).wav,"ඒක ප්‍රීලෝඩ් කරලා තියෙනවා. ඇන්ඩ් මේ ඔක්කොම ලෝඩ් වෙන්නේ ගූගල් සර්වර් එක හරහා. ඊළඟ සැරේ ඔයා මොකක්හරි පේජ් එකක් ඕපන් කරොත් එයා ඒක ගොඩක් ෆාස්ට් විදියට ලෝඩ් කරනවා, බිකොස් ඔක්කොම එලිමන්ට්ස්","ඒක preload කරලා තියෙනවා. And මේ ඔක්කොම load වෙන්නේ Google server එක හරහා. ඊළඟ සැරේ ඔයා මොකක්හරි page එකක් open කරොත් එයා ඒක ගොඩක් fast විදියට load කරනවා, because ඔක්කොම elements"
Download (651).wav,බැක්ග්‍රවුන්ඩ් එකේම ප්‍රීලෝඩ් වෙලා තියෙන නිසා. ඒ වගේම මේක මොබයිල් ෆෝන්ස් ඇන්ඩ් ඩෙස්ක්ටොප් වලටත් දෙකටම අවේලබල්. මොබයිල් ෆෝන් වල ප්‍රයිවසි ඇන්ඩ් සිකියුරිටි සෙටින්ග්ස් වල ඔයාලට මේක බලාගන්න පුළුවන්,background එකේම preload වෙලා තියෙන නිසා. ඒ වගේම මේක mobile phones and desktop වලටත් දෙකටම available. mobile phone වල privacy and security settings වල ඔයාලට මේක බලාගන්න පුළුවන්
Download (652).wav,සෝ මේ වීඩියෝ එක හැමෝටම ශෙයා කරලා එයාලගේ ක්‍රෝම් බ්‍රවුසින් එක්ස්පීරියන්ස් එකත් ෆාස්ට් කරමු,So මේ video එක හැමෝටම share කරලා එයාලගේ Chrome browsing experience එකත් fast කරමු
Download (654).wav,මේ තියෙන්නේ නෝමල් ප්‍රොජෙක්ට් එකක්,මේ තියෙන්නේ normal project එකක්
Download (655).wav,"මේකත් ඒ වගේම ප්‍රොජෙක්ට් එකක්. හැබැයි මේ ප්‍රොජෙක්ට් එක ඔයා යූෂුවල් විදියට දකින ප්‍රොජෙක්ටර් වගේ නෙවෙයි, මේකෙ ඔයාලට කැප්සියුල් ඩිසයින් එකක් බලාගන්න පුළුවන්","මේකත් ඒ වගේම project එකක්. හැබැයි මේ project එක ඔයා usual විදියට දකින projector වගේ නෙවෙයි, මේකෙ ඔයාලට capsule design එකක් බලාගන්න පුළුවන්"
Download (656).wav,පුළුවන්. මේ තියෙන්නේ ඇන්කර් බ්‍රෑන්ඩ් එකෙන් රිලීස් කරන නෙබියුලා කැප්සියුල් ටූ කියන ප්‍රොජෙක්ට් එක. මේ ප්‍රොජෙක්ට් එක ඔයාට යූෂුවල් විදියට නැතුව මේ වගේ කැප්සියුල් ඩිසයින්,පුළුවන්. මේ තියෙන්නේ Anker brand එකෙන් release කරන Nebula Capsule 2 කියන project එක. මේ project එක ඔයාට usual විදියට නැතුව මේ වගේ capsule design
Download (657).wav,එකක් බලාගන්න පුළුවන්. ඇන්ඩ් මේ ඩිසයින් එකේ තියෙන ලොකුම ඇඩ්වාන්ටේජ් එක තමා ඔයාට මේක ලේසියෙන් එහෙ මෙහෙ අරන් යන්න පුළුවන්. ඒ වගේම ඔයාට මේකට කනෙක්ට් කරගන්න අවශ්‍ය,එකක් බලාගන්න පුළුවන්. And මේ design එකේ තියෙන ලොකුම advantage එක තමා ඔයාට මේක ලේසියෙන් එහෙ මෙහෙ අරන් යන්න පුළුවන්. ඒ වගේම ඔයාට මේකට connect කරගන්න අවශ්‍ය
Download (658).wav,"කරන්න අවශ්‍ය කරන ඔක්කොම පෝට් බලාගන්න පුළුවන්, යූඑස්බී සී, යූඑස්බී ඒ, ඊට පස්සේ එච්ඩීඑම්අයි පෝට් ඔක්කොම බලාගන්න පුළුවන්. ඒ වගේම ඔයාට ක්‍රෝම්කාස්ට්","කරන්න අවශ්‍ය කරන ඔක්කොම ports බලාගන්න පුළුවන්, USB C, USB A, ඊට පස්සේ HDMI port ඔක්කොම බලාගන්න පුළුවන්. ඒ වගේම ඔයාට Chromecast"
Download (659).wav,"ක්‍රෝම්කාස්ට් ෆීචර් එක තියෙනවා, ඒ නිසා වයර් කනෙක්ට් කරගෙන ඉන්න ඕනේ නෑ, ඔයාට ජස්ට් ෆෝන් එකෙන්ම මේකට කාස්ට් කරන්න පුළුවන්. මේක ඔයාලට සිංගල් චාර්ජ් එකෙන් 2.5 අවර්ස් ප්ලේ ටයිම් එකක් ගන්න පුළුවන්","Chromecast feature එක තියෙනවා, ඒ නිසා wire connect කරගෙන ඉන්න ඕනේ නෑ, ඔයාට just phone එකෙන්ම මේකට cast කරන්න පුළුවන්. මේක ඔයාලට single charge එකෙන් 2.5 hours play time එකක් ගන්න පුළුවන්"
Download (660).wav,"පුළුවන්, හොලිවුඩ් බොලිවුඩ් මූවීස් කෙසේ වුනත් ඔයාට සිංගල් චාර්ජ් එකෙන් හොලිවුඩ් මූවි එකක්නම් බලන්න පුළුවන්. ඔයා හිතන්නේ මේකේ මැක්සිමම් ප්‍රොජෙක්ශන් සයිස් එක කීයක් කියලාද? හතළිහක්","පුළුවන්, Hollywood Bollywood movies කෙසේ වුනත් ඔයාට single charge එකෙන් Hollywood movie එකක්නම් බලන්න පුළුවන්. ඔයා හිතන්නේ මේකේ maximum projection size එක කීයක් කියලාද? හතළිහක්"
Download (661).wav,අසූවක්? ඔයාට ඉන්චස් සීයක් වෙනකන් ස්ක්‍රීන් එක ලොකු කරගන්න පුළුවන්. ඒ කියන්නේ මේ පිටිපස්සේ පේන ලක්ෂ පහක් වටින ටීවී එකට වඩා ඔයාට දෙගුණයක ස්පේස්,අසූවක්? ඔයාට inches 100ක් වෙනකන් screen එක ලොකු කරගන්න පුළුවන්. ඒ කියන්නේ මේ පිටිපස්සේ පේන ලක්ෂ පහක් වටින TV එකට වඩා ඔයාට දෙගුණයක space
Download (662).wav,ස්පේස් එකක් ගන්න පුළුවන්. නෝටිස් කරන්න ඕනේ දේ තමා මේකෙ ඔයාලට පැසිව් බා රේඩියේටර්ස් දෙකක් එක්ක එයිට් වොට් ස්පීකර් එකක් බලාගන්න පුළුවන්. මේක ඔයා ප්‍රොජෙක්ෂන් කරන්නේ න,space එකක් ගන්න පුළුවන්. notice කරන්න ඕනේ දේ තමා මේකෙ ඔයාලට passive bass radiators දෙකක් එක්ක 8 watt speaker එකක් බලාගන්න පුළුවන්. මේක ඔයා projection කරන්නේ න
Download (663).wav,නැති වෙලාවල් වලට ඔයාට මේක ස්ටෑන්ඩ් අලෝන් බ්ලූටූත් ස්පීකර් එකක් හැටියට යූස් කරන්න පුළුවන්. මේක දැන් ඔයාට ලැප්ටොප් ඩොට් එල් කේ එකෙන් පර්චස් කරගන්න පුළුවන්,නැති වෙලාවල් වලට ඔයාට මේක standalone Bluetooth speaker එකක් හැටියට use කරන්න පුළුවන්. මේක දැන් ඔයාට laptop.lk එකෙන් purchase කරගන්න පුළුවන්
Download (665).wav,"වයිට්බෝඩ්, කම්පියුටර්, ප්‍රොජෙක්ටර් මේ තුනේම කරන වැඩේ මෙන්න මේ සිංගල් බෝඩ් එකින් ඔයාට කරගන්න පුළුවන්. මේ තියෙන්නේ ඉන්ටරැක්ටිව් ඩිස්ප්ලේ එහෙම නැත්නම් ස්මාර්ට් බෝඩ්. ඔයාට 75 ඉන්ච්","Whiteboard, computer, projector මේ තුනේම කරන වැඩේ මෙන්න මේ single board එකින් ඔයාට කරගන්න පුළුවන්. මේ තියෙන්නේ interactive display එහෙම නැත්නම් smart board. ඔයාට 75 inch"
Download (666).wav,ඉන්ච් 178 ඩිග්‍රීස් වීවින් ඇන්ගල් එකක ඇන්ටි-ග්ලෙයා ඩිස්ප්ලේ එකක් බලාගන්න පුළුවන්. ඒ කියන්නේ ඔයා ඔන්ලයින් එකෙන් කැමරා එක තෲ ක්ලාස් කරත් කිසිම රිෆ්ලෙක්ෂන් එකක් ඔයාට බලාගන්න,inch 178 degrees viewing angle එකක anti-glare display එකක් බලාගන්න පුළුවන්. ඒ කියන්නේ ඔයා online එකෙන් camera එක through class කරත් කිසිම reflection එකක් ඔයාට බලාගන්න
Download (667).wav,"බෑ. මෙන්න මේකට රිමෝට් කන්ට්‍රෝලර් එකක්, මෙන්න මේ වගේ ඩිජිටල් මාකර්ස් දෙකක්, ඒ වගේම කනෙක්ටිවිටි කේබල්ස් ඔක්කොම බොක්ස් එකේම හම්බෙනවා. මෙන්න මේ පැනල් එකේ ඔයාට වෝල් මවුන්ට් එනවා, මේක කෙලින්ම වෝල්","බෑ. මෙන්න මේකට remote controller එකක්, මෙන්න මේ වගේ digital markers දෙකක්, ඒ වගේම connectivity cables ඔක්කොම box එකේම හම්බෙනවා. මෙන්න මේ panel එකේ ඔයාට wall mount එනවා, මේක කෙලින්ම wall"
Download (668).wav,"ලීම වෝල් එකට මවුන්ට් කරන්න පුළුවන්, එහෙම නැත්නම් මෙන්න මේ වගේ ස්ටෑන්ඩ් එකක තියන්නත් පුළුවන්. මේ ස්ටෑන්ඩ් එකේ ඔයාට වීල්සුත් බලාගන්න පුළුවන්, හැබැයි වැඩේ කියන්නේ මේක වෙනම පර්චස් කරන්න ඕනේ. 128 ජීබී ස්ටෝරේජ්, එයිට්","ලීම wall එකට mount කරන්න පුළුවන්, එහෙම නැත්නම් මෙන්න මේ වගේ stand එකක තියන්නත් පුළුවන්. මේ stand එකේ ඔයාට wheelsුත් බලාගන්න පුළුවන්, හැබැයි වැඩේ කියන්නේ මේක වෙනම purchase කරන්න ඕනේ. 128 GB storage, 8"
Download (669).wav,"ජීබී රැම්, රනින් ඔන් ඇන්ඩ්‍රොයිඩ් ෆෝටීන්, ඒ නිසා ඔයාට ප්ලේ ස්ටෝර් සපෝට් එක හම්බෙනවා, ඒ නිසා යූටියුබ්, මැප්ස්, සූම් වගේ ඇප්ලිකේෂන්ස් ඔයාට මේකෙන්ම යූස් කරන්න පුළුවන්. ඒ වගේම මේ ඩිස්ප්ලේ","GB RAM, running on Android 14, ඒ නිසා ඔයාට Play Store support එක හම්බෙනවා, ඒ නිසා YouTube, Maps, Zoom වගේ applications ඔයාට මේකෙන්ම use කරන්න පුළුවන්. ඒ වගේම මේ display"
Download (670).wav,"මේ ඩිස්ප්ලේ එකට බිල්ට් ඉන් වයිෆයි එනවා, ඒ නිසා ඔයාට මේක ඩිරෙක්ට්ලි ඉන්ටර්නෙට් එකට කනෙක්ට් කරන්න පුළුවන්. ඒ වගේම මොබයිල් ෆෝන් නැත්නම් ලැප්ටොප් ඩිස්ප්ලේ එකක් මේකට මිරර් කරන්නත් පුළුවන්. අවශ්‍ය වෙන ඔක්කොම පෝට්ස් පිටිපස්සේ දීලා තියෙන","මේ display එකට built in WiFi එනවා, ඒ නිසා ඔයාට මේක directly internet එකට connect කරන්න පුළුවන්. ඒ වගේම mobile phone නැත්නම් laptop display එකක් මේකට mirror කරන්නත් පුළුවන්. අවශ්‍ය වෙන ඔක්කොම ports පිටිපස්සේ දීලා තියෙන"
Download (671).wav,"වා, ඒ වගේම ක්වික් ඇක්සස් කරන්න ස්පෙෂල් පෝට්ස් ටිකක් මෙතනත් දීලා තියෙනවා. මේකෙ ඔයාට සොලිඩ් මෙටල් බිල්ඩ් එකක් වගේම බිල්ට් ඉන් ස්පීකර්සුත් හම්බෙනවා. මේකේ ස්මූත්නස් ඇන්ඩ් ටච් ඇකියුරසි එකත් ගොඩක්","වා, ඒ වගේම quick access කරන්න special ports ටිකක් මෙතනත් දීලා තියෙනවා. මේකෙ ඔයාට solid metal build එකක් වගේම built in speakersුත් හම්බෙනවා. මේකේ smoothness and touch accuracy එකත් ගොඩක්"
Download (672).wav,"හොඳයි. ඔයාට වයිට්බෝඩ් එකේ ලියන හා සමාන එක්ස්පීරියන්ස් එකක් මේකෙන් ගන්න පුළුවන්. ඒ වගේම යූටියුබ් වීඩියෝ එකක්, වෙබ් පේජ් එකක්, ඕන දෙයක් පෝස් කරලා ඒකට උඩින් ඩ්‍රෝ කරලා එක්ස්ප්ලේන්","හොඳයි. ඔයාට whiteboard එකේ ලියන හා සමාන experience එකක් මේකෙන් ගන්න පුළුවන්. ඒ වගේම YouTube video එකක්, web page එකක්, ඕන දෙයක් pause කරලා ඒකට උඩින් draw කරලා explain"
Download (673).wav,"කරලා එක්ස්ප්ලේන් කරන්න පුළුවන්. මේ ටූල් එකෙන් ඔයාගේ ප්‍රසන්ටේෂන් එක, ඔයාගේ ටීචින් ලෙවල් එක තවත් එන්හෑන්ස් කරලා දෙනවා. සෝ මේ වීඩියෝ එකට ඔයාගේ ටියුෂන් සර්ව ටැග් කරලා කියන්න දැන් අප්ඩේට් වෙන්න කාලෙ හරි කියලා","කරලා explain කරන්න පුළුවන්. මේ tool එකෙන් ඔයාගේ presentation එක, ඔයාගේ teaching level එක තවත් enhance කරලා දෙනවා. So මේ video එකට ඔයාගේ tuition sir ව tag කරලා කියන්න දැන් update වෙන්න කාලෙ හරි කියලා"
Download (675).wav,"මේ ඇප් එකට පුළුවන් ඇන්ඩ්‍රොයිඩ්, අයිෆෝන්, වින්ඩෝස්, මැක්බුක්, ඒ වගේම ලිනක්ස් ඩිවයිසස් අතර ෆයිල්ස් එවන්න පුළුවන්. මේ ඇප් එකේ නම තමා ලෝකල් සෙන්ඩ්. මේක ඔයාලට ඕනෑම ඩිවයිස් එකේ ඉන්ස්ටෝල් කරගන්න","මේ app එකට පුළුවන් Android, iPhone, Windows, MacBook, ඒ වගේම Linux devices අතර files එවන්න පුළුවන්. මේ app එකේ නම තමා LocalSend. මේක ඔයාලට ඕනෑම device එකේ install කරගන්න"
Download (676).wav,"ඉන්ස්ටෝල් කරගන්න පුළුවන්. මේකට ලොගින් වෙන්න ඕනේ නෑ, ජස්ට් ඉන්ස්ටෝල් කරා යූස් කරන්න තියෙන්නේ. ඔයාට ෆොටෝස්, ෆයිල්ස්, වීඩියෝස්, ඒ වගේම ටෙක්ස්ට් උනත් යවන්න පුළුවන්. මීට පස්සේ ෆයිල්ස් යවන එක ලොකු වදයක් නෙවෙයි. පීස්","install කරගන්න පුළුවන්. මේකට login වෙන්න ඕනේ නෑ, just install කරා use කරන්න තියෙන්නේ. ඔයාට photos, files, videos, ඒ වගේම text උනත් යවන්න පුළුවන්. මීට පස්සේ files යවන එක ලොකු වදයක් නෙවෙයි. Peace."
Download (677).wav,"මම ඔයාලට පෙන්නන්නම්, ජස්ට් ඔයාලට යවන්න ඕනෙ ෆයිල් එක මේ වගේ සිලෙක්ට් කරන්න තියෙන්නේ. ඊට පස්සේ ඩිවයිස් එක සිලෙක්ට් කරලා සෙන්ඩ් ඔප්ෂන් එක ක්ලික් කරන්න. ඊට පස්සේ රිසීව් වෙන ඩිවයිස් එකට ගිහින් ඇක්සෙප්ට් කරන්න","මම ඔයාලට පෙන්නන්නම්, just ඔයාලට යවන්න ඕනෙ file එක මේ වගේ select කරන්න තියෙන්නේ. ඊට පස්සේ device එක select කරලා send option එක click කරන්න. ඊට පස්සේ receive වෙන device එකට ගිහින් accept කරන්න"
Download (678).wav,ඇක්සෙප්ට් කරන්න තියෙන්නේ. දැන් ඔයාලට බලාගන්න පුළුවන් ඇන්ඩ්‍රොයිඩ් ෆෝන් එකේ ඉඳන් මැක්බුක් එකට ෆයිල් කොච්චර ඉක්මනට ට්‍රාන්ස්ෆර් වෙනවද කියලා. ඒ වගේම අපි ඇන්ඩ්‍රොයිඩ් ටු අයිෆෝනුත් ටෙස්ට් කරා. ඒ වගේම,accept කරන්න තියෙන්නේ. දැන් ඔයාලට බලාගන්න පුළුවන් Android phone එකේ ඉඳන් MacBook එකට file කොච්චර ඉක්මනට transfer වෙනවද කියලා. ඒ වගේම අපි Android to iPhone උත් test කරා. ඒ වගේම
Download (679).wav,ඒ වගේම මේක වින්ඩෝස් එකත් සුපිරියටම වැඩ කරනවා. කූල්ම පාට් එක තමා මේ ඇප් එක කම්ප්ලීට්ලි ලෝකල් නෙට්වර්ක් එකේ වැඩ කරන්නේ ඒ නිසා ඔයාගේ ෆයිල්ස් ඉන්ටර්නෙට් එකට අප්ලෝඩ් කරන්න,ඒ වගේම මේක Windows එකත් සුපිරියටම වැඩ කරනවා. Coolම part එක තමා මේ app එක completely local network එකේ වැඩ කරන්නේ ඒ නිසා ඔයාගේ files internet එකට upload කරන්න
Download (680).wav,"ඕනේ නෑ. ඒ වගේම මේ ඇප් එක 100% ෆ්‍රී, සෝ මේ වීඩියෝ එක ලයික් කරලා ඔයාලගේ ෆ්‍රෙන්ඩ්ස්ලටත් ශෙයා කරන්න, එතකොට තමා ඒගොල්ලෝ අතර ඔයාලටත් ෆයිල්ස් ශෙයා කරගන්න පුළුවන්. පීස්","ඕනේ නෑ. ඒ වගේම මේ app එක 100% free, so මේ video එක like කරලා ඔයාලගේ friendsලටත් share කරන්න, එතකොට තමා ඒගොල්ලෝ අතර ඔයාලටත් files share කරගන්න පුළුවන්. Peace"
Download (682).wav,ඔන්න ලෝකෙ ලොකුම ඒඅයි සිකියුරිටි ටෙක් කම්පැණීස් වලින් එකක් ලංකාවේ ලෝන්ච් වෙනවා,ඔන්න ලෝකෙ ලොකුම AI security tech companies වලින් එකක් ලංකාවේ launch වෙනවා
Download (683).wav,දහුවා ටෙක්නොලොජීස් එයාලගේ ඔෆිෂියල් කන්ට්‍රි ඔෆිස් එක වන් ගෝල්ෆේස් ටවර් එකේ ඕපන් කරලා තියෙන්නේ. ඇන්ඩ් මට ඒකට ඉන්විටේෂන් එකක් හම්බුනා. මෙතන ජස්ට් නෝමල් කැමරාස් නෙවෙයි,Dahua Technologies එයාලගේ official country office එක One Galle Face tower එකේ open කරලා තියෙන්නේ. And මට ඒකට invitation එකක් හම්බුනා. මෙතන just normal cameras නෙවෙයි
Download (684).wav,"රස් නෙවෙයි තිබ්බේ. ෆුල් ඒඅයි පවර්ඩ් සර්වයිලන්ස් සිස්ටම්ස්, ස්මාර්ට් ට්‍රැෆික් මැනේජ්මන්ට් සිස්ටම්ස්, ඒඅයි ත්‍රෙට් ඩිටෙක්ෂන්, ෆේෂල් රෙකග්නිෂන්, මෙන්න මේ වගේ තව සෑහෙන්න දේවල් එයාලා","රස් නෙවෙයි තිබ්බේ. Full AI powered surveillance systems, smart traffic management systems, AI threat detection, facial recognition, මෙන්න මේ වගේ තව සෑහෙන්න දේවල් එයාලා"
Download (685).wav,ල් එයාලගෙම ඒ අයිඕටී ප්ලැට්ෆෝම් එකේ රන් වෙනවා. පොඩ්ඩක් හිතලා බලන්න ලෝකේ මේජර් සිටීස් වල ට්‍රැෆික් මැනේජ් කරන ඒ වගේම යුරෝප් වල සෝලා පාක්ස් මැනේජ් කරන,ල් එයාලගෙම AIOT platform එකේ run වෙනවා. පොඩ්ඩක් හිතලා බලන්න ලෝකේ major cities වල traffic manage කරන ඒ වගේම Europe වල solar parks manage කරන
Download (686).wav,කරන ඒ වගේම සීරෝ හියුමන් ඔපරේෂන්ස් එක්ක වෙයාහවුස් ප්‍රොටෙක්ට් කරන ටෙක් කම්පැනි එකක් තමා දැන් ලංකාවේ ඔෆිෂියලි අවේලබල් වෙලා තියෙන්නේ. දහුවා ටෙක්නොලොජීස්ලගේ කැමරාස්,කරන ඒ වගේම zero human operations එක්ක warehouse protect කරන tech company එකක් තමා දැන් ලංකාවේ officially available වෙලා තියෙන්නේ. Dahua Technologiesලගේ cameras
Download (687).wav,"කැමරාස් ලෝකේ ගොඩක් ඩිමාන්ඩින් එන්වයිරමන්ට්ස් ලයික් ෆැක්ටරීස්, හයිවේස්, එක්ස්ට්‍රීම් අවුට්ඩෝර් වෙදර් කන්ඩිෂන්ස් වල යූස් කරන කැමරාස්. ඒ වගේම මෙයාලා ගාව ග්‍රීන් ප්‍රොඩක්ට් සර්ටිෆිකේෂන් එක","cameras ලෝකේ ගොඩක් demanding environments like factories, highways, extreme outdoor weather conditions වල use කරන cameras. ඒ වගේම මෙයාලා ගාව green product certification එක"
Download (688).wav,ෂන් 150කටත් වඩා තියෙනවා. හැබැයි දැන් ඩෙඩිකේටඩ් කන්ට්‍රි ඔෆිස් එකක් තියෙන නිසා ලංකාවේ තියෙන බිස්නසස් වලට ෆුල් ලෝකල් සපෝට් එකක් ගන්න පුළුවන්. ඒ වගේම දැන් එයාලගේ සර්විස් ඉතාම වේ,tion 150කටත් වඩා තියෙනවා. හැබැයි දැන් dedicated country office එකක් තියෙන නිසා ලංකාවේ තියෙන businesses වලට full local support එකක් ගන්න පුළුවන්. ඒ වගේම දැන් එයාලගේ service ඉතාම වේ
Download (689).wav,"ගයෙන් ඔයාලට ඇක්සස් කරගන්න පුළුවන්. ඒ වගේම එයාලගේ ෆුල් ප්‍රොඩක්ට් ලයින් අප් එකටම ඔයාලට ඇක්සස් එකක් හම්බවෙනවා. රයිට්, හියර් වී ගෝ, රෙඩි, ත්‍රී, ටූ, වන්","ගයෙන් ඔයාලට access කරගන්න පුළුවන්. ඒ වගේම එයාලගේ full product lineup එකටම ඔයාලට access එකක් හම්බවෙනවා. Right, here we go, ready, 3, 2, 1"
Download (690).wav,වන්. දහුවා. මේක ඇත්තටම ලෝකල් ටෙක් ඇන්ඩ් සිකියුරිටි ඉන්ඩස්ට්‍රි එකට ලොකු දෙයක්. තාමත් අවුට්ඩේටඩ් සීසීටීවී සිස්ටම්ස් යූස් කරගෙන ඉන්න ඔයාලගේ යාළුවන්ව මෙන්ෂන් කරගෙන යන්න,One. Dahua. මේක ඇත්තටම local tech and security industry එකට ලොකු දෙයක්. තාමත් outdated CCTV systems use කරගෙන ඉන්න ඔයාලගේ යාළුවන්ව mention කරගෙන යන්න
Download (691).wav,"වයිට්බෝඩ්, කම්පියුටර්, ප්‍රොජෙක්ටර් මේ තුනේම කරන වැඩේ මෙන්න මේ සිංගල් බෝඩ් එකින් ඔයාට කරගන්න පුළුවන්. මේ තියෙන්නේ ඉන්ටරැක්ටිව් ඩිස්ප්ලේ එහෙම නැත්නම් ස්මාර්ට් බෝඩ්. ඔයාට 75 ඉන්ච්... පීස්","Whiteboard, computer, projector මේ තුනේම කරන වැඩේ මෙන්න මේ single board එකින් ඔයාට කරගන්න පුළුවන්. මේ තියෙන්නේ interactive display එහෙම නැත්නම් smart board. ඔයාට 75 inch... Peace"
Download (692).wav,"ඔයා මූවි එකක් ඩවුන්ලෝඩ් කරලා බලනවා නම් ඒකෙ සිංහල, ඉංග්ලිෂ්, තැමිල් වගේ ඕඩියෝස් ගොඩක් බලාගන්න පුළුවන්","ඔයා movie එකක් download කරලා බලනවා නම් ඒකෙ සිංහල, English, Tamil වගේ audios ගොඩක් බලාගන්න පුළුවන්"
Download (693).wav,"හැබැයි අපි ෂූට් කරන වීඩියෝස් වල එකම එක ඕඩියෝ එකක් තමා තියෙන්නේ. ඒ ඇයි කියලා බැලුවොත් අපි යූස් කරන එම්පීෆෝ, එම්කේවී, එම්ඕවී මේ ඔක්කොම වීඩියෝ කන්ටේනර්ස්","හැබැයි අපි shoot කරන videos වල එකම එක audio එකක් තමා තියෙන්නේ. ඒ ඇයි කියලා බැලුවොත් අපි use කරන MP4, MKV, MOV මේ ඔක්කොම video containers"
Download (694).wav,"න්ටේනර්ස්. මේ වීඩියෝ කන්ටේනර්ස් ඇතුලේ වීඩියෝ එකක් තියෙනවා, මල්ටිපල් ඕඩියෝස් තියෙනවා, ඒ විතරක් නෙවෙයි සබ්ටයිටලුත් තියෙනවා, ඒ වගේම මෙටාඩේටත් තියෙනවා. ඔයාලා","containers. මේ video containers ඇතුලේ video එකක් තියෙනවා, multiple audios තියෙනවා, ඒ විතරක් නෙවෙයි subtitlesුත් තියෙනවා, ඒ වගේම metadataත් තියෙනවා. ඔයාලා"
Download (695).wav,"ඔයාලා වීඩියෝ එකක් අන්කෝඩ් කරනකොට ඒ වීඩියෝ කන්ටෙන්ට් එකේ ඇතුලේ මල්ටිපල් ඕඩියෝස් තිබ්බනම්, ඔයාලටත් මූවීස් වල එනවා වගේ ඔයාලගේ වීඩියෝස් වලට මල්ටිපල් ඕඩියෝස් දාගන්න පුළුවන්","ඔයාලා video එකක් encode කරනකොට ඒ video content එකේ ඇතුලේ multiple audios තිබ්බනම්, ඔයාලටත් movies වල එනවා වගේ ඔයාලගේ videos වලට multiple audios දාගන්න පුළුවන්"
Download (696).wav,"න්න පුළුවන්. ඇක්චුවලි මේ ෆීචර් එක යූස් කරලා යූටියුබ්, ටික්ටොක් වගේ ප්ලැට්ෆෝම්ස් වලටත් මල්ටිපල් ඕඩියෝස් එක්ක වීඩියෝස් දාන්න පුළුවන්. මේ ෆීචර් එක මෙයාලා ඉම්ප්ලිමන්ට් කරා නම්","න්න පුළුවන්. Actually මේ feature එක use කරලා YouTube, TikTok වගේ platforms වලටත් multiple audios එක්ක videos දාන්න පුළුවන්. මේ feature එක මෙයාල implement කරා නම්"
Download (697).wav,ඇත්තටම වටින ෆීචර් එකක් වෙන්න ඉඩ තියෙනවා. මේ වීඩියෝ එක ඉන්ෆොමේටිව් කියලා දැනෙනවා නම් ඔයාලට කරන්න තියෙන්නේ අපේ පේජ් එක ෆලෝ කරලා මේ වීඩියෝ එකට ලයික් කරන්න. හැව් අ නයිස් ඩේ. පීස්,ඇත්තටම වටින feature එකක් වෙන්න ඉඩ තියෙනවා. මේ video එක informative කියලා දැනෙනවා නම් ඔයාලට කරන්න තියෙන්නේ අපේ page එක follow කරලා මේ video එකට like කරන්න. Have a nice day. Peace
Download (698).wav,ඒ ඒඅයි ටූල් එකට පුළුවන් ඔයාගේ වීඩියෝ එකේ තියෙන ඕනෑම දෙයක් ඉරේස් කරන්න,ඒ AI tool එකට පුළුවන් ඔයාගේ video එකේ තියෙන ඕනෑම දෙයක් erase කරන්න
Download (699).wav,ඔයාලට කරන්න තියෙන්නේ ගූගල් එකට ගිහින් රන්වේ එම්එල් ඩොට් කොම් කියලා ටයිප් කරන්න. ඒකෙ පළවෙනි වෙබ්සයිට් එකට ගියොත් ඔයාට පුළුවන් මෙන්න මේ ඒඅයි ටූල් එක ඇක්සස් කරන්න. ඔයාට කරන්න තියෙන්නේ,ඔයාලට කරන්න තියෙන්නේ Google එකට ගිහින් runwayml.com කියලා type කරන්න. ඒකෙ පළවෙනි website එකට ගියොත් ඔයාට පුළුවන් මෙන්න මේ AI tool එක access කරන්න. ඔයාට කරන්න තියෙන්නේ
Download (700).wav,ඔයාට කරන්න තියෙන්නේ වීඩියෝ ඉන්පේන්ටින් කියන ටූල් එකට ගිහින් ඔයාගේ වීඩියෝ එක අප්ලෝඩ් කරන්න. ඊට පස්සේ වීඩියෝ එකේ රිමූව් කරන්න ඕනේ ඔබ්ජෙක්ට් එක වටේ මේ වගේ පේන්ට් කරන්න තියෙන්නේ. ඊට පස්සේ ටික වෙලා,ඔයාට කරන්න තියෙන්නේ video inpainting කියන tool එකට ගිහින් ඔයාගේ video එක upload කරන්න. ඊට පස්සේ video එකේ remove කරන්න ඕනේ object එක වටේ මේ වගේ paint කරන්න තියෙන්නේ. ඊට පස්සේ ටික වෙලා
Download (701).wav,"ටික වෙලාවකට පස්සේ ඒක නැත්තටම නැතිවෙලා යනවා. ඒ වගේ එකක් තිබ්බද කියලත් හොයාගන්න බෑ. සෝ, මේ ටූල් එක චෙක් කරලා බලන්න කලින් මේ වීඩියෝ එක ලයික් කරලා ඔයාලගේ ෆ්‍රෙන්ඩ්ස් ලටත් ෂෙයාර් කරන්න","ටික වෙලාවකට පස්සේ ඒක නැත්තටම නැතිවෙලා යනවා. ඒ වගේ එකක් තිබ්බද කියලත් හොයාගන්න බෑ. So, මේ tool එක check කරලා බලන්න කලින් මේ වීඩියෝ එක like කරලා ඔයාලගේ friends ලටත් share කරන්න"
Download (703).wav,මේ තියෙන්නේ බ්‍රවුන්ස් ඩීල්ස් වල බෙස්ට්-සෙලින්ග් සවුන්ඩ්බාර් එක,මේ තියෙන්නේ Browns Deals වල best-selling soundbar එක.
Download (704).wav,"මේකේ ප්‍රයිස් එක වෙන්නේ 19,990යි. මේක ඔයා මිලදී ගන්නවද? අපි බලමු. මේ තියෙන්නේ සැන්ෆර්ඩ් බ්‍රෑන්ඩ් එකෙන් මිනි සවුන්ඩ්බාර් එකක්. සෝ, මුලින්ම අපි මේකේ මේන් ෆීචර්ස් ගැන කතා කරලා ඉමු","මේකේ price එක වෙන්නේ 19,990යි. මේක ඔයා මිලදී ගන්නවද? අපි බලමු. මේ තියෙන්නේ Sanford brand එකෙන් mini soundbar එකක්. So, මුලින්ම අපි මේකේ main features ගැන කතා කරලා ඉමු."
Download (705).wav,"ඉමු. මේක ලොකු සවුන්ඩ්බාර් එකක් නෙවෙයි, මේක මෙන්න මේ වගේ කොම්පැක්ට් සවුන්ඩ්බාර් එකක්. ඇන්ඩ් මේකේ බිල්ඩ් එකත් හොඳට තියෙනවා. කන්ට්‍රෝල්ස් ටික ඔයාලට සයිඩ් එකෙන් බලාගන්න පුළුවන්. අවශ්‍ය පෝර්ට්ස් ඔක්කොම සවුන්ඩ්බාර් එකේ පිටිපස්සේ","ඉමු. මේක ලොකු soundbar එකක් නෙවෙයි, මේක මෙන්න මේ වගේ compact soundbar එකක්. And මේකේ build එකත් හොඳට තියෙනවා. Controls ටික ඔයාලට side එකෙන් බලාගන්න පුළුවන්. අවශ්‍ය ports ඔක්කොම soundbar එකේ පිටිපස්සේ,"
Download (706).wav,"පිටිපස්සේ ඔයාලට බලාගන්න පුළුවන්. ප්ලස්, ඉන්-බිල්ට් වෝල් මවුන්ට්ස් ත් එනවා. මේක පුළුවන් ඔයාලට ටී.වී. එකත් එක්ක යූස් කරන්න, එහෙම නැත්නම් බ්ලූටූත් ස්පීකර් එකක් හැටියටත් යූස් කරන්න පුළුවන්. දෙකටම පර්ෆෙක්ට්ලි වැඩ කරනවා. මේක","පිටිපස්සේ ඔයාලට බලාගන්න පුළුවන්. Plus, in-built wall mounts ත් එනවා. මේක පුළුවන් ඔයාලට TV එකත් එක්ක use කරන්න, එහෙම නැත්නම් Bluetooth speaker එකක් හැටියටත් use කරන්න පුළුවන්. දෙකටම perfectly වැඩ කරනවා. මේක"
Download (707).wav,කරනවා. මේක ඔයාලට වොට් 30 අවුට්පුට් එකක් හම්බවෙනවා. හැබැයි පුදුම වෙන්න ඕන දේ තමා මේකේ සවුන්ඩ් එක ඇත්තටම හොඳට සද්දෙට අපිට බලාගන්න පුළුවන්,කරනවා. මේක ඔයාලට 30W output එකක් හම්බවෙනවා. හැබැයි පුදුම වෙන්න ඕන දේ තමා මේකේ sound එක ඇත්තටම හොඳට සද්දෙට අපිට බලාගන්න පුළුවන්
Download (708).wav,"ඒ වගේම සවුන්ඩ් කොලිටි එකත් ක්ලියර්. මැක්ස් වොලියුම් එකෙත් අපිට කිසිම ඩිස්ටෝෂන් එකක් බලාගන්න බෑ. සෝ, ඕවර්ඕල් ප්‍රයිස් එකට හොඳ සවුන්ඩ් කොලිටි එකක් ලබාදෙනවා. ප්ලස්, ඔයාලට රිමෝට් කන්ට්‍රෝලර් එකකුත්","එ වගේම sound quality එකත් clear. Max volume එකෙත් අපිට කිසිම distortion එකක් බලාගන්න බෑ. So, overall price එකට හොඳ sound quality එකක් ලබාදෙනවා. Plus, ඔයාලට remote controller එකකුත්"
Download (709).wav,"එකකුත් හම්බවෙනවා. ටී.වී. එකත් එක්ක තියලා යූස් කරන්න මේ ෆීචර්ස් ටික හොඳටම ඇති. ඇත්තටම මෙන්න මේ සවුන්ඩ්බාර් එකෙන් මං මෙච්චර එක්ස්පෙක්ට් කරේ නෑ. ඇන්ඩ් මේ සවුන්ඩ්බාර් එක රුපියල් 19,990කට,","එකකුත් හම්බවෙනවා. TV එකත් එක්ක තියලා use කරන්න මේ features ටික හොඳටම ඇති. ඇත්තටම මෙන්න මේ soundbar එකෙන් මං මෙච්චර expect කරේ නෑ. And මේ soundbar එක රුපියල් 19,990කට"
Download (710).wav,කට බ්‍රවුන්ස් ඩීල්ස් ෂෝරූම් එකෙන් එහෙම නැත්නම් බ්‍රවුන්ස් ඔතරයිස්ඩ් ඩීලර්ස්ලගෙන් ඔයාට මිලදී ගන්න පුළුවන්. එහෙමත් නැත්නම් ඩබ්ලිව් ඩබ්ලිව් ඩබ්ලිව් ඩොට් බ්‍රවුන්ස් ඩීල්ස් ඩොට් කොම් කියන සයිට් එකෙන් ඕඩර් කරලා ඔයාලට,කට Browns Deals showroom එකෙන් එහෙම නැත්නම් Browns authorized dealers ලගෙන් ඔයාට මිලදී ගන්න පුළුවන්. එහෙමත් නැත්නම් www.brownsdeals.com කියන site එකෙන් order කරලා ඔයාලට
Download (711).wav,"ඔයාලට අයිලන්ඩ්-වයිඩ් සේෆ්ලි ඩිලිවර් කරගන්න පුළුවන්. ඊට අමතරව, බ්‍රවුන්ස් ඩීල්ස් එකේ ඔයාලට මෙන්න මේ සවුන්ඩ්බාර් මොඩල්ස් ටික තියෙනවා, ඔයාලට මෙන්න මේවා මෙන්න මේ ප්‍රයිස් එකට බ්‍රවුන්ස් ඩීල්ස් ෂෝරූම්ස් හරහා මිලදී ගන්න","ඔයාලට island-wide safely deliver කරගන්න පුළුවන්. ඊට අමතරව, Browns Deals එකේ ඔයාලට මෙන්න මේ soundbar models ටික තියෙනවා, ඔයාලට මෙන්න මේවා මෙන්න මේ price එකට Browns Deals showrooms හරහා මිලදී ගන්න"
Download (712).wav,"ගන්න පුළුවන්. ඔයාලගේ ගෙදර තියෙන ටී.වී. එකෙත් සවුන්ඩ් සෙට් නෑ වගේ නම්, මෙන්න මේ ඔප්ෂන්ස් ටික ඔයාලට වැදගත් වෙයි. තාමත් ඉන්-බිල්ට් ටී.වී. ස්පීකර් එකෙන් මැච් බලන ඔයාලගේ යාළුවන්ව මෙන්න මේ වීඩියෝ එකට මෙන්ෂන් කරන්න","ගන්න පුළුවන්. ඔයාලගේ ගෙදර තියෙන TV එකෙත් sound set නෑ වගේ නම්, මෙන්න මේ options ටික ඔයාලට වැදගත් වෙයි. තාමත් in-built TV speaker එකෙන් match බලන ඔයාලගේ යාළුවන්ව මෙන්න මේ වීඩියෝ එකට mention කරන්න"
Download (714).wav,"මේ තියෙන්නේ බ්ලයින්ඩ් පීපල්ලව ගයිඩ් කරන හෙල්මට් එකක්. ඒ වගේම මේක ප්‍රෙග්නන්ට් මදර්ස්ලාට ස්මාර්ට් බෙලි රැප් එකක්. හායි, මම දැන් ඉන්නේ මොරටුව යුනිවර්සිටි එකේ. මම දැන් ඔයාලව","මේ තියෙන්නේ blind people ලව guide කරන helmet එකක්. ඒ වගේම මේක pregnant mothers ලාට smart belly wrap එකක්. හායි, මම දැන් ඉන්නේ මොරටුව University එකේ. මම දැන් ඔයාලව"
Download (715).wav,"මම දැන් ඔයාලව එක්කන් යන්න යන්නේ, එස්.එල්.අයි.ඕ.ටී. චැලෙන්ජ් එකට. අපි යමු ඇතුලට. මේක තමා ලංකාවේ ලොකුම අයි.ඕ.ටී. කොම්පටිෂන් එක. මේක කන්ටිනියුස්ලි අටවෙනි අවුරුද්දට සිද්ධ වෙන්නේ, ඇතුලේ සෑහෙන ඉනොවේටිව් දේවල්","මම දැන් ඔයාලව එක්කන් යන්න යන්නේ, SLIOT Challenge එකට. අපි යමු ඇතුලට. මේක තමා ලංකාවේ ලොකුම IOT competition එක. මේක continuously අටවෙනි අවුරුද්දට සිද්ධ වෙන්නේ, ඇතුලේ සෑහෙන innovative දේවල්"
Download (716).wav,"ඉනොවේටිව් දේවල් බිල්ඩ් කරලා තියෙනවා, මං ඔයාලට ඒවා එකින් එක පෙන්නන්නම්. එන්නකෝ. මේ කොම්පටිෂන් එකේ කැටගරීස් තුනක් තියෙනවා. යුනිවර්සිටි ස්ටුඩන්ට්ස්, ස්කූල් කිඩ්ස්, ඒ වගේම ඕපන් කැටගරි එකක් තියෙනවා",".innovative දේවල් build කරලා තියෙනවා, මං ඔයාලට ඒවා එකින් එක පෙන්නන්නම්. එන්නකෝ. මේ competition එකේ categories තුනක් තියෙනවා. University students, school kids, ඒ වගේම open category එකක් තියෙනවා"
Download (717).wav,"තියෙනවා, හැමෝටම. සෝ, මෙයාලා අපේ රියල් ප්‍රොබ්ලම්ස් සෝල්ව් කරනවා. ඕෆ්ලයින්? ඕෆ්ලයින්. කන්ට්‍රෝල් වෙන්නේ වොයිස් කමාන්ඩ්ස් වලින්. මේක, මේක, මේක මැටර්නල් ප්‍රොජෙක්ට් එකක්.","තියෙනවා, හැමෝටම. So, මෙයාලා අපේ real problems solve කරනවා. Offline? Offline. Control වෙන්නේ voice commands වලින්.  මේක, මේක, මේක maternal project එකක්."
Download (718).wav,"ප්‍රොජෙක්ට් එකක්. සෝ අපි මොනිටර් කරනවා ෆීටල් ගේ ඇස්පෙක්ට්ස් යි, මැටර්නල් ඇස්පෙක්ට්ස් යි. මේක ඒ.අයි. ඇසිස්ටන්ට් එකක්. හැබැයි ඕපන් ඔබ්ජෙක්ට්. ඕපන් මේක තමා වැදගත්ම දේ මේ","project එකක්. සෝ අපි monitor කරනවා fetal ගේ aspects යි, manual aspects යි. මේක AI Assistant එකක්. හැබැයි open object  open මේක තමා වැදගත්ම දේ මේ"
Download (719).wav,"මේ ඉනොවේෂන් ඔක්කොම නිකන් ඇක්සිඩන්ටලි සිද්ධ වෙච්ච දෙයක් නෙවෙයි, මෙන්න මේක ඇතුලේ එස්.එල්.ටී.-මොබිටෙල් එකෙන් පවර්ඩ් වෙච්ච ඇක්චුවල් අයි.ඕ.ටී. ලැබ් එකක් බලාගන්න පුළුවන්","මේ innovation ඔක්කොම නිකන් accidentally සිද්ධ වෙච්ච දෙයක් නෙවෙයි, මෙන්න මේක ඇතුලේ SLT-MOBITEL එකෙන් powered වෙච්ච actual IOT lab එකක් බලාගන්න පුළුවන්"
Download (720).wav,"මේ ලැබ් එක ඇතුලට තමා ප්‍රෝටෝටයිප්ස් බිල්ඩ් වෙන්නේ, ටෙස්ට් කරන්නේ, කැඩෙන්නේ, ඊට පස්සේ ආයෙ ඒක රීබිල්ඩ් වෙන්නේ, ඔක්කොම මෙන්න මේ හරියේ තමා. එස්.එල්.ටී.-මොබිටෙල්, යුනිවර්සිටි ඔෆ් මොරටුව එකත් එක්ක එකතු","මේ lab එක ඇතුලට තමා prototypes build වෙන්නේ, test කරන්නේ, කැඩෙන්නේ, ඊට පස්සේ ආයෙ ඒක rebuild වෙන්නේ, ඔක්කොම මෙන්න මේ හරියේ තමා. SLT-MOBITEL, University of Moratuwa එකත් එක්ක එකතු"
Download (721).wav,"එකතු වෙලා කම්ප්ලීට්ලි මේ ලැබ් එක බිල්ඩ් කරලා තියෙනවා. මං මෙතනට ආවේ මෙතන සාමාන්‍ය යූෂුවල් කොම්පටිෂන් එකක් වෙන්න ඇති කියලා හිතාගෙන. බට්, මෙතන ඊට වැඩිය සෑහෙන දෙයක් වෙනවා. එස්.එල්.ටී.-මොබිටෙල්","එකතු වෙලා completely මේ lab එක build කරලා තියෙනවා. මං මෙතනට ආවේ මෙතන සාමාන්‍ය usual competition එකක් වෙන්න ඇති කියලා හිතාගෙන. But, මෙතන ඊට වැඩිය සෑහෙන දෙයක් වෙනවා. SLT-MOBITEL"
Download (722).wav,මොබිටෙල් මේක නැෂනල් රෙස්පොන්සිබිලිටි එකක් විදිහට අරගෙන මොරටුව යුනිවර්සිටි ඒ වගේම අයි.ඊ.ඇස්.එල්. එක එකතු වෙලා අනාගත ශ්‍රී ලාංකික ඉංජිනේරුවෝන්ව ග්ලෝබලි කොම්පීට්,.Mobitel මේක national responsibility එකක් විදිහට අරගෙන Moratuwa University ඒ වගේම IESL එක එකතු වෙලා අනාගත ශ්‍රී ලාංකික ඉංජිනේරුවෝන්ව globally compete
Download (723).wav,"කොම්පීට් කරන්න පුළුවන් විදිහට රෙඩි කරනවා. මේක ඇත්තටම අපේ රටට හොඳ දෙයක්. මෙන්න මේ වගේ වැදගත් වීඩියෝස් විතරක් ඔයාගේ ෆීඩ් එකට එන්න ඕන නම්, අපිව ෆලෝ කරලා තියාගන්න. පීස්","compete කරන්න පුළුවන් විදිහට ready කරනවා. මේක ඇත්තටම අපේ රටට හොඳ දෙයක්. මෙන්න මේ වගේ වැදගත් වීඩියෝස් විතරක් ඔයාගේ feed එකට එන්න ඕන නම්, අපිව follow කරලා තියාගන්න. peace"
Download (724).wav,"ඔයා ෆොරින් ක්ලයන්ට්ස්ලත් එක්ක වැඩ කරලා යූ.ඇස්.ඩී. වලින් චාර්ජ් කරන ෆ්‍රීලාන්සර් කෙනෙක්ද? ඔයාලා හැමෝටම තියෙන ප්‍රශ්නයක් තමා ට්‍රාන්ස්ෆර් වෙනකොට හිඩන් ෆීස් තියෙනවා, ඒ වගේම ට්‍රාන්සැක්ෂන් එක ගොඩක් ස්ලෝ","ඔයා foreign clients ලත් එක්ක වැඩ කරලා USD වලින් charge කරන freelancer කෙනෙක්ද? ඔයාලා හැමෝටම තියෙන ප්‍රශ්නයක් තමා transfer වෙනකොට hidden fees තියෙනවා, ඒ වගේම transaction එක ගොඩක් slow"
Download (725).wav,සතියක් දෙකක් යනවා. ඒ වගේම එක්ස්චේන්ජ් රේට්ස් ත් අන්ප්‍රෙඩික්ටබල්. ඒ වගේම ගොඩක් කට්ටිය මෙතන පේමන්ට්ස් ගන්න යූස් කරන මෙතඩ්ස් එහෙම තාම ලංකාවට ඔෆීෂියලි ඇවයිලබල් නෑ. එයාලා එක එක අනිත් මෙතඩ්ස් වලින්,සතියක් දෙකක් යනවා. ඒ වගේම exchange rates ත් unpredictable. ඒ වගේම ගොඩක් කට්ටිය මෙතන payments ගන්න use කරන methods එහෙම තාම ලංකාවට officially available නෑ. එයාලා එක එක අනිත් methods වලින්
Download (726).wav,මෙතඩ්ස් වලින් ඒ පේමන්ට් සිස්ටම්ස් හදාගෙන තමා යූස් කරන්නේ. හැබැයි මේ ඔක්කොටම දැන් සොලියුෂන් එකක් තියෙනවා. ඒක තමා මෙන්න මේ එලිවේට් පේ. මේක ඔයාට ප්ලේ ස්ටෝර් නැත්නම් ඇප් ස්ටෝර් එකෙන් ඩවුන්ලෝඩ් කරගන්න පුළුවන්. මේක මෙන්න මේ වගේ,"methods වලින් ඒ payment systems හදාගෙන තමා use කරන්නේ. හැබැයි මේ ඔක්කොටම දැන් solution එකක් තියෙනවා. ඒක තමා මෙන්න මේ Elevate Pay. මේක ඔයාට Play Store නැත්නම් App Store එකෙන් download කරගන්න පුළුවන්. මේක මෙන්න මේ වගේ,"
Download (727).wav,"ෆ්‍රීලාන්සර්ලට හදපු හොඳම බෑන්කින්ග් සොලියුෂන් එකක්. ඔයා මේකේ එකවුන්ට් එකක් හදලා, ඔයාලගේ ඩොකියුමන්ට්ස් දීලා වෙරිෆිකේෂන් ප්‍රොසෙස් ඔක්කොම ඉවර වුණාට පස්සේ ඔයාට එකවුන්ට් එකක් ක්‍රියේට් වෙනවා. ඔයාට රවුටින්ග් නම්බර්, එකවුන්ට් නම්බර්","freelancer ලට හදපු හොඳම banking solution එකක්. ඔයා මේකේ account එකක් හදලා, ඔයාලගේ documents දීලා verification process ඔක්කොම ඉවර වුණාට පස්සේ ඔයාට account එකක් create වෙනවා. ඔයාට routing number, account number"
Download (728).wav,"එකවුන්ට් නම්බර්  එක්ක රියල් යූ.ඇස්. බෑන්ක් එකවුන්ට් එකක් හම්බවෙනවා. සෝ, ෆයිවර්, අප්වර්ක් එහෙමත් නැත්නම් පර්සනලි කන්ටැක්ට් කරගෙන යූ.ඇස්.-බේස්ඩ් ක්ලයන්ට් කෙනෙක්ට වැඩක් කරොත් එහෙම, ඔයාට තියෙන්නේ මෙන්න මේ එකවුන්ට්,","account number එක්ක real US bank account එකක් හම්බවෙනවා. So, Fiverr, Upwork එහෙමත් නැත්නම් personally contact කරගෙන US-based client කෙනෙක්ට වැඩක් කරොත් එහෙම, ඔයාට තියෙන්නේ මෙන්න මේ account"
Download (729).wav,"මෙන්න මේ එකවුන්ට් ඩීටේල්ස් ටික එයාට ෂෙයාර් කරන්න. එතකොට ඒ ක්ලයන්ට් ට කිසි ප්‍රශ්නයක් නෑ. එයාට ලෝකලි ට්‍රාන්ස්ෆර් කරනවා වගේ එයාගේ සල්ලි ටික ට්‍රාන්ස්ෆර් කරන්න පුළුවන් එයාගේ එකවුන්ට් එකට. සෝ, වන්ස් එයා පේමන්ට් එක එහෙන් කම්ප්ලීට් කරපු ගමන්","මෙන්න මේ account details ටික එයාට share කරන්න. එතකොට ඒ client ට කිසි ප්‍රශ්නයක් නෑ. එයාට locally transfer කරනවා වගේ එයාගේ සල්ලි ටික transfer කරන්න පුළුවන් එයාගේ account එකට. So, once එයා payment එක එහෙන් complete කරපු ගමන්"
Download (730).wav,ගමන් ඔයාගේ ඇප් එකෙන් ඒ පේමන්ට් එක පෙන්නන්න ගන්නවා. හැබැයි මේක තමා කූල්ම පාර්ට් එක. අපි හිතමු ඔයාට ඩොලර් 5000ක පේමන්ට් එකක් ආවා කියලා. ඔයා ඒ යූ.ඇස්. ඩොලර්ස් ටික ඔයාගේ ලෝකල් බෑන්ක් එකවුන්ට් එකට එල්.,ගමන් ඔයාගේ app එකෙන් ඒ payment එක පෙන්නන්න ගන්නවා. හැබැයි මේක තමා cool ම part එක. අපි හිතමු ඔයාට ඩොලර් 5000ක payment එකක් ආවා කියලා. ඔයා ඒ US dollars ටික ඔයාගේ local bank account එකට එල්
Download (731).wav,"ඒකට එල්.කේ.ආර්. එකක් විදිහට ට්‍රාන්ස්ෆර් කරනකොට ඔයාට ෆ්ලැට් ඩොලර් 1.5ක් විතරයි යන්නේ. එතනින් එහාට කිසිම චාර්ජ් එකක් මේකෙන් වෙන්නේ නෑ. සෝ, මමත් පර්සනලි යූස් කරන අනිත් ප්ලැට්ෆෝම් වලට එහෙම","ඒකට LKR එකක් විදිහට transfer කරනකොට ඔයාට flat $1.5 විතරයි යන්නේ. එතනින් එහාට කිසිම charge එකක් මේකෙන් වෙන්නේ නෑ. So, මමත් personally use කරන අනිත් platform වලට එහෙම"
Download (732).wav,"එහෙම 5%, 10% අන්න ඒ වගේ චාර්ජ් කරන්නේ. මේක ඔයාට ෆ්ලැට් ඩොලර් 1.5ක් විතරයි යන්නේ. ඒ වගේම මේක ඉන්ස්ටන්ට්ලි ට්‍රාන්ස්ෆර් වෙනවා, දවස් ගණන් නැත්නම් සති ගණන් ඉන්න අවශ්‍ය නෑ,","එහෙම 5%, 10% අන්න ඒ වගේ charge කරන්නේ. මේක ඔයාට flat $1.5 විතරයි යන්නේ. ඒ වගේම මේක instantly transfer වෙනවා, දවස් ගණන් නැත්නම් සති ගණන් ඉන්න අවශ්‍ය නෑ"
Download (733).wav,"අවශ්‍ය නෑ, ඔයාට ඉන්ස්ටන්ට්ලි ට්‍රාන්ස්ෆර් කරගන්න පුළුවන්.. ඒ වගේම ඔයාට මෙහෙම දේකුත් කරන්න පුළුවන්. ඔයාට හම්බවෙන පේමන්ට් එක ඔයාට එල්.කේ.ආර්. වලටම කන්වර්ට් කරන්න ඕනේ කියලා නෑ. ඔයාට ඒක ෆොරින් කරන්සි එකවුන්ට් එකට ට්‍රාන්ස්ෆර් කරලා","අවශ්‍ය නෑ, ඔයාට instantly transfer කරගන්න පුළුවන් ඒ වගේම ඔයාට මෙහෙම දේකුත් කරන්න පුළුවන්. ඔයාට හම්බවෙන payment එක ඔයාට LKR වලටම convert කරන්න ඕනේ කියලා නෑ. ඔයාට ඒක foreign currency account එකට transfer කරලා,"
Download (734).wav,"ට්‍රාන්ස්ෆර් කරලා, තියාගෙන ඉන්නත් පුළුවන්. එතකොට 1% ෆී එකක් යනවා, ඒ වගේම මේක මැක්සිමම් 10 ඩොලර් විතරයි ගන්නේ. 10 ඩොලර් කට වැඩියෙන් මෙයාලා ගන්නේ නෑ. ඊට පස්සේ ඔයාට ඒ එමවුන්ට් එක ෆොරින් කරන්සි එකවුන්ට් එකේ","transfer කරලා, තියාගෙන ඉන්නත් පුළුවන්. එතකොට 1% fee එකක් යනවා, ඒ වගේම මේක maximum 10 dollers විතරයි ගන්නේ. 10 dollers වලට වැඩියෙන් මෙයාලා ගන්නේ නෑ. ඊට පස්සේ ඔයාට ඒ amount එක foreign currency account එකේ"
Download (735).wav,"හොල්ඩ් කරගෙන ඉඳලා, වන්ස් රේට් එහෙම අප් වුණ ගමන් ඔයාට ඒක ලේසියෙන්ම විත්ඩ්‍රෝ කරගන්න පුළුවන්. එහෙමත් නැත්නම් යූ.ඇස්.ඩී. වලින්ම ඔයාට පේමන්ට් කරන්න පුළුවන්. ඇන්ඩ් කන්වර්ට් කරනකොට ඒ දවස්වල තියෙන බෙස්ට්ම","hold කරගෙන ඉඳලා, once rate එහෙම up වුණ ගමන් ඔයාට ඒක ලේසියෙන්ම withdraw කරගන්න පුළුවන්. එහෙමත් නැත්නම් USD වලින්ම ඔයාට payment කරන්න පුළුවන්. And convert කරනකොට ඒ දවස්වල තියෙන best ම"
Download (736).wav,"බෙස්ට්ම රේට් එක තමා ඔයාලට හම්බවෙන්නේ. ඔයාට කරන්න තියෙන්නේ එලිවේට් පේ ඇප් එක ඩවුන්ලෝඩ් කරලා, එකවුන්ට් එකක් හදලා, අවශ්‍ය කරන ඩොකියුමන්ට්ස් ඔක්කොම සබ්මිට් කරන්න. වන්ස් ඒවා ඔක්කොම ක්ලියර් වුණ ගමන් ඔයාගේ නමට ග්ලෝබල්","best ම rate එක තමා ඔයාලට හම්බවෙන්නේ. ඔයාට කරන්න තියෙන්නේ Elevate Pay app එක download කරලා, account එකක් හදලා, අවශ්‍ය කරන documents ඔක්කොම submit කරන්න. Once ඒවා ඔක්කොම clear වුණ ගමන් ඔයාගේ නමට global."
Download (737).wav,"ග්ලෝබල් යූ.ඇස්.ඩී. බෑන්ක් එකවුන්ට් එකක් හදලා දෙනවා, එකවුන්ට් නම්බර්ස් ඇන්ඩ් රවුටින්ග් නම්බර්ස් එක්ක. ඒ වගේම මං කලින් කිව්වා වගේ ක්ලයන්ට්ස්ගෙන් පේමන්ට්ස් ගත්ත ගමන් කිසිම හිඩන් චාර්ජ් එකක් ගන්නේ නෑ. 1.5 ඩොලර්  විතරයි ගන්නේ ෆ්ලැට්","global USD bank account එකක් හදලා දෙනවා, account numbers and routing numbers එක්ක. ඒ වගේම මං කලින් කිව්වා වගේ clients ගෙන් payments ගත්ත ගමන් කිසිම hidden charge එකක් ගන්නේ නෑ. $1.5 විතරයි ගන්නේ flat"
Download (738).wav,"ෆ්ලැට් ෆී එකක් හැටියට. ඒ වගේම මෙන්න මේ ඇප් එකෙත් ඔයාට ක්ලීන් ඩෑෂ්බෝර්ඩ් එකක් බලාගන්න පුළුවන්, අවශ්‍ය දේ ඔක්කොම එතනින් ට්‍රැක් කරගන්න පුළුවන්. ඒ වගේම ඉස්සරහට වර්චුවල් කාඩ් එකකුත් එන්න තියෙනවා. මේක ඔයාට ඇපල්","flat fee එකක් හැටියට. ඒ වගේම මෙන්න මේ app එකෙත් ඔයාට clean dashboard එකක් බලාගන්න පුළුවන්, අවශ්‍ය දේ ඔක්කොම එතනින් track කරගන්න පුළුවන්. ඒ වගේම ඉස්සරහට virtual card එකකුත් එන්න තියෙනවා. මේක ඔයාට Apple"
Download (739).wav,"ඇපල් පේ නැත්නම් ගූගල් ප්ලේ එකට ඇඩ් කරගන්න පුළුවන්. එතකොට ඔයාට මෙන්න මේ යූ.ඇස්.ඩී. ටික ඩිරෙක්ට්ලි ට්‍රාන්ස්ෆර් කරගන්න පුළුවන්, ආයෙ විත්ඩ්‍රෝවල් කරගෙන ඉන්න අවශ්‍යතාවයක් නෑ. සෝ, මං හිතනවා මේක ඇත්තටම හොඳ ඇප් එකක්, ඔයාලා ෆොරින් ක්ලයන්ට්ස්ලත් ","Apple Pay නැත්නම් Google Play එකට add කරගන්න පුළුවන්. එතකොට ඔයාට මෙන්න මේ USD ටික directly transfer කරගන්න පුළුවන්, ආයෙ withdrawal කරගෙන ඉන්න අවශ්‍යතාවයක් නෑ. So, මං හිතනවා මේක ඇත්තටම හොඳ app එකක්, ඔයාලා foreign clients ලත්"
Download (740).wav,ත් එක්ක වැඩ කරනවා නම්. ඇන්ඩ් මං හිතනවා මේ වීඩියෝ එක ඔයාලට යූස්ෆුල් වෙන්න ඇති කියලා. මේ ඇප් එකේ එක්සැක්ට් ඩවුන්ලෝඩ් ලින්ක්ස් එහෙම මගේ පින් කමෙන්ට් එකේ මං දාලා තියන්නම්. එහෙමත් නැත්නම් ඔයාට එලිවේට් පේ කියලා සර්ච් කරලම ඩවුන්ලෝඩ් කරගන්න පුළුවන්.,ත් එක්ක වැඩ කරනවා නම්. And මං හිතනවා මේ video එක ඔයාලට useful වෙන්න ඇති කියලා. මේ app එකේ exact download links එහෙම මගේ pin comment එකේ මං දාලා තියන්නම්. එහෙමත් නැත්නම් ඔයාට Elevate Pay කියලා search කරලම download කරගන්න පුළුවන්.
Download (741).wav,"ඇන්ඩ් මේ වගේ තවත් යූස්ෆුල් වීඩියෝ එකකින් මං ඔයාලව ආයෙත් හමුවෙන්නම්. අන්ටිල් දෙන්, පීස්.","And මේ වගේ තවත් useful video එකකින් මං ඔයාලව ආයෙත් හම්බවෙන්නම්. Until then, පීස්"
Download (742).wav,"බෑන් වෙන්න ඕන වෙබ්සයිට් හතරක්, හැබැයි ඒවා ඔක්කොම ෆ්‍රී. පළවෙනි එක, ලයිට්පී.ඩී.එෆ්. මේකෙන් පී.ඩී.එෆ්. එකක් වර්ඩ් එකට, නැත්නම් පී.ඩී.එෆ්. එකක් එක්සෙල් එකට","Ban වෙන්න ඕන website හතරක්, හැබැයි ඒවා ඔක්කොම free. පළවෙනි එක, LightPDF. මේකෙන් PDF එකක් Word එකට, නැත්නම් PDF එකක් Excel එකට"
Download (743).wav,"එක්සෙල් එකට කන්වර්ට් කරගන්න පුළුවන්. ඒ.අයි. යූස් කරගෙන පී.ඩී.එෆ්. ෆයිල් එකක් ජෙනරේට් කරන්න විතරක් නෙවෙයි, ඔයාට ඕනෑම පී.ඩී.එෆ්. එකක් එඩිට් කරන්න පුළුවන්, මේක ඇත්තටම ලොකු,","Excel එකට convert කරගන්න පුළුවන්. AI use කරගෙන PDF file එකක් generate කරන්න විතරක් නෙවෙයි, ඔයාට ඕනෑම PDF එකක් edit කරන්න පුළුවන්, මේක ඇත්තටම ලොකු"
Download (744).wav,"ලොකු දෙයක්. ෆයිල් එක අප්ලෝඩ් කරන්න, එච්චරයි. එයා ඔටෝමැටිකලි ෆොන්ට්ස් ඔක්කොම මැච් කරලා දෙනවා එඩිට් කරන්න. ඇන්ඩ් ඊළඟ එක, කැන්වා කිලර්","ලොකු දෙයක්. File එක upload කරන්න, එච්චරයි. එයා automatically fonts ඔක්කොම match කරලා දෙනවා edit කරන්න. And ඊළඟ එක, Canva Killer"
Download (745).wav,"මෙන්න මේ වෙබ්සයිට් එකට යන්න. ඔයාගේ බ්‍රවුසර් එකෙන් ඔයාට ෆුල් ෆොටෝෂොප් ඇක්සස් කරගන්න පුළුවන්. ලේයර් එඩිටින්ග් හම්බවෙනවා විතරක් නෙවෙයි, මෙන්න මේ එක්ස්ටෙන්ෂන් එක ඉන්ස්ටෝල් කරපු ගමන් වෙබ්සයිට් එකේ තියෙන","මෙන්න මේ website එකට යන්න. ඔයාගේ browse එකෙන් ඔයාට full Photoshop access කරගන්න පුළුවන්. Layer editing හම්බවෙනවා විතරක් නෙවෙයි, මෙන්න මේ extension එක install කරපු ගමන් website එකේ තියෙන"
Download (746).wav,"තියෙන ඔක්කොම ෆොටෝස් වල මෙන්න මේ වගේ ෆොටෝෂොප් අයිකන් එකක් බලාගන්න පුළුවන්. ජස්ට් ඒක ක්ලික් කරන්න, ඒක එඩිටර් එකේ ඕපන් වෙනවා. හැබැයි මේකට ඔයාට සල්ලි ගෙවන්න ඕනේ. විහිළුවක් කරේ","තියෙන ඔක්කොම photos වල මෙන්න මේ වගේ Photoshop icon එකක් බලාගන්න පුළුවන්. Just ඒක click කරන්න, ඒක editor එකේ open වෙනවා. හැබැයි මේකට ඔයාට සල්ලි ගෙවන්න ඕනේ. විහිළුවක් කරේ"
Download (747).wav,"සල්ලි ගෙවන්න ඕනේ නෑ. මේක කම්ප්ලීට්ලි ෆ්‍රී. ඔයාට පේඩ් ඩෙස්ක්ටොප් වර්ෂන් එකේ එන ජෙනරේටිව් ෆිල් ෆීචර් එක එහෙමම හම්බවෙනවා. තුන්වෙනි එක, මට මේ ආටිකල් එක රීඩ් කරන්න ඕනේ, හැබැයි ඒකට","සල්ලි ගෙවන්න ඕනේ නෑ. මේක completely free. ඔයාට paid desktop version එකේ එන generative fill feature එක එහෙමම හම්බවෙනවා. තුන්වෙනි එක, මට මේ article එක read කරන්න ඕනේ, හැබැයි ඒකට"
Download (748).wav,ඒකට පේවෝල් එකක් එනවා. හැබැයි මං මේ ෆ්‍රී ක්‍රෝම් එක්ස්ටෙන්ෂන් එක ඉන්ස්ටෝල් කරොත් ඒ පේවෝල් එක කම්ප්ලීට්ලි රිමූව් වෙනවා. මේ ඊළඟ වෙබ්සයිට් එක නයින්ටීස් ඇන්ඩ් අර්ලි ටූකේ කිඩ්ස්ලට,ඒකට paywall එකක් එනවා. හැබැයි මං මේ free chrome extension එක install කරොත් ඒ paywall එක completely remove වෙනවා. මේ ඊළඟ website එක 90s and early 2K kids ලට
Download (749).wav,"ඔයා මේ වෙබ්සයිට් එකට ගියොත් ඔයාට රෙට්‍රෝ ගේම්ස් ප්ලේ කරන්න පුළුවන්, ලයික් ජී.ටී.ඒ. වයිස් සිටි, රෝඩ් රෑෂ්, ප්‍රින්ස් ඔෆ් පර්ෂියා, නීඩ් ෆෝ ස්පීඩ්, ඔක්කොම ඔයාගේ බ්‍රවුසර් එකේම ප්ලේ කරන්න,","ඔයා මේ website එකට ගියොත් ඔයාට retro games play කරන්න පුළුවන්, like GTA Vice City, Road Rash, Prince of Persia, Need for Speed, ඔක්කොම ඔයාගේ browser එකේම play කරන්න"
Download (750).wav,"ප්ලේ කරන්න පුළුවන්.මේ වෙබ්සයිට් වල නම් ටික ඔයාට ඩිස්ක්‍රිප්ෂන් එකේ නැත්නම් කමෙන්ට් සෙක්ෂන් එකේ බලාගන්න පුළුවන්, හැබැයි වැඩේ කියන්නේ මේවා ඔක්කොම ට්‍රයි කරලා බලන්න ඔයාට ලැප්ටොප් එකක් ඕනේ. ලැප්ටොප්.එල්කේ එකේ බැලුවොත් එහෙම, පොපියුලර් බ්‍රෑන්ඩ්ස් ලයික්","play කරන්න පුළුවන්. මේ website වල නම් ටික ඔයාට description එකේ නැත්නම් comment section එකේ බලාගන්න පුළුවන්, හැබැයි වැඩේ කියන්නේ මේවා ඔක්කොම try කරලා බලන්න ඔයාට laptop එකක් ඕනේ. Laptop.lk එකේ බැලුවොත් එහෙම, popular brands like"
Download (751).wav,"බ්‍රෑන්ඩ්ස් ලයික් ලෙනොවෝ, එච්.පී., ඇසූස්, ඇම්.ඇස්.අයි. වගේ ඒවා ජෙනුයින් ඔතරයිස්ඩ් වොරන්ටි එකත් එක්ක මිලදී ගන්න පුළුවන්. සෝ, ඔයාලගේ ලැප්ටොප් එක ඩබලිව් ඩබලිව් ඩබලිව් ඩොට් ලැප්ටොප් ඩොට් එල් කේ කියන සයිට් එකට ගිහින් ඕඩර් කරගන්න","brands like Lenovo, HP, Asus, MSI වගේ ඒවා genuine authorized warranty එකත් එක්ක මිලදී ගන්න පුළුවන්. So, ඔයාලගේ laptop එක www.laptop.lk කියන site එකට ගිහින් order කරගන්න"
Download (753).wav,මේක ලැප්ටොප් එකක් කියලානේ හිතුවේ? නෑ.,මේක laptop එකක් කියලානේ හිතුවේ? නෑ.
Download (754).wav,"මේක මොනිටර් එකක්. ඔව්, ඔයාලට හරියටම තමයි ඇහුණේ, මේ තියෙන්නේ ඒසර් පී.ඩී.163කිව් කියන පෝටබල් මොනිටර් එක. මේක ඔයාට 15.6","මේක monitor එකක්. ඔව්, ඔයාලට හරියටම තමයි ඇහුණේ, මේ තියෙන්නේ Acer PD163Q කියන portable monitor එක. මේක ඔයාට 15.6"
Download (755).wav,"-ඉන්ච් ෆුල් එච්.ඩී. අයි.පී.ඇස්. පැනල් එකක් නෙවෙයි, දෙකක්ම බලාගන්න පුළුවන්. දෙකේම හොඳ ෂාප් ඇන්ඩ් ක්‍රිස්ප් විදිහට බලාගන්න පුළුවන්, ඒ වගේම දෙකම 1080පී රෙසලූෂන් සපෝර්ට් කරනවා","inch Full HD IPS panel එකක් නෙවෙයි, දෙකක්ම බලාගන්න පුළුවන්. දෙකේම හොඳ sharp and crisp විදිහට බලාගන්න පුළුවන්, ඒ වගේම දෙකම 1080p resolution support කරනවා."
Download (756).wav," ඒ වගේම දෙකම කම්බයින් කරලා යූස් කරොත් එහෙම, ඔයාට මෙන්න මේ වගේ මැසිව් ඩිස්ප්ලේ එක්ස්පීරියන්ස් එකක් බලාගන්න පුළුවන්. මේකේ ඩිස්ප්ලේස් දෙකක් තියෙන නිසා ඔයාට මේක මෙන්න මේ වගේ තියලා යූස් කරන්න පුළුවන්. ඒත්","ඒ වගේම දෙකම combine කරලා use කරොත් එහෙම, ඔයාට මෙන්න මේ වගේ massive display experience එකක් බලාගන්න පුළුවන්. මේකේ displays දෙකක් තියෙන නිසා ඔයාට මේක මෙන්න මේ වගේ තියලා use කරන්න පුළුවන්. ඒත්"
Download (757).wav,"ඒත් එක්කම, පිටිපස්සේ ඔයාට මෙන්න මේ වගේ ස්ටෑන්ඩ් එකක් දීලා තියෙනවා ඕනෑම සර්ෆේස් එකක යූස් කරන්න.ඒ වගේම මේක 180° ෆ්ලැට් සර්ෆේස් එකක තියන්න පුළුවන්. ඒ වගේම ඔයාට පුළුවන් මෙන්න මේ වගේ","ඒත් එක්කම, පිටිපස්සේ ඔයාට මෙන්න මේ වගේ stand එකක් දීලා තියෙනවා ඕනෑම surface එකක use කරන්න.ඒ වගේම මේක 180° flat surface එකක තියන්න පුළුවන්. ඒ වගේම ඔයාට පුළුවන් මෙන්න මේ වගේ"
Download (758).wav,"මේ වගේ 315° අනිත් පැත්තට හරවලා, එක ඩිස්ප්ලේ එකක් ඔයාලගේ ඕඩියන්ස් එකට පෙන්නන්න, එහෙමත් නැත්නම් ඔයාගේ ක්ලයන්ට් ට පෙන්නන්න. ඒ වගේම, කැෆේ එකේ වගේදී ෆලෙක්ස් කරන්නත් මේක යූස්ෆුල්.ඒ වගේම","මේ වගේ 315° අනිත් පැත්තට හරවලා, එක display එකක් ඔයාලගේ audience එකට පෙන්නන්න, එහෙමත් නැත්නම් ඔයාගේ client ට පෙන්නන්න. ඒ වගේම, café එකේ වගේදී flex කරන්නත් මේක useful.ඒ වගේම"
Download (759).wav,"ඒ වගේම සිංගල් යූ.ඇස්.බී. කේබල් එකකින් මේකට පවර් එක දෙන gමන්ම ඔයාට ඩිස්ප්ලේ එක ෂෙයාර් කරන්න පුළුවන්. මේක ඔයාගේ මැක්බුක් එකට කනෙක්ට් කරන්න පුළුවන්, ඔයාගේ වින්ඩෝස් පී.සී. එකට කනෙක්ට් කරන්න පුළුවන්, ෆෝන් එකටත් කනෙක්ට් කරන්න පුළුවන්.ඒ වගේම","ඒ වගේම single USB cable එකකින් මේකට power එක දෙන ගමන්ම ඔයාට display එක share කරන්න පුළුවන්. මේක ඔයාගේ MacBook එකට connect කරන්න පුළුවන්, ඔයාගේ Windows PC එකට connect කරන්න පුළුවන්, phone එකටත් connect කරන්න පුළුවන්. ඒ වගේම "
Download (760).wav,"කනෙක්ටිවිටි එකට බැලුවොත් එහෙම, ටයිප්-සී ඒ වගේම එච්.ඩී.එම්.අයි. පෝර්ට්ස් හරහා ඔයාට මේක කනෙක්ට් කරගන්න පුළුවන්. කනෙක්ට් කරනකොටත් ඩ්‍රයිවර් ඉන්ස්ටලේෂන් වගේ ප්‍රොසෙස් නෑ, ජස්ට් ප්ලග් කරලා ඔයාට ප්ලේ කරන්නයි තියෙන්නේ. ඒ වගේම මේක ගොඩක්","connectivity එකට බැලුවොත් එහෙම, Type-C ඒ වගේම HDMI ports හරහා ඔයාට මේක connect කරගන්න පුළුවන්. Connect කරනකොටත් driver installation වගේ process නෑ, just plug කරලා ඔයාට play කරන්නයි තියෙන්නේ. ඒ වගේම මේක ගොඩක්"
Download (761).wav,"මෙය ගොඩක් කොම්පැක්ට් මොනිටර් එකක්. ඔයාට ලේසියෙන්ම ඔයාගේ බෑග් එකට දාලා අරන් යන්නත් පුළුවන්. ඔයා නිතරම ට්‍රැවල් කරන, එහෙමත් නැත්නම් කැෆේස් වලට ගිහින් වැඩ කරන ස්ටුඩන්ට් කෙනෙක් නම්, එහෙමත් නැත්නම් ක්‍රියේටර් කෙනෙක් නම්, ඔයාගේ","මෙය ගොඩක් compact monitor එකක්. ඔයාට ලේසියෙන්ම ඔයාගේ bag එකට දාලා අරන් යන්නත් පුළුවන්. ඔයා නිතරම travel කරන, එහෙමත් නැත්නම් cafes වලට ගිහින් වැඩ කරන student කෙනෙක් නම්, එහෙමත් නැත්නම් creator කෙනෙක් නම්, ඔයාගේ"
Download (762).wav,ප්‍රොඩක්ටිවිටි එකට ඇත්තටම මේක හොඳ ටූල් එකක්.ඒ වගේම මේ මොනිටර් එක ඒසර් සෝල් ඩිස්ට්‍රිබියුටර් කෙනෙක් වෙන මෙට්‍රොපොලිටන් එකෙන් ඔයාට 3 ඉයර්ස් ජෙනුයින් වොරන්ටි එකත් එක්ක මිලදී ගන්න,productivity එකට ඇත්තටම මේක හොඳ tool එකක්. එවගේම මේ monitor එක Acer sole distributor කෙනෙක් වෙන Metropolitan එකෙන් ඔයාට 3 years genuine warranty එකත් එක්ක මිලදී ගන්න
Download (763).wav,"ගන්න පුළුවන්. මේ මොනිටර් එකේම ඔයාට 18.5-ඉන්ච් වර්ෂන් එකත් බලාගන්න පුළුවන්. සෝ, මැක්බුක් එක අරගෙන හැමවෙලේම කැෆේ එකට ගිහින් වැඩ කරන ඔයාලගේ යාළුවන්ව මෙන්න මේ වීඩියෝ එකට මෙන්ෂන් කරන්න","ගන්න පුළුවන්. මේ monitor එකේම ඔයාට 18.5 inch version එකත් බලාගන්න පුළුවන්. So, MacBook එක අරගෙන හැමවෙලේම cafe එකට ගිහින් වැඩ කරන ඔයාලගේ යාළුවන්ව මෙන්න මේ video එකට mention කරන්න"
Download (765).wav,"ඔයා මේ ආමගෙඩන්ලගේ ඇෆෝඩබල් මිකැනිකල් කීබෝඩ් එක ගන්න එපා. බිකෝස්, වන්ස් ඔයා මේක යූස් කරන්න ගත්ත ගමන් ඔයාගේ ලැප්ටොප් කීබෝඩ් එක එපා වෙලා යනවා. මම මේකේ එන ප්‍රීමියම් ලුක් එක නැත්නම් මේකේ එන 22","ඔයා මේ Armaggeddon ලගේ affordable mechanical keyboard එක ගන්න එපා. Because, once ඔයා මේක use කරන්න ගත්ත ගමන් ඔයාගේ laptop keyboard එක එපා වෙලා යනවා. මම මේකේ එන premium look එක නැත්නම් මේකේ එන 22"
Download (766).wav,22 මෝර් ආර්.ජී.බී. ලයිට් එක ගැන නෙවෙයි කතා කරන්නේ. මේවා නිකන් නෝමල් ස්ටෆ්. මේ කීබෝඩ් එකේ එන කිලර් ෆීචර්ස් 5ක්: ගොඩක් කොම්පැක්ට් කීබෝඩ්ස් වල ඔයාට ඇරෝ කීස් බලාගන්න බෑ. හැබැයි,22 more RGB light එක ගැන නෙවෙයි කතා කරන්නේ. මේවා නිකන් normal stuff. මේ keyboard එකේ එන killer features 5ක්:ගොඩක් compact keyboards වල ඔයාට arrow keys බලාගන්න බෑ. හැබැයි
Download (767).wav,"හැබැයි ඔයාට මේකේ ඇරෝ කීස් හම්බවෙනවා.ඒ විතරක් නෙවෙයි, ඔයාට මේකේ යූස්ෆුල් ෂෝර්ට්කට්ස් ත් බලාගන්න පුළුවන්.මේ කීබෝඩ් එකේ ඔයාට කී කැප් රිමූව් කරන්න පුළුවන්.ඒ වගේම මේකේ ටෙක්ස්ට් ඔක්කොම එම්බෙඩඩ්","හැබැයි ඔයාට මේකේ arrow keys හම්බවෙනවා.ඒ විතරක් නෙවෙයි, ඔයාට මේකේ useful shortcuts ත් බලාගන්න පුළුවන්.මේ keyboard එකේ ඔයාට key cap remove කරන්න පුළුවන්.එවගේම මේකේ text ඔක්කොම embedded"
Download (768).wav,"එම්බෙඩඩ් වෙලා එන්නේ. ඒ නිසා ඔයාට කාලයක් යූස් කරන්න පුළුවන්, ඉරේස් වෙන්නේ නෑ ලේසියෙන්.මේක තමා ඉම්පෝටන්ට්ම දේ: මේකේ එන කීස් ඔක්කොම හොට්-ස්වැපබල්. ඒ කියන්නේ කී එක වැඩ කරන්නේ නැතුව ගියාම කම්ප්ලීට්ලි රිමූව්","embedded වෙලා එන්නේ. ඒ නිසා ඔයාට කාලයක් use කරන්න පුළුවන්, erase වෙන්නේ නෑ ලේසියෙන්.මේක තමා important  ම දේ: මේකේ එන keys ඔක්කොම hot-swappable. ඒ කියන්නේ key එක වැඩ කරන්නේ නැතුව ගියාම completely remove"
Download (769).wav,"රිමූව් කරලා ආයෙ ඔයාට මාරු කරගන්න පුළුවන්.සෝ, ඔයාගේ යූෂුවල් කීබෝඩ් එකට වඩා මේක කාලයක් පවතිනවා. ඔයාට පින්ක්, ප්‍රී-ලුබ්ඩ්, ලීනියර් මිකැනිකල් ස්විචස් එනවා විත් 50 මිලියන","remove කරලා ආයෙ ඔයාට මාරු කරගන්න පුළුවන්.So, ඔයාගේ usual keyboard එකට වඩා මේක කාලයක් පවතිනවා. ඔයාට pink, pre-lubed, linear mechanical switches එනවා with 50 million"
Download (770).wav,"කීස්ට්‍රෝක්ස් එක්ක. ඇන්ඩ් මේ කීස් ඔක්කොම ඇන්ටි-ගෝස්ටින්ග් ෆීචර් එකත් එක්ක එන්නේ. සෝ, මේක ටයිප් කරන එක විතරක් නෙවෙයි, නෝමල් කීබෝඩ් එකට කීස්ට්‍රෝක් 6ක් විතර රෙජිස්ටර් කරන්න පුළුවන් වෙනකොට, මෙයාට පුළුවන්","keystrokes එක්ක. And මේ keys ඔක්කොම anti-ghosting feature එකත් එක්ක එන්නේ. So, මේක type කරන එක විතරක් නෙවෙයි, normal keyboard එකට keystroke 6ක් විතර register කරන්න පුළුවන් වෙනකොට, මෙයාට පුළුවන්"
Download (771).wav,"පුළුවන්. කී ස්ට්‍රෝක්ස් ඔක්කොම එකම සැරේ රෙජිස්ටර් කරන්න. මේක ගේමින් වලට ලොකු ප්ලස් එකක්. ඔයාට මේ කීබෝඩ් එක වයර් එක හරහා කනෙක්ට් කරන්න පුළුවන්, ඩොන්ගල් එකෙන් වයර්ලෙස්ලි කනෙක්ට් කරන්න පුළුවන්","පුළුවන්. Key strokes ඔක්කොම එකම සැරේ register කරන්න. මේක gaming වලට ලොකු plus එකක්. ඔයාට මේ keyboard එක wire එක හරහා connect කරන්න පුළුවන්, dongle එකෙන් wirelessly connect කරන්න පුළුවන්"
Download (772).wav,"කරන්න පුළුවන්, ඇන්ඩ් බ්ලූටූත් හරහාත් කනෙක්ට් කරන්න පුළුවන්. කෙටියෙන්ම කිව්වොත් ඔයාට ඩිවයිසස් පහකට එකම සැරේ කනෙක්ට් වෙලා, සීම්ලෙස්ලි ඒවා අතර ස්විච් වෙන්න පුළුවන්. මේ තියෙන්නේ ආමගෙඩන්ලගේ","කරන්න පුළුවන්, and Bluetooth හරහාත් connect කරන්න පුළුවන්. කෙටියෙන්ම කිව්වොත් ඔයාට devices පහකට එකම සැරේ connect වෙලා, seamlessly ඒවා අතර switch වෙන්න පුළුවන්. මේ තියෙන්නේ Armaggeddon ලගේ"
Download (773).wav,"ආමගෙඩන්ලගේ ජේ.ඇම්.කේ. 100 ආර්.ජී.බී. ට්‍රයි-මෝඩ් මිකැනිකල් කීබෝඩ් එක. මේකේ ප්‍රයිස් එක වෙනවා 11,000යි! ඇන්ඩ් මේ කීබෝඩ් එක, ඊට අමතරව ඕනෑම ආමගෙඩන් කීබෝඩ් එකක් දැන් ඔයාට","Armaggeddon ලගේ JMK 100 RGB Tri-mode mechanical keyboard එක. මේකේ price එක වෙනවා 11,000! And මේ keyboard එක, ඊට අමතරව ඕනෑම Armaggeddon keyboard එකක් දැන් ඔයාට"
Download (774).wav,"ඔයාට ආමගෙඩන් ඔතරයිස්ඩ් රීසෙලර්ලාගෙන් ලංකාව පුරාම මිලදී ගන්න පුළුවන්, ජෙනුයින් වොරන්ටි එකක් එක්ක. සෝ, තාමත් ඉන්බිල්ට් එන කීබෝඩ් එක යූස් කරගෙන ඉන්න ඔයාලගේ යාළුවන්ව මෙන්න මේ වීඩියෝ එකට ටැග් කරන්න","ඔයාට Armaggeddon authorized reseller ලාගෙන් ලංකාව පුරාම මිලදී ගන්න පුළුවන්, genuine warranty එකක් එක්ක. So, තාමත් inbuilt එන keyboard එක use කරගෙන ඉන්න ඔයාලගේ යාළුවන්ව මෙන්න මේ video එකට tag කරන්න."
Download (776).wav,"මගේ ඕල්වේස් ඔන් ඩිස්ප්ලේ එක පොඩ්ඩක් බලන්න. මේක ඔයා දැකලා තියෙන ඕල්වේස් ඔන් ඩිස්ප්ලේස් වලට වඩා ගොඩක් වෙනස්. ඒ විතරක් නෙවෙයි, මියුසික් එකක් ප්ලේ වෙනකොට මට ටොප් ඇන්ඩ් බොටම් තියෙන විෂුවලයිසර්ස් වලින් බලාගන්න පුළුවන්","මගේ always on display එක පොඩ්ඩක් බලන්න. මේක ඔයා දැකලා තියෙන always on displays වලට වඩා ගොඩක් වෙනස්. ඒ විතරක් නෙවෙයි, music එකක් play වෙනකොට මට top and bottom තියෙන visualizers වලින් බලාගන්න පුළුවන්."
Download (777).wav,"ගන්න පුළුවන්.ඒ වගේම මට මේක මේ විදිහට තියාගන්න පුළුවන්, නැත්නම් මේ විදිහට, එහෙමත් නැත්නම් මෙන්න මේ විදිහට වුණත් තියාගන්න පුළුවන්. ගයිස්, දිස් ඉස් රිවීව් මාස්ටර්. ලංකාවේ ටෙක් ටිප්ස් වට","ගන්න පුළුවන්.ඒ වගේම මට මේක මේ විදිහට තියාගන්න පුළුවන්, නැත්නම් මේ විදිහට, එහෙමත් නැත්නම් මෙන්න මේ විදිහට වුණත් තියාගන්න පුළුවන්. Guys, this is Review Master. ලංකාවේ tech tips වට"
Download (778).wav,වටේ යන්නේ නැතුව කෙටියෙන්ම කියන එකම යූටියුබ් චැනල් එක. ලයික් ඇන්ඩ් සබ්ස්ක්‍රයිබ් කරලා තියාගන්න. මේක කරන්න පුළුවන් ඇප්ලිකේෂන් එකේ නම මූවිස් එජ්. මේක ඔයාට ප්ලේ ස්ටෝර් එකෙන් ඩවුන්ලෝඩ් කරගන්න පුළුවන්.,වටේ යන්නේ නැතුව කෙටියෙන්ම කියන එකම YouTube channel එක. Like and subscribe කරලා තියාගන්න. මේක කරන්න පුළුවන් application එකේ නම Muviz Edge. මේක ඔයාට Play Store එකෙන් download කරගන්න පුළුවන්.
Download (779).wav,"මේ ඇප් එකේ ඒ.ඕ.ඩී. සෙක්ෂන් එකට ගියොත් ඔයාගේ ඇන්ඩ්‍රොයිඩ් ෆෝන් එකේ තියාගන්න පුළුවන් විදිහට සෑහෙන ගොඩක් ඕල්වේස් ඔන් ඩිස්ප්ලේස් බලාගන්න පුළුවන්. කැමති එක සිලෙක්ට් කරලා, ඇප්ලයි බට්න් එක ක්ලික් කරන්න.","මේ app එකේ AOD section එකට ගියොත් ඔයාගේ Android phone එකේ තියාගන්න පුළුවන් විදිහට සෑහෙන ගොඩක් always on displays බලාගන්න පුළුවන්. කැමති එක select කරලා, apply button එක click කරන්න."
Download (780).wav,"මේකේ ගොඩක් ඒවා ෆ්‍රී, හැබැයි සමහර ඒවට පේ කරන්න ඕනේ. ඔයාට මේ ඒ.ඕ.ඩී.ස් කස්ටමයිස් කරලා, ඔයා කැමති කලර් එකේ තියාගන්න පුළුවන්. ඔයාට ඕඩියෝ විෂුවලයිසේෂන් ඉෆෙක්ට් එක ගන්න එජ් ලයිට්ස් සෙක්ෂන්","මේකේ ගොඩක් ඒවා free, හැබැයි සමහර ඒවට pay කරන්න ඕනේ. ඔයාට මේ AODs customize කරලා, ඔයා කැමති color එකේ තියාගන්න පුළුවන්. ඔයාට audio visualization effect එක ගන්න Edge Lights section."
Download (781).wav,"සෙක්ෂන් එකේ ෆ්ලැට් බාර්ස් කියන එක සිලෙක්ට් කරන්න. ඒ වගේම ඒක ෂෝ ඔන් ඒ.ඕ.ඩී. මියුසික් ඔන්ලි කියන එක තියාගන්න, එතකොට ඒක ඒ.ඕ.ඩී. ස්ක්‍රීන් එකේ විතරයි වැඩ කරන්නේ. මේක ඇත්තටම","section එකේ flat bars කියන එක සිලෙක්ට් කරන්න. ඒ වගේම ඒක show on AOD music only කියන එක තියාගන්න, එතකොට ඒක AOD screen එකේ විතරයි වැඩ කරන්නේ. මේක ඇත්තටම"
Download (782).wav,මේක ඇත්තටම සුපර් කූල් ඇප් එකක්. මේකෙන් ඔයාගේ ෆෝන් එකට වෙනසක් අරන් දෙනවා. ඒ වගේම ඔයාගේ යාළුවොත් අහයි මේක ඔයා කොහොමද කරේ කියලා. මේක ඔයාගේ යාළුවාගේ ෆෝන් එකෙත් ඕනේ නම් මේ වීඩියෝ එක එයාලට ෂෙයාර් කරන්න.,මේක ඇත්තටම super cool app එකක්. මේකෙන් ඔයාගේ phone එකට වෙනසක් අරන් දෙනවා. ඒ වගේම ඔයාගේ යාළුවොත් අහයි මේක ඔයා කොහොමද කරේ කියලා. මේක ඔයාගේ යාළුවාගේ phone එකෙත් ඕනෙ නම් මේ video එක එයාලට share කරන්න
Download (784).wav,මේ මං ගාව තියෙන ගේමින් ලැප්ටොප් එක මගේ බයික් එකටත් වැඩිය ගණන් වැඩියි. මේක පිටිපස්සේ එෆ්1 කාර් වල යූස් කරන ෆෝජ්ඩ් කාබන් ෆයිබර් එකක් බලාගන්න පුළුවන්. ඒ වගේම ලැප්ටොප් එක වටේට,මේ මං ගාව තියෙන  gaming laptop එක මගේ bike එකටත් වැඩිය ගණන් වැඩියි. මේක පිටිපස්සේ F1 car වල use කරන forged carbon fiber එකක් බලාගන්න පුළුවන්. ඒ වගේම laptop එක වටේට
Download (785).wav,"ඔයාට මැග්නීසියම් ඇලෝයි බලාගන්න පුළුවන්. නිකන් ඇලෝයි නෙවෙයි, මැග්නීසියම් ඇලෝයි. ඒ වගේම මේකේ ආර්.ජී.බී. කියන තැන බැලුවොත් ඉස්සරහා, ඒ වගේම සයිඩ් එකේ, ඒ වගේම හැම කී එකකටම ආර්.","ඔයාට magnesium alloy බලාගන්න පුළුවන්. නිකන් alloy නෙවෙයි, magnesium alloy. ඒ වගේම මේකේ RGB කියන තැන බැලුවොත් ඉස්සරහා, ඒ වගේම side එකේ, ඒ වගේම හැම key එකකටම R"
Download (786).wav,"ආර්.ජී.බී. බලාගන්න පුළුවන්. ඒ වගේම පිටිපස්සේ ආර්.ජී.බී. බලාගන්න පුළුවන්, ඒත් එක්කම ලෝගෝ එකෙත් ආර්.ජී.බී. ඒ වගේම මේකේ 3.2කේ මිනි එල්.ඊ.ඩී. ඩිස්ප්ලේ එකක් බලාගන්න","RGB බලාගන්න පුළුවන්. ඒ වගේම පිටිපස්සේ RGB බලාගන්න පුළුවන්, ඒත් එක්කම logo එකෙත් RGB. ඒ වගේම මේකේ 3.2K mini LED display එකක් බලාගන්න"
Download (787).wav,"බලාගන්න පුළුවන් විත් 165හර්ට්ස් රිෆ්‍රෙෂ් රේට්, ඇන්ඩ් පීක් බ්‍රයිට්නස් 1200 නිට්ස් වෙනකන් බලාගන්න පුළුවන්. ඔනස්ට්ලි කිව්වොත් මං ලැප්ටොප් එකකට දැකලා තියෙන මැක්සිමම් පීක්","බලාගන්න පුළුවන් with 165Hz refresh rate, and peak brightness 1200 nits වෙනකන් බලාගන්න පුළුවන්. Honestly කිව්වොත් මං laptop එකකට දැකලා තියෙන maximum peak"
Download (788).wav,"පීක් බ්‍රයිට්නස් එක මේක තමයි. ඒ නිසා ඔයා මේකේ ගේම්ස් ගහනකොට ගේමින් එක්ස්පීරියන්ස් එක නෙක්ස්ට් ලෙවල්. ඇන්ඩ් පර්ෆෝමන්ස් බැලුවොත් ඉන්ටෙල් කෝර් අල්ට්‍රා 5... සොරි, මං විහිළුවක් කරේ.",peak brightness එක මේක තමයි. ඒ නිසා ඔයා මේකේ games ගහනකොට gaming experience එක next level. And performance බැලුවොත් Intel Core Ultra 5... sorry මං විහිළුවක් කරේ
Download (789).wav,"කරේ. මේක ඔයාලට වොට් 170 ටී.ජී.පී. එකක ආර්.ටී.එක්ස්. 4090 ග්‍රැෆික්ස් කාඩ් එකක් බලාගන්න පුළුවන්, ඒකත් එක්කම 14 ජෙන් අයි9 සී.පී.යූ. එකක් බලාගන්න","කරේ. මේක ඔයාලට 170W TGP එකක RTX 4090 graphics card එකක් බලාගන්න පුළුවන්, ඒකත් එක්කම 14th Gen i9 CPU එකක් බලාගන්න"
Download (790).wav,පුළුවන්. ඒ කියන්නේ දැනට රිලීස් වෙලා තියෙන ඕනෑම ගේම් එකක් අල්ට්‍රා සෙටින්ග්ස් වලින් මේකට ප්ලේ කරන්න පුළුවන්. ඇන්ඩ් මේක තමයි පළවෙනි ලැප්ටොප් එක ජී.පී.යූ. එකට ඉන්ටග්‍රේටඩ්,පුළුවන්. ඒ කියන්නේ දැනට release වෙලා තියෙන ඕනෑම game එකක් ultra settings වලින් මේකට play කරන්න පුළුවන්. And මේක තමයි පළවෙනි laptop එක GPU එකට integrated
Download (791).wav,"ඉන්ටග්‍රේටඩ් කූලින්ග් සිස්ටම් එකක් එන්න. මේක ඔයාට ලැප්ටොප් එකේ එළියෙන් බලාගන්න බෑ, හැබැයි මේක වැඩ කරනවා ඔයා ලෝන්ග් සෙෂන් ගේමින් කරනකොට. ඒකට අමතරව, මේකට ලොකු හීට් පයිප්ස් වගේම ෆෑන් තුනක්","integrated cooling system එකක් එන්න. මේක ඔයාට laptop එකේ එළියෙන් බලාගන්න බෑ, හැබැයි මේක වැඩ කරනවා ඔයා long session gaming කරනකොට. ඒකට අමතරව, මේකට ලොකු heat pipes වගේම fan තුනක්"
Download (792).wav,"තුනක් බලාගන්න පුළුවන් හීට් මැනේජ්මන්ට් වලට. මේකේ ප්‍රයිස් එක වෙන්නේ 1,345,000යි. ඔයාලට 30% ඩවුන් පේමන්ට් ගෙවලා ඉතුරු ටික ෆයිනෑන්ස් කරගන්න පුළුවන්","තුනක් බලාගන්න පුළුවන් heat management වලට. මේකේ price එක වෙන්නේ 1,345,000. ඔයාලට 30% down payment ගෙවලා ඉතුරු ටික finance කරගන්න පුළුවන්."
Download (794).wav,"හායි, ඔයා වීඩියෝ එඩිටර් කෙනෙක්ද? එහෙමත් නැත්නම් ඔයා වීඩියෝග්‍රැෆර් කෙනෙක්ද? එහෙනම් ඔයාට හොඳ අවස්ථාවක් තියෙනවා. ඔන්න අපි රිවීව් මාස්ටර් ටීම් එක තව පොඩ්ඩක් එක්ස්පෑන්ඩ් කරන්න යනවා, තව ගොඩක් කන්ටෙන්ට් එහෙම ෂූට් කරන්න තියෙනවා. සෝ, ඔයාත් ප්‍රීමියර්","Hi, ඔයා video editor කෙනෙක්ද? එහෙමත් නැත්නම් ඔයා videographer කෙනෙක්ද? එහෙනම් ඔයාට හොඳ අවස්ථාවක් තියෙනවා. ඔන්න අපි Review Master team එක තව පොඩ්ඩක් expand කරන්න යනවා, තව ගොඩක් content එහෙම shoot කරන්න තියෙනවා. So, ඔයාත් Premiere"
Download (795).wav,"ප්‍රීමියර් ප්‍රෝ, කැප්කට් වගේ සොෆ්ට්වෙයාර්ස් යූස් කරගෙන එඩිට් කරන කෙනෙක් නම් ඔයාලගේ පෝර්ට්ෆෝලියෝ එක මෙන්න මේ ඊමේල් ඇඩ්‍රස් එකට එවන්න.ඊට අමතරව ඔයාට වීඩියෝග්‍රැෆිත් පුළුවන් නම් ඒකත් ඇඩඩ් ඇඩ්වාන්ටේජ් එකක්","Premiere Pro, CapCut වගේ softwares use කරගෙන edit කරන කෙනෙක් නම් ඔයාලගේ portfolio එක මෙන්න මේ email address එකට එවන්න. ඊට අමතරව ඔයාට videographyත් පුළුවන් නම් ඒකත් added advantage එකක්."
Download (796).wav,"බිකෝස් අපි ගාව කැමරා එකක් තියෙනවා, ඊට පස්සේ අපි බී-රෝල්ස් කවර් කරනවා, එක එක ටෙක් ප්‍රොඩක්ට්ස් අන්බොක්ස් කරනවා. ඊට අමතරව, ඉවෙන්ට්ස් වලට යනවා. සෝ, මේවා ඔක්කොම කවර් කරන්න පුළුවන් කෙනෙක් නම් තවත්","Because අපි ගාව camera එකක් තියෙනවා, ඊට පස්සේ අපි B-rolls cover කරනවා, එක එක tech products unbox කරනවා. ඊට අමතරව, events වලට යනවා. So, මේවා ඔක්කොම cover කරන්න පුළුවන් කෙනෙක් නම් තවත්"
Download (797).wav,"තවත් හොඳයි. ඇන්ඩ් මතක තියාගන්න ඕන දේ තමයි මේක පාර්ට්-ටයිම් ජොබ් එකක් නෙවෙයි, මේක ෆුල්-ටයිම් ජොබ් එකක්. ඔයාට අවශ්‍ය කරන ඉක්විප්මන්ට්ස්, පී.සී., සොෆ්ට්වෙයාර් ඒවා ඔක්කොම අපිම ලබා දෙනවා. සෝ, ඕ","තවත් හොඳයි. And මතක තියාගන්න ඕන දේ තමයි මේක part-time job එකක් නෙවෙයි, මේක full-time job එකක්. ඔයාට අවශ්‍ය කරන equipments, PC, software ඒවා ඔක්කොම අපිම ලබා දෙනවා. So, o"
Download (798).wav,"ඔයාට කරන්න තියෙන්නේ ඔයාලා කරපු වැඩවල යූටියුබ් ලින්ක්ස්, ඉන්ස්ටග්‍රෑම් ලින්ක්ස්, ඊට පස්සේ ඔයාගේ පෝර්ට්ෆෝලියෝ එක, ලින්ක්ඩ්ඉන් ප්‍රොෆයිල් එකක් තියෙනවා නම් ඒක, මේවා ඔක්කොම ඇටෑච් කරලා මෙන්න මේ ඊමේල් ඇඩ්‍රස් එකට එවන්න. ඊට පස්සේ","ඔයාට කරන්න තියෙන්නේ ඔයාලා කරපු වැඩවල YouTube links, Instagram links, ඊට පස්සේ ඔයාගේ portfolio එක, LinkedIn profile එකක් තියෙනවා නම් ඒක, මේවා ඔක්කොම attach කරලා මෙන්න මේ email address එකට එවන්න. ඊට පස්සේ"
Download (799).wav,"ඊට පස්සේ අපිම රිවීව් කරලා ඔයාට කෝල් බැක් එකක් ගන්නවා. සෝ, මෙන්න මේ වගේ වීඩියෝග්‍රැෆි, එඩිටින්ග් වලට පැෂනෙට් කවුරුහරි ඉන්නවා නම්, කොල්ලෙක් වුණත් කමක් නෑ, කෙල්ලෙක් වුණත් කමක් නෑ, අපිට ඔයාලගේ සී.වී. එක නැත්නම් පෝර්ට්ෆෝලියෝ එක එවන්න","ඊට පස්සේ අපිම review කරලා ඔයාට call back එකක් ගන්නවා. So, මෙන්න මේ වගේ videography, editing වලට passionate කවුරුහරි ඉන්නවා නම්, කොල්ලෙක් වුණත් කමක් නෑ, කෙල්ලෙක් වුණත් කමක් නෑ, අපිට ඔයාලගේ CV එක නැත්නම් portfolio එක එවන්න"
Download (800).wav,"එක එවන්න, සෝ, ඔයාලට චිල් එකේ වැඩ කරන්න ලස්සන වර්කින්ග් එන්වයිරන්මන්ට් එකකුත් තියෙනවා. ඇන්ඩ් මෙන්න මේ වගේ පැෂනෙට් යාළුවෙක් ඔයාගේ සෙට් එකෙත් ඉන්නවා නම්, මේ වීඩියෝ එක එයාලටත් ෂෙයාර් කරන්න. එහෙනම් අපි හම්බවෙමු. පීස්","එක එවන්න.So, ඔයාලට chill එකේ වැඩ කරන්න ලස්සන working environment එකකුත් තියෙනවා. And මෙන්න මේ වගේ passionate යාළුවෙක් ඔයාගේ set එකෙත් ඉන්නවා නම්, මේ video එක එයාලටත් share කරන්න. එහෙනම් අපි හම්බවෙමු. peace"
Download (801).wav,මට තාම හිතාගන්න බැරි දේ තමා ඇයි මිනිස්සු ඩොලර් 139ක් ගෙවන්න වින්ඩෝස් ගන්නෙ ඔයාලට ඩොලර් 14ට එක ගන්න පුළුවන් වෙනකොට. කීස්පෑන් ඩොට් කොම් කියලා තර්ඩ් පාටි ප්ලැට්ෆෝම්,මට තාම හිතාගන්න බැරි දේ තමා ඇයි මිනිස්සු dollar 139ක් ගෙවන්න Windows ගන්නෙ ඔයාලට dollar 14ට එක ගන්න පුළුවන් වෙනකොට. keysfan.com කියලා third party platform
Download (802).wav,ෆෝම් එකක් තියෙනවා. මෙයාලා 100% ජෙනුයින් මයික්‍රොසොෆ්ට් ඒ වගේම ඔෆීස් ලයිසන්ස් කීස් සෙල් කරනවා. ඇන්ඩ් මේ වෙලාවේ මැසිව් 52% ඩිස්කවුන්ට් එකක් යනවා. ඔයා මයික්‍රොසොෆ්ට්ලගේ ඔෆීෂියල් සයිට්,form එකක් තියෙනවා. මෙයාලා 100% genuine Microsoft ඒ වගේම Office license keys sell කරනවා. And මේ වෙලාවේ massive 52% discount එකක් යනවා. ඔයා Microsoftලගේ official site
Download (803).wav,"එකෙන් මේක ගත්තොත් එහෙම ඩොලර් 139ක් යනවා, ඒ කී එකම කිසිම කොම්ප්‍රමයිසේෂන් එකක් නැතුව ඩොලර් 14ට ඔයාට මේකෙන් මිලදී ගන්න පුළුවන්. මේක කොහොමද පර්චේස් කරගන්නේ","එකෙන් මේක ගත්තොත් එහෙම dollar 139ක් යනවා, ඒ key එකම කිසිම compromisation එකක් නැතුව dollar 14ට ඔයාට මේකෙන් මිලදී ගන්න පුළුවන්. මේක කොහොමද purchase කරගන්නේ"
Download (804).wav,කන් ගන්න කියලා මම දැන් ඔයාලට කියන්නම්. ඔයාලට කරන්න තියෙන්නේ බ්‍රවුසර් එකට ගිහින් කීස්පෑන් ඩොට් කොම් කියලා සර්ච් කරන්න. ඊට පස්සේ ඒකෙ එන සර්ච් බාර් එකේ වින් 11 කියලා සර්ච් කරලා එන්ටර් කරන්න. දැන් මෙතන පල්ලෙහා වින්ඩෝස්,කන් ගන්න කියලා මම දැන් ඔයාලට කියන්නම්. ඔයාලට කරන්න තියෙන්නේ browser එකට ගිහින් keysfan.com කියලා search කරන්න. ඊට පස්සේ ඒකෙ එන search bar එකේ win 11 කියලා search කරලා enter කරන්න. දැන් මෙතන පල්ලෙහා windows
Download (805).wav,"වින්ඩෝස් ප්‍රෝ කී කියලා තියෙනවා අන්න ඒක ක්ලික් කරලා ඇඩ් ටු කාට් කරගන්න. සෝ ඔයාලා රිවිව් මාස්ටර් චැනල් එක බලන නිසා ඔයාට පුළුවන් ආර්එම් 52 කියලා කෝඩ් එක එන්ටර් කරන්න, එන්ටර් කරලා","Windows Pro key කියලා තියෙනවා අන්න ඒක click කරලා add to cart කරගන්න. So ඔයාලා Review Master channel එක බලන නිසා ඔයාට පුළුවන් RM52 කියලා code එක enter කරන්න, enter කරලා"
Download (806).wav,එන්ටර් කරපු ගමන්ම මේකෙ ප්‍රයිස් එක 14 ඩොලර්ස් වලට ඩ්‍රොප් වෙනවා. දැන් ඔයාට පේමන්ට් සෙක්ෂන් එකෙන් පේපැල් එහෙම නැත්නම් ක්‍රෙඩිට් ඩෙබිට් කාඩ් එහෙම නැත්නම් ඕනෑම වර්චුවල් පේමන්ට් මෙතඩ් එකකින් පේමන්ට් එක කරන්න පුළුවන්. දැන්,enter කරපු ගමන්ම මේකෙ price එක 14 dollars වලට drop වෙනවා. දැන් ඔයාට payment section එකෙන් PayPal එහෙම නැත්නම් credit debit card එහෙම නැත්නම් ඕනෑම virtual payment method එකකින් payment එක කරන්න පුළුවන්. දැන්
Download (807).wav,"පුළුවන්. දැන් ඔයාලට එන ප්‍රශ්නෙ මං දන්නවා. මේක ලෙජිට් ද, මේක වින්ඩෝස් ඔෆීෂියලි ගත්තා වගේ හරියට වැඩ කරයිද, නැත්නම් කාලයක් යනකොට මේක බෑන් වෙයිද. එහෙම කිසිම දෙයක් වෙන්නේ නෑ, මේකට කියන්නේ මයික්‍රොසොෆ්ට් ඕඊඑම් කීස් කියලා","පුළුවන්. දැන් ඔයාලට එන ප්‍රශ්නෙ මං දන්නවා. මේක legit ද, මේක Windows officially ගත්තා වගේ හරියට වැඩ කරයිද, නැත්නම් කාලයක් යනකොට මේක ban වෙයිද. එහෙම කිසිම දෙයක් වෙන්නේ නෑ, මේකට කියන්නේ Microsoft OEM keys කියලා"
Download (808).wav,කියලා. මේකත් එක්සැක්ට්ලි මයික්‍රොසොෆ්ට් සයිට් එකෙන්ම ගත්තා වගේ කිසිම ප්‍රශ්නයක් නැතුව වැඩ කරනවා. ඒ වගේම කීස්පෑන් එකෙන් ඔයාට 24/7 කස්ටමර් සපෝට් එකක් හම්බවෙනවා. ඒ වගේම මේ සයිට් එකේ තියෙන ඔක්කොම,කියලා. මේකත් exactly Microsoft site එකෙන්ම ගත්තා වගේ කිසිම ප්‍රශ්නයක් නැතුව වැඩ කරනවා. ඒ වගේම Keysfan එකෙන් ඔයාට 24/7 customer support එකක් හම්බවෙනවා. ඒ වගේම මේ site එකේ තියෙන ඔක්කොම
Download (809).wav,ඔක්කොම කීස් ටික ජෙනුයින් ඇන්ඩ් වෙරිෆයිඩ්. සෝ ඔයාගේ පීසී එකේ නැත්නම් ලැප්ටොප් එකේ සයිඩ් එකේ ඇක්ටිවේට් වින්ඩෝස් කියලා තියෙනවා නම් ඔයාත් මෙන්න මේ වගේ කී එකක් අරන් දාගන්න. ඒකෙ අප්ඩේට්ස් හම්බවෙනවා ඒ වගේම ඔයාගේ ප්‍රොටෙක්ෂන් එකටත් හොඳයි.,ඔක්කොම keys ටික genuine and verified. So ඔයාගේ PC එකේ නැත්නම් laptop එකේ side එකේ activate Windows කියලා තියෙනවා නම් ඔයාත් මෙන්න මේ වගේ key එකක් අරන් දාගන්න. ඒකෙ updates හම්බවෙනවා ඒ වගේම ඔයාගේ protection එකටත් හොඳයි.
Download (810).wav,"හොඳයි. සෝ ඔයාලගේ සෙට් එකෙත් තාම අන්ඇක්ටිවේටඩ් වින්ඩෝස් යූසර් කෙනෙක් ඉන්නවනම් එයාලව පල්ලෙහා ටැග් කරන්න, ඒ වගේම ආර්එම් 52 කියන කෝඩ් එකත් යූස් කරන්න අමතක කරන්න එපා. පීස්.","හොඳයි. So ඔයාලගේ සෙට් එකෙත් තාම unactivated Windows user කෙනෙක් ඉන්නවනම් එයාලව පල්ලෙහා tag කරන්න, ඒ වගේම RM52 කියන code එකත් use කරන්න අමතක කරන්න එපා. Peace."
Download (811).wav,ඔන්න බේසිකලි මම ඇපල් ෆෑන් කෙනෙක් නෙවෙයි.,ඔන්න basically මම Apple fan කෙනෙක් නෙවෙයි.
Download (812).wav,හැබැයි මමත් මෙන්න මේ ඩබ්ලිව්ඩබ්ලිව්ඩීසී ඉවෙන්ට් එකට මාර එක්සයිට්මන්ට් එකේ හිටියේ. සෝ මමත් ඕගොල්ලො වගේම වැඩ ෂෙඩියුල්ස් ඔක්කොම නතර කරලා මෙන්න මේ ඉවෙන්ට් එක ලයිව්ම,හැබැයි මමත් මෙන්න මේ WWDC event එකට මාර excitement එකේ හිටියේ. So මමත් ඕගොල්ලො වගේම වැඩ schedules ඔක්කොම නතර කරලා මෙන්න මේ event එක liveම
Download (813).wav,"ලයිව්ම බැලුවා. සෝ බේසිකලි මේ ඉවෙන්ට් එකේ එයාලා ගොඩක්ම කතා කරේ සිරි ඒඅයි ගැන, මේඩ් බයි ගූගල්.","liveම බැලුවා. So basically මේ event එකේ එයාලා ගොඩක්ම කතා කරේ Siri AI ගැන, made by Google."
Download (814).wav,වේට් අ මිනිට්,Wait a minute
Download (815).wav,හූ ආර් යූ? සෝ ජෝක්ස් අපාට් අපි පොඩ්ඩක් සීරියස්ලි කතා කරමු. මෙන්න මේ ඩබ්ලිව්ඩබ්ලිව්ඩීසී ඉවෙන්ට් එකේ එයාලා අයිඕඑස් 27 කියන සොෆ්ට්වෙයාර් වර්ෂන් එක අනවුන්ස් කරා ෆස්ට්.,Who are you? So jokes apart අපි පොඩ්ඩක් seriously කතා කරමු. මෙන්න මේ WWDC event එකේ එයාලා iOS 27 කියන software version එක announce කරා First.
Download (816).wav,"ෆස්ට් ටයිම් එකට. මේ ඉවෙන්ට් එකේ ඇපල්ලා එයාලගේ අලුත් සොෆ්ට්වෙයාර් වර්ෂන් එක ලෝකෙට අනවුන්ස් කරා. අයිඕඑස් 27, මැක්ඕඑස් 27, අයිපෑඩ් ඕඑස් 27, ඇපල් වොච් ඕඑස්","first time එකට. මේ event එකේ Appleලා එයාලගේ අලුත් software version එක ලෝකෙට announce කරා. iOS 27, macOS 27, iPadOS 27, Apple watchOS"
Download (817).wav,"ඕඑස්, ටීවී ඕඑස් කිය කියා තව එක එක සොෆ්ට්වෙයාර්ස් එයාලා රිලීස් කරා. දැන් ඩබ්ලිව්ඩබ්ලිව්ඩීසී ඉවෙන්ට් එකත් හරියටම ගූගල් ඉවෙන්ට් එකක් වගේ හැමතැනම අපිට බලාගන්න පුළුවන් වුණේ ඒඅයි, ඒඅයි","OS, tvOS කිය කියා තව එක එක softwares එයාලා release කරා. දැන් WWDC event එකත් හරියටම Google event එකක් වගේ හැමතැනම අපිට බලාගන්න පුළුවන් වුණේ AI, AI."
Download (818).wav,ඒඅයි... සෝ මේ ඉවෙන්ට් එකේ ඇපල්ලා ට්‍රයි කරේ එයාලා ඒඅයි වෝ එකේ අනිත් කම්පනීස් එක්ක බලනකොට ගොඩක්,AI... So මේ event එකේ Appleලා try කරේ එයාලා AI war එකේ අනිත් companies එක්ක බලනකොට ගොඩක්
Download (819).wav,"ගොඩක් පිටිපස්සෙන් හිටියේ, සෝ මේ ඉවෙන්ට් එකේ එයාලා ඒක කැච් අප් කරන්න ට්‍රයි කරා. මේ ඉවෙන්ට් එක පැය එකහමාරක් වගේ දිගයි, ගොඩක් දේවල් එයාලා කතා කරා","ගොඩක් පිටිපස්සෙන් හිටියේ, So මේ event එකේ එයාලා ඒක catch up කරන්න try කරා. මේ event එක පැය එකහමාරක් වගේ දිගයි, ගොඩක් දේවල් එයාලා කතා කරා"
Download (820).wav,"හැබැයි ඔයාලා දැනගන්න ඕනේ වෙරි ඉම්පෝර්ටන්ට් දේවල් හතක් විතරක් අරගෙන මේ වීඩියෝ එක කරන්න යන්නේ. සෝ මේ එක වීඩියෝ එකක් බලපුවහම ඇති, මේ සම්පූර්ණ ඉවෙන්ට් එකෙන්ම ඔයාට ෆුල් සමරි එකක් ගන්න පුළුවන්.","හැබැයි ඔයාලා දැනගන්න ඕනේ very important දේවල් හතක් විතරක් අරගෙන මේ video එක කරන්න යන්නේ. So මේ එක video එකක් බලපුවහම ඇති, මේ සම්පූර්ණ event එකෙන්ම ඔයාට full summary එකක් ගන්න පුළුවන්."
Download (821).wav,ගන්න පුළුවන්. සෝ මුලින්ම අපි එයාලා කරපු ලොකු අප්ඩේට් ඉඳන් පොඩි පොඩි ටයිනි ඩීටේල්ස් වෙනකන් බලලා ඉමු. සෝ මුලින්ම බග් ෆික්සස්. මම මේකට බග් ෆික්සස් කියලා කියන්නේ ඇයි කියලා බැලුවොත් එහෙම,ගන්න පුළුවන්. So මුලින්ම අපි එයාලා කරපු ලොකු update ඉඳන් පොඩි පොඩි tiny details වෙනකන් බලලා ඉමු. So මුලින්ම bug fixes. මම මේකට bug fixes කියලා කියන්නේ ඇයි කියලා බැලුවොත් එහෙම
Download (822).wav,එහෙම ඇපල්ලා කලින් අවුරුද්දේ තිබ්බ බග්ස් එහෙම මේ අවුරුද්දෙ තමා ෆික්ස් කරන්නේ ස්පෙෂලි අර ලික්විඩ් ග්ලාස් ඩිසයින් එකේ. බිකෝස් ගොඩක් කට්ටිය කම්ප්ලේන් කරපු දෙයක් තමා ලික්විඩ් ග්ලාස් එක දාගත්තු ගමන් ෆෝන්,එහෙම Appleලා කලින් අවුරුද්දේ තිබ්බ bugs එහෙම මේ අවුරුද්දෙ තමා fix කරන්නේ specially අර liquid glass design එකේ. Because ගොඩක් කට්ටිය complain කරපු දෙයක් තමා liquid glass එක දාගත්තු ගමන් phone
Download (823).wav,"න් ෆෝන් එක ස්ලෝ වෙනවා, වැඩ ටික කරගන්න අමාරුයි, ඔයාලගේ සෑහෙන කම්ප්ලේන්ස් තිබ්බා, සෝ මේ සැරේ ඒක පොලිෂ් කරනවා. සෝ මං කියන එක බොරු නම් මෙන්න මේක බලන්නකො එයාලා මේ එයාලගේ ඉවෙන්ට් එකේ කියපු","න් phone එක slow වෙනවා, වැඩ ටික කරගන්න අමාරුයි, ඔයාලගේ සෑහෙන complaints තිබ්බා, So මේ සැරේ ඒක polish කරනවා. So මං කියන එක බොරු නම් මෙන්න මේක බලන්නකො එයාලා මේ එයාලගේ event එකේ කියපු"
Download (824).wav,ඉවෙන්ට් එකේ කිව්වා ඇනිමේෂන්ස් හැව් බීන් නව් ස්මූතර් කියලා. සිස්ටම් ඇනිමේෂන්ස් ආර් ස්මූතර්. ඒ වගේම ඇපල්ලා මේ සැරේ ස්ටේජ් එකේ ඉඳගෙන කියලා තියෙනවා එයාලගේ ඇප්ස් 30% ෆාස්ටර් විදියට,event එකේ කිව්වා animations have been now smoother කියලා. System animations are smoother. ඒ වගේම Appleලා මේ සැරේ stage එකේ ඉඳගෙන කියලා තියෙනවා එයාලගේ apps 30% faster විදියට
Download (825).wav,"විදියට ඕපන් වෙනවා. ඒ වගේම එයාර්ඩ්‍රොප් එක 30% ෆාස්ට් වෙලා තියෙනවලු. දැන් ඔයාලට අයිඕඑස් 27 එකේ බීටා වර්ෂන් එක රිලීස් වෙලා තියෙනවා ඩිවලපර් බීටා වර්ෂන් එක, සෝ ඔයාට පුළුවන් ඒක දාගන්න. හැබැයි මම මේක","විදියට open වෙනවා. ඒ වගේම airdrop එක 30% fast වෙලා තියෙනවලු. දැන් ඔයාලට iOS 27 එකේ beta version එක release වෙලා තියෙනවා developer beta version එක, so ඔයාට පුළුවන් ඒක දාගන්න. හැබැයි මම මේක"
Download (826).wav,දෙ මම මේක ස්ටේබල් වර්ෂන් එක ආපු ගමන්ම ටෙස්ට් කරලා ෆුල් රිවිව් වීඩියෝ එකක් දානවා. සෝ මට තාමත් හිතාගන්න බෑ කොහොමද අපි ඇප් ඕපනින් ස්පීඩ් එක මෙෂර් කරන්නේ කියලා. ඒ වගේම ඔයාලා දන්නවා ඇති ලික්විඩ් ග්ලාස්,දෙ මම මේක stable version එක ආපු ගමන්ම test කරලා full review video එකක් දානවා. So මට තාමත් හිතාගන්න බෑ කොහොමද අපි app opening speed එක measure කරන්නේ කියලා. ඒ වගේම ඔයාලා දන්නවා ඇති liquid glass
Download (827).wav,"ලික්විඩ් ග්ලාස් ඩිසයින් එක අයිඕඑස් 26 එකෙන් රිලීස් වෙන ගමන්ම ගොඩක් කට්ටිය ඒකට කැමති වුණා, ඒ වගේම සමහර කට්ටිය ඒකට කැමති වුණේ නෑ. සෝ මේ සැරේ ඒ දෙගොල්ලොන්ටම හරියන විදියට ඇපල්ලා ට්‍රාන්ස්","liquid glass design එක iOS 26 එකෙන් release වෙන ගමන්ම ගොඩක් කට්ටිය ඒකට කැමති වුණා, ඒ වගේම සමහර කට්ටිය ඒකට කැමති වුණේ නෑ. So මේ සැරේ ඒ දෙගොල්ලොන්ටම හරියන විදියට Appleලා trans"
Download (828).wav,"පේරන්සි ස්ලයිඩර් එකක් රිලීස් කරලා තියෙනවා. සෝ ඔයාගේ කැමැත්ත විදියට ඔයාට දැන් ඒක ස්ලයිඩ් කරලා ඇජස්ට් කරගන්න පුළුවන්. සෝ මං හිතනවා ඇපල්ලා කරලා තියෙන හොඳ මූව් එකක් මේක කියලා බිකෝස් හොඳ කැමරාස්, හොඳ ඩිස්ප්ලේ එහෙම තිබ්බට","parency slider එකක් release කරලා තියෙනවා. So ඔයාගේ කැමැත්ත විදියට ඔයාට දැන් ඒක slide කරලා adjust කරගන්න පුළුවන්. So මං හිතනවා Appleලා කරලා තියෙන හොඳ move එකක් මේක කියලා because හොඳ cameras, හොඳ display එහෙම තිබ්බට"
Download (829).wav,"ස්ප්ලේ එහෙම තිබ්බ පලියට වැඩක් නෑ, ඔයාගේ ෆෝන් එකේ ස්මූත් ඇනිමේෂන්ස් ඇන්ඩ් හොඳ සොෆ්ට්වෙයාර් එක්ස්පීරියන්ස් එකක් නැත්තම්. සෝ මේ සැරේ ඇපල්ලා ඒක පොලිෂ් කරලා තියෙනවා. දැන් අපි ඊළඟ එක බලලා ඉමු, නම්බර් ටූ. ඇපල් ෆවුන්ඩ්","ස්ප්ලේ එහෙම තිබ්බ පලියට වැඩක් නෑ, ඔයාගේ phone එකේ smooth animations and හොඳ software experience එකක් නැත්තම්. So මේ සැරේ Appleලා ඒක polish කරලා තියෙනවා. දැන් අපි ඊළඟ එක බලලා ඉමු, number two. Apple found"
Download (830).wav,ඇපල් ෆවුන්ඩේෂන් මොඩල් ඇන්ඩ් ඇපල් ඉන්ටෙලිජන්ස්. ඔයාලා දන්නවා ඇති ඇපල්ලා ඒඅයි ෆීචර්ස් අනවුන්ස් කරලා ඒක හරියට ඩිලිවර් කරපු නැති නිසා එයාලට සෑහෙන ප්‍රශ්න වලට මුහුණ දෙන්න සිද්ධ වුණා. එක්සාම්පල් එකක්,Apple foundation model and Apple intelligence. ඔයාලා දන්නවා ඇති Appleලා AI features announce කරලා ඒක හරියට deliver කරපු නැති නිසා එයාලට සෑහෙන ප්‍රශ්න වලට මුහුණ දෙන්න සිද්ධ වුණා. Example එකක්
Download (831).wav,"එක්සාම්පල් එකක් විදියට ඇඩ් එකේ එක කෑල්ලක් රිමූව් කරන්න සිද්ධ වුණා, ඒ වගේම යූසර්ස්ලට රීෆන්ඩ් එකක් දෙන්න සිද්ධ වුණා, ඒ වගේම සිරි චැට් ජීපීටී මොඩල් එක්ක රන් කරන වර්ෂන් එක අනිත් මොඩල්ස් එක්ක බලනකොට සෑහෙන","Example එකක් විදියට ad එකේ එක කෑල්ලක් remove කරන්න සිද්ධ වුණා, ඒ වගේම usersලට refund එකක් දෙන්න සිද්ධ වුණා, ඒ වගේම Siri ChatGPT model එක්ක run කරන version එක අනිත් models එක්ක බලනකොට සෑහෙන"
Download (832).wav,"සෑහෙන පිටිපස්සෙන් හිටියේ, සෝ දෙදහස් විසිහයේ ඇපල්ලා ඇපල් ෆවුන්ඩේෂන් මොඩල් කියලා එකක් රිලීස් කරලා තියෙනවා, ඒක තමා දැන් ඇපල් ඉන්ටෙලිජන්ස්ව පවර් කරන්නේ. දැන් ඇපල් ඉන්ටෙලිජන්ස්","සෑහෙන පිටිපස්සෙන් හිටියේ, So 2026 යේ Appleලා Apple Foundation model කියලා එකක් release කරලා තියෙනවා, ඒක තමා දැන් Apple Intelligenceව power කරන්නේ. දැන් Apple Intelligence"
Download (833).wav,"ඉන්ටෙලිජන්ස් වලට පුළුවන් වෙනවා වොයිස්, ටෙක්ස්ට් ඒ වගේම ඉමේජස් එක්ක වැඩ කරන්න. ඇන්ඩ් කූල්ම පාට් එක තමා මෙන්න මේ ඇපල් ඉන්ටෙලිජන්ස් කියන එක ගූගල් ජෙමිනයි එක්ක කොලබරේෂන් වෙලා කරපු වැඩක්. යෙස්","intelligence වලට පුළුවන් වෙනවා voice, text ඒ වගේම images එක්ක වැඩ කරන්න. And coolම part එක තමා මෙන්න මේ Apple intelligence කියන එක Google Gemini එක්ක collaboration වෙලා කරපු වැඩක්. Yes"
Download (834).wav,"යෙස්, 2026 වල ගූගල්වයි ඇපල්වයි දෙකට කොලබරේට් වෙලා තමා මෙන්න මේ ෆවුන්ඩේෂන් මොඩල් එක ඩිවලොප් කරලා තියෙන්නේ. හැබැයි වැඩේ කියන්නේ මෙන්න මේ ෆවුන්ඩේෂන් මොඩල් එක ඇපල්ලාගේ අයික්ලවුඩ්","Yes, 2026 වල Googleවයි Appleවයි දෙකට collaborate වෙලා තමා මෙන්න මේ foundation model එක develop කරලා තියෙන්නේ. හැබැයි වැඩේ කියන්නේ මෙන්න මේ foundation model එක Appleලාගේ iCloud"
Download (835).wav,"අයික්ලවුඩ් සර්වර්ස් වල විතරයි වැඩ කරන්නේ, මේකෙන් ගූගල් එකට අයිෆෝන් වල තියෙන ඩේටා වල කිසිම ඇක්සස් එකක් හම්බෙන්නේ නෑ. සෝ මගේ මතයට අනුව මේක ඇපල්ලා කරපු හොඳ මූව් එකක් බිකෝස් එයාලා ඒඅයි","iCloud servers වල විතරයි වැඩ කරන්නේ, මේකෙන් Google එකට iPhone වල තියෙන data වල කිසිම access එකක් හම්බෙන්නේ නෑ. So මගේ මතයට අනුව මේක Appleලා කරපු හොඳ move එකක් because එයාලා AI"
Download (836).wav,ඒඅයි ආයෙ ස්ක්‍රැච් එකේ ඉඳන් බිල්ඩ් කරන එකට වඩා දැන් ඒකට කාලෙ ස්පෙන්ඩ් කරන එකට වඩා ඕල්රෙඩි ඒඅයි එකේ ටොප්ම ඉන්න කම්පනිය ඒ කියන්නේ ගූගල් එක්ක කොලබරේට් වෙච්ච එක ඇත්තටම හොඳ මූව් එකක්. එතකොට ඇපල්ලාට,AI ආයෙ scratch එකේ ඉඳන් build කරන එකට වඩා දැන් ඒකට කාලෙ spend කරන එකට වඩා already AI එකේ topම ඉන්න කම්පනිය ඒ කියන්නේ Google එක්ක collaborate වෙච්ච එක ඇත්තටම හොඳ move එකක්. එතකොට Appleලාට
Download (837).wav,ඇපල්ලාට පුළුවන් අයිඕඑස් ඇන්ඩ් මැක්ඕඑස් වල මෙන්න මේ ඒඅයි ෆීචර්ස් කොහොමද යූස්ෆුල් විදියට යූස් කරන්නේ කියලා රිසර්ච් කරන්න. මෙන්න මේ ඩබ්ලිව්ඩබ්ලිව්ඩීසී ඉවෙන්ට් එකේ ඇපල්ලා ගොඩක්ම කතා කරේ,Appleලාට පුළුවන් iOS and macOS වල මෙන්න මේ AI features කොහොමද useful විදියට use කරන්නේ කියලා research කරන්න. මෙන්න මේ WWDC event එකේ Appleලා ගොඩක්ම කතා කරේ
Download (838).wav,අලුත් සිරි එක ගැන එහෙම නැත්නම් සිරි ඒඅයි එක ගැන. දැන් ඔයාට සිරි ඒඅයි කියලා අලුත් ඇප් එකක් අයිෆෝන්ස් වල බලාගන්න පුළුවන්. දැන් ඔයාට සිරි ඇක්ටිවේට් කරන්න ඕනේ නම් ඩයිනමික් අයිලන්ඩ් එකේ ඉඳලා,අලුත් Siri එක ගැන එහෙම නැත්නම් Siri AI එක ගැන. දැන් ඔයාට Siri AI කියලා අලුත් app එකක් iPhones වල බලාගන්න පුළුවන්. දැන් ඔයාට Siri activate කරන්න ඕනේ නම් Dynamic Island එකේ ඉඳලා
Download (839).wav,"පල්ලෙහාට ස්වයිප් කරන්න තියෙන්නේ, එහෙම නැත්නම් සිරි ඇප් එක ඕපන් කරන්න පුළුවන්, එහෙම නැත්නම් වොයිස් කමාන්ඩ්ස් වලින් ඒක ඇක්ටිවේට් කරන්න පුළුවන්. ඇන්ඩ් කූල්ම පාට් එක තමා දැන් සිරිට පුළුවන් ඔයාගේ ස්ක්‍රීන් එකේ මොකක්ද වෙන්නේ කියලා හරි","පල්ලෙහාට swipe කරන්න තියෙන්නේ, එහෙම නැත්නම් Siri app එක open කරන්න පුළුවන්, එහෙම නැත්නම් voice commands වලින් ඒක activate කරන්න පුළුවන්. And coolම part එක තමා දැන් Siriට පුළුවන් ඔයාගේ screen එකේ මොකක්ද වෙන්නේ කියලා හරි"
Download (840).wav,"කියලා හරියට අන්ඩස්ටෑන්ඩ් කරන්න. ඩබ්ලිව්ඩබ්ලිව්ඩීසී ඉවෙන්ට් එකේ මේකේ ඩෙමෝ එකක් පෙන්නුවා, ඒකෙ ඉන්න එම්ප්ලෝයි කෙනෙක් එහෙම ස්ක්‍රීන් එක ඕපන් කරලා මේ කොන්සට් එක තියෙන්නේ කවද්දද, මට කොහොමද","කියලා හරියට understand කරන්න. WWDC event එකේ මේකේ demo එකක් පෙන්නුවා, ඒකෙ ඉන්න employee කෙනෙක් එහෙම screen එක open කරලා මේ concert එක තියෙන්නේ කවද්දද, මට කොහොමද"
Download (841).wav,මට කොහොමද ටිකට්ස් බුක් කරන්න පුළුවන් ඒ වගේම මේ තියෙන ඩේට් එක මගේ කැලැන්ඩර් එකට ඇඩ් කරන්න කියපු ගමන් එයා ඒ ඔක්කොම කරලා දෙනවා. සෝ සිරිට පුළුවන් පාස්ට් කන්වර්සේෂන්ස් මතක තියාගෙන ඒකට අනුව ආන්සර්,මට කොහොමද tickets book කරන්න පුළුවන් ඒ වගේම මේ තියෙන date එක මගේ calendar එකට add කරන්න කියපු ගමන් එයා ඒ ඔක්කොම කරලා දෙනවා. So Siriට පුළුවන් past conversations මතක තියාගෙන ඒකට අනුව answer
Download (842).wav,කරන්න. හැබැයි දැන් වැඩ කරන සිරි එක බැලුවොත් එහෙම එක කන්වර්සේෂන් එකටයි අනිත් කන්වර්සේෂන් එකටයි කිසිම කනෙක්ටිවිටි එකක් නෑ. සෝ මේ අවුරුද්දේ රිලීස් වෙන සිරිට පුළුවන් කලින් කන්වර්සේෂන්ස් මතක තියාගෙන ඒ,කරන්න. හැබැයි දැන් වැඩ කරන Siri එක බැලුවොත් එහෙම එක conversation එකටයි අනිත් conversation එකටයි කිසිම connectivity එකක් නෑ. So මේ අවුරුද්දේ release වෙන Siriට පුළුවන් කලින් conversations මතක තියාගෙන ඒ
Download (843).wav,"ගෙන ඒකට අනුව ඔයාගේ ආන්සර්ස් අරන් දෙන්න. ඒ වගේම ඩබ්ලිව්ඩබ්ලිව්ඩීසී ඉවෙන්ට් එකේ ඇපල්ලා ඩෙමෝ එකක් පෙන්නුවා දැන් සිරිට පුළුවන් ඔයාගේ ජීමේල්, මෙසේජස්, ෆොටෝස් බේසිකලි ඔයාගේ ෆෝ","ගෙන ඒකට අනුව ඔයාගේ answers අරන් දෙන්න. ඒ වගේම WWDC event එකේ Appleලා demo එකක් පෙන්නුවා දැන් Siriට පුළුවන් ඔයාගේ Gmail, messages, photos basically ඔයාගේ ෆෝ"
Download (844).wav,ඔයාගේ ෆෝන් එකේ තියෙන ඔක්කොම ඩේටා වලට අනුව රිප්ලයි කරන්න. සෝ දැන් තමා සිරි ගූගල් ජෙමිනයි වගේ ප්‍රොපර් ඇසිස්ටන්ට් කෙනෙක් හැටියට වැඩ කරන්න පටන් ගන්නේ. ඒ වගේම අයිෆෝන් කැමරා ඇප් එක,ඔයාගේ phone එකේ තියෙන ඔක්කොම data වලට අනුව reply කරන්න. So දැන් තමා Siri Google Gemini වගේ proper assistant කෙනෙක් හැටියට වැඩ කරන්න පටන් ගන්නේ. ඒ වගේම iPhone camera app එක
Download (845).wav,"රා ඇප් එකේ ඔයාට සිරි කියන ඔප්ෂන් එක බලාගන්න පුළුවන්, මේක වෙන මොනවත් නෙවෙයි විෂුවල් ඉන්ටෙලිජන්ස්. ඔයාට පුළුවන් කැමරා එක එක ෆුඩ් එකට පොයින්ට් කරලා මේකේ නියුට්‍රිෂන් වැලියු එක මොකක්ද කියලා අහන්න අන්න ඒ වගේ","රා app එකේ ඔයාට Siri කියන option එක බලාගන්න පුළුවන්, මේක වෙන මොනවත් නෙවෙයි visual intelligence. ඔයාට පුළුවන් camera එක එක food එකට point කරලා මේකේ nutrition value එක මොකක්ද කියලා අහන්න අන්න ඒ වගේ"
Download (846).wav,වගේ ඉන්ටෙලිජන්ස් වැඩ දැන් ඔයාට මේකෙන් කරගන්න පුළුවන්. මේක එක්සැක්ට්ලි ගූගල් ජෙමිනයි මීට වැඩිය හොඳට කරනවා. හැබැයි දැන් ඔයාට මේක අයිෆෝන් එකටත් එනවා. සෝ ෆයිනලි අයිෆෝන් යූසර්ස්ලටත් මෙන්න මේ ඉන්ටෙලිජන්ස් ෆීචර්ස්,වගේ intelligence වැඩ දැන් ඔයාට මේකෙන් කරගන්න පුළුවන්. මේක exactly Google Gemini මීට වැඩිය හොඳට කරනවා. හැබැයි දැන් ඔයාට මේක iPhone එකටත් එනවා. So finally iPhone usersලටත් මෙන්න මේ intelligence features
Download (847).wav,ස් ෆීචර්ස් යූස් කරන්න පුළුවන්. ඇන්ඩ් ෆයිනලි ෆොටෝස් ඇප් එකටත් සෑහෙන අප්ඩේට්ස් ටිකක් එනවා. ඔයාලා දන්නවා ඇති ෆේමස් ක්ලීන් අප් ෆීචර් එක. මේක අයිෆෝන් එකේ සෑහෙන දුරට ට්‍රෝල් වෙච්ච ෆීචර් එකක්.,s features use කරන්න පුළුවන්. And finally photos app එකටත් සෑහෙන updates ටිකක් එනවා. ඔයාලා දන්නවා ඇති famous clean up feature එක. මේක iPhone එකේ සෑහෙන දුරට troll වෙච්ච feature එකක්.
Download (848).wav,සෝ ෆයිනලි ඇපල්ලා ඩිසයිඩ් කරලා තියෙනවා හරි ක්ලීන් අප් ෆීචර් එකක් ඔයාට දෙන්න හරියට ඇන්ඩ්‍රොයිඩ් ෆෝන් වල වගේ. ඒ වගේම ඉමේජ් එක්ස්ටෙන්ඩර් ෆීචර් එකත් අයිෆෝන් ෆො,So finally Appleලා decide කරලා තියෙනවා හරි clean up feature එකක් ඔයාට දෙන්න හරියට Android phone වල වගේ. ඒ වගේම image extender feature එකත් iPhone fo
Download (849).wav,"අයිෆෝන් ෆොටෝස් ඇප් වලට එනවා. ඒ වගේම අලුත් ෆීචර් එකක් ඉන්ට්‍රඩියුස් කරලා තියෙනවා, ඒක තමා ෆොටෝ රීෆ්‍රේමිං. මම ෆොටෝ එකක් අරන් ඒකෙ ෆ්‍රේම් එකේ ඇන්ගල් එක","iPhone photos app වලට එනවා. ඒ වගේම අලුත් feature එකක් introduce කරලා තියෙනවා, ඒක තමා photo reframing. මම photo එකක් අරන් ඒකෙ frame එකේ angle එක"
Download (850).wav,ඇන්ගල් එක මට සෙට් නැත්නම් මට පුළුවන් ඒක මට අවශ්‍ය කරන විදියට රීෆ්‍රේම් කරන්න. ඒක ඒඅයි එකෙන් ක්ෂණිකම කරලා දෙනවා. සෝ මේක නම් මං දැකලා තියෙන අලුත් ෆී,angle එක මට set නැත්නම් මට පුළුවන් ඒක මට අවශ්‍ය කරන විදියට reframe කරන්න. ඒක AI එකෙන් ක්ෂණිකම කරලා දෙනවා. So මේක නම් මං දැකලා තියෙන අලුත් fea
Download (851).wav,අලුත් ෆීචර් එකක්. අනිත් ෆෝන්ස්වල මේක බලාගන්න බෑ. මම සමහර ඩෙමෝස්වල දැක්කා මේකේ රීෆ්‍රේමින් ඔප්ෂන් එක යූස් කරනකොට සමහර ෆේෂල්,අලුත් feature එකක්. අනිත් phones වල මේක බලාගන්න බෑ. මම සමහර demosවල දැක්කා මේකේ reframing option එක use කරනකොට සමහර facial
Download (852).wav,ෆීචර්ස් එහෙම පොඩ්ඩක් මාරු වෙනවා,features එහෙම පොඩ්ඩක් මාරු වෙනවා.
Download (853).wav,"හැබැයි මට තාම කම්ප්ලේන් කරන්න බෑ, බිකෝස් මේක තාම බීටා වර්ෂන් එකේ තියෙන්නේ. ස්ටේබල් වර්ෂන් එක ආපු ගමන් තමයි අපි ඒක බලන්න ඕනේ. ඇන්ඩ් මතක තියාගන්න ඕනේ දේ තමයි, මෙන්න මේ ක්ලීන් අප්, රීෆ්‍රේමින්, ෆොටෝ එක්ස්ටෙන්ඩර් වගේ","හැබැයි මට තාම complain කරන්න බෑ, because මේක තාම  beta version එකේ තියෙන්නේ. stablr version එක ආපු ගමන් තමයි අපි ඒක බලන්න ඕනේ. andමතක තියාගන්න ඕනේ දේ තමයි, මෙන්න මේ clean up, reframing, photo extender වගේ"
Download (854).wav,"වගේ ෆීචර්ස් ඔයාලගේ පරණ ෆොටෝස්වලටත් වැඩ කරනවා. අලුතෙන්ම ගන්න ඕනේ කියලා නෑ, පරණ ඒවටත් මේවා වැඩ , ඇන්ඩ් මේ ඒ.අයි. කෑලිවලට අමතරව දැන් ශෙයාර්ඩ් ඇල්බම්වලට වින්ඩෝස් ඇන්ඩ් ඇන්ඩ්‍රොයිඩ් යූසර්ස්ලටත් ඒකේ","වගේ features ඔයාලගේ පරණ photosවලටත් වැඩ කරනවා. අලුතෙන්ම ගන්න ඕනේ කියලා නෑ, පරණ ඒවටත් මේවා වැඩ, and මේ AI කෑලිවලට අමතරව දැන් shared albumවලට windows and android users ලාටත් ඒකේ"
Download (855).wav,"ඒකේ ෆොටෝස් ඇඩ් කරන්න පුළුවන්. සෝ ෆයිනලි, ඇපල් අම්මා එයාලගේ වැට කඩලා පොඩ්ඩක් ඇන්ඩ්‍රොයිඩ් ඇන්ඩ් වින්ඩෝස් යූසර්ස්ලට ඇතුළට එන්න ඉඩ දෙනවා. ඇන්ඩ් ඊළඟ ලොකුම අප්ඩේට් එක තමයි ඉමේජ්","ඒකේ photos add කරන්න පුළුවන්. So finally, appleඅම්මා එයාලගේ වැට කඩලා පොඩ්ඩක් android and windows usersලාට ඇතුළට එන්න ඉඩ දෙනවා. and ඊළඟ ලොකුම update එක තමයි image"
Download (856).wav,"ඉමේජ් ප්ලේග්‍රවුන්ඩ් සෝ ඉමේජ් ප්ලේග්‍රවුන්ඩ් කියලා වෙනම ඇප් එකක් තියෙනවා. මේකෙන් ඔයාට අලුත් ඉමේජ්, ප්‍රොම්ප්ට් එකක් හරහා ජෙනරේට් කරන්න පුළුවන්. ඒ විතරක් නෙවෙයි, තියෙන ඉමේජ් එකට එඩිට්ස් කරගන්න පුළුවන්","image playground, So image playground කියලා වෙනම app එකක් තියෙනවා. මේකෙන් ඔයාට අලුත් image, prompt එකක් හරහා generate කරන්න පුළුවන්. ඒ විතරක් නෙවෙයි, තියෙන image එකට edits කරගන්න පුළුවන්"
Download (857).wav,"පුළුවන්. ඒ විතරක් නෙවෙයි, තියෙන ඉමේජ් එකට එඩිට්ස් කරගන්න පුළුවන්, ලයික් ඩ්‍රෙසස් මාරු කරන ඒවා, ඇනිමේෂන් ස්ටයිල්වලට කන්වර්ට් කරන ඒවා, එහෙමත් නැත්නම් කාටූන් ස්ටයිල්වලට කන්වර්ට් කරන ඒවා වගේ. හරියට ගැලැක්සි ෆෝන්වල තියෙන ස්ටූඩියෝ ඇප් එක වගේ. ඒ වගේම ඉමේජ් ප්ලේග්‍රවුන්ඩ් එකෙන් දැන්","පුළුවන්. ඒ විතරක් නෙවෙයි, තියෙන image එකට edits කරගන්න පුළුවන්, like dresses මාරු කරන ඒවා,animation styles වලට convert කරන ඒවා, එහෙමත් නැත්නම් cartoon styles වලට convert කරන ඒවා වගේ. හරියට galaxy phoneවල තියෙන studio app එක වගේ. ඒ වගේම image playground එකෙන් දැන්"
Download (858).wav,"එකෙන් දැන් ඔයාට අලුත් වෝල්පේපර්ස් ජෙනරේට් කරන්න දෙනවා, හරියට සැම්සුන්ග් ෆෝන්ස්වල වගේ.සෝ ඔයාගේ ක්‍රියේටිවිටි එකයි මෙන්න මේ ඒඅයි කියන එකත් යූස් කරලා ඔයාට සෑහෙන දේවල් දැන් කරගන්න පුළුවන් අයිෆෝන් එකේ","එකෙන් දැන් ඔයාට අලුත් wallpappers generate කරන්න දෙනවා, හරියට samsung phones වල වගේ.සෝ ඔයාගේ creativity එකයි මෙන්න මේ AI කියන එකත් use කරලා ඔයාට සෑහෙන දේවල් දැන් කරගන්න පුළුවන් iPhone එකේ"
Download (859).wav,ඒ වගේම සෆාරි  එකටත් පොඩි ඒඅයි ටච් එකක් දීලා තියෙනවා. දැන් සෆාරි බ්‍රවුසර් එකට පුළුවන් ඔයාගේ ටැබ්ස් ටික ඒඅයි යූස් කරගෙන ගෲප් කරන්න. මෙයා මේකේ කන්ටෙක්ස්ට් එකට බලලා ඒකට අනුව ඒක ගෲප්,ඒ වගේම safari  එකටත් පොඩි AI touch එකක් දීලා තියෙනවා. දැන් safari browser එකට පුළුවන් ඔයාගේ tabs ටික AI use කරගෙන group කරන්න. මෙයා මේකේ context එකට බලලා ඒකට අනුව ඒක group
Download (860).wav,"කරලා දෙනවා ලස්සනට, ඒ වගේම සෆාරි එකට අලුත් ෆීචර් එකක් දීලා තියෙනවා, ඒක තමයි නොටිෆයි මී . එක්සාම්පල් එකක් හැටියට ඔයා ප්‍රොඩක්ට් එකක් බලනවා, ඒ ප්‍රොඩක්ට් එක අවුට් ඔෆ් ස්ටොක්  නම් ඔයාට එතන ගිහින්","කරලා දෙනවා ලස්සනට, ඒ වගේම safariඑකට අලුත් feature එකක් දීලා තියෙනවා, ඒක තමයි Notify Me. Example එකක් හැටියට ඔයා product එකක් බලනවා, ඒ product එක out of stock නම් ඔයාට එතන ගිහින්"
Download (861).wav,"ගිහින් ආයෙ ආයෙ රිෆ්‍රෙෂ් කරගෙන ඉන්න ඕනේ නෑ. ඔයාට ප්ලේන් ඉංග්ලිෂ් වලින් සෆාරි එකට කියන්න පුළුවන් ""මේ ප්‍රොඩක්ට් එක ආයෙ ස්ටොක් එකට ආපු ගමන් මට අනිවාර්යයෙන් නොටිෆයි කරන්න"" කියලා. ඒ කියලා ඔයාගේ වැඩ ටික ඔයා","ගිහින් ආයෙ ආයෙ refresh කරගෙන ඉන්න ඕනේ නෑ. ඔයාට plain English වලින් Safari එකට කියන්න පුළුවන් ""මේ product එක ආයෙ stock එකට ආපු ගමන් මට අනිවාර්යයෙන් notify කරන්න"" කියලා. ඒ කියලා ඔයාගේ වැඩ ටික ඔයා"
Download (862).wav,"ඔයා කරන්නයි තියෙන්නේ. ඒ ප්‍රොඩක්ට් එක ස්ටොක් එකට ආපු ගමන් ඔයාට නොටිෆිකේෂන් එකක් අරන් දෙනවා.හැබැයි ප්‍රශ්නය කියන්නේ, මෙන්න මේ සිරි ඒ.අයි., නැත්නම් ඇපල් ඉන්ටෙලිජන්ස් ඉස්සරහට තමයි රෝල් වෙන්න තියෙන්නේ. මේකේ","ඔයා කරන්නයි තියෙන්නේ. ඒ product එක stock එකට ආපු ගමන් ඔයාට notification එකක් අරන් දෙනවා.හැබැයි ප්‍රශ්නේ කියන්නේ, මෙන්න මේ Siri AI, නැත්නම් Apple Intelligence ඉස්සරහට තමයි roll වෙන්න තියෙන්නේ. මේකේ"
Download (863).wav,"මේකේ සම්පූර්ණ ෆීචර්ස් ටික ඔයාගේ අයිෆෝන් එකට එනකොට සෙප්ටැම්බර්, ඔක්තෝබර් වත් වෙයි. තව දෙයක් ඔයාලා දැනගන්න ඕනේ, මෙන්න මේ අලුත් සිරි ෆීචර්ස් ඇන්ඩ් ඒ.අයි. ෆීචර්ස් අයිෆෝන් 15 ප්‍රෝ","මේකේ සම්පූර්ණ features ටික ඔයාගේ iPhone එකට එනකොට September, October වත් වෙයි. තව දෙයක් ඔයාලා දැනගන්න ඕනේ, මෙන්න මේ අලුත් Siri features and AI features iPhone 15 Pro"
Download (864).wav,ඇන්ඩ් 15 ප්‍රෝ වලට උඩින් කියන ෆෝන්ස් වලට විතරයි හම්බවෙන්නේ.ඔයා දැනටමත් අයිෆෝන් 15 එකක් යූස් කරනවා නම් ඒත් ඔයාට හම්බවෙන්නේ නෑ. ඔයාට 15 ප්‍රෝ ඩිවයිස් එකක්ම ඕනේ. හැබැයි මෙතන තමයි ඇපල්ලා,"ඇන්ඩ් 15 Pro වලට උඩින් කියන phones වලට විතරයි හම්බවෙන්නේ.ඔයා දැනටමත් iPhone 15 එකක් use කරනවා නම් ඒත් ඔයාට හම්බවෙන්නේ නෑ. ඔයාට 15 Pro device එකක්ම ඕනේ. හැබැයි මෙතන තමයි Apple ලා,"
Download (865).wav,"ඇපල්ලා, ඇපල්ලාගේ වැඩේ පෙන්නුවේ. ගොඩක් ඇඩ්වාන්ස්ඩ් ඔන්-ඩිවයිස් ඒ.අයි. ප්‍රොසෙසිංග් මොඩල් එහෙම අයිෆෝන් එයාර් ඇන්ඩ් අයිෆෝන් 17 ප්‍රෝ සීරීස් එකේ විතරයි වැඩ කරන්නේ. අන්න ඒ","Apple ලා, Apple ලාගේ වැඩේ පෙන්නුවේ. ගොඩක් advanced on-device AI processing model එහෙම iPhone Air ඇන්ඩ් iPhone 17 Pro series එකේ විතරයි වැඩ කරන්නේ. අන්න ඒ"
Download (866).wav,"අන්න ඒ සීරීස් දෙක ඇරෙන්න, අනිත් කිසිම අයිෆෝන් වල ඔයාට ඒ ෆීචර්ස් බලාගන්න බෑ. යා, දැට්ස් ද ඇපල් තින්ග්. ඊවන් අයිෆෝන් 16 ප්‍රෝ මැක්ස් එකටවත් ඒක හම්බවෙන්නේ නෑ.ඊට අමතරව","අන්න ඒ series දෙක ඇරෙන්න, අනිත් කිසිම iPhone වල ඔයාට ඒ features බලාගන්න බෑ. Yeah, that's the Apple thing. Even iPhone 16 Pro Max එකටවත් ඒක හම්බවෙන්නේ නෑ .ඊට අමතරව"
Download (867).wav,ඊට අමතරව ඇපල්ලා තව චයිල්ඩ් සේෆ්ටි වලට ෆීචර්ස් ටිකක් ඉන්ට්‍රොඩියුස් කරලා තියෙනවා. මං හිතන්නේ නෑ ඒක ලංකාවට හරියට ඉම්ප්ලිමෙන්ට් කරගන්න පුළුවන් වෙයිද කියලා. කොහොමහරි ඒ ෆීචර් එක ආපු ගමන් තමයි ටෙස්ට් කරන්න වෙන්නේ,ඊට අමතරව Apple ලා තව child safety වලට features ටිකක් introduce කරලා තියෙනවා. මං හිතන්නේ නෑ ඒක ලංකාවට හරියට implement කරගන්න පුළුවන් වෙයිද කියලා. කොහොමහරි ඒ feature එක ආපු ගමන් තමයි test කරන්න වෙන්නේ
Download (868).wav,"කරන්න වෙන්නේ. ඊට අමතරව අයිෆෝන් එකේ ෂෝර්ට්කට් කියලා ඇප් එකක් තියෙනවා. මේකෙන් ඔයාට සෑහෙන ඔටෝමේෂන්ස් ඇන්ඩ් සෑහෙන වැඩකෑලි ටිකක් පෙන්නන්න පුළුවන්.හැබැයි වැඩේ කියන්නේ, ඒ ෆීචර්ස් ගොඩක්ම යූස් කරන්නේ ටෙක්","කරන්න වෙන්නේ. ඊට අමතරව iPhone එකේ Shortcut කියලා app එකක් තියෙනවා. මේකෙන් ඔයාට සෑහෙන automations ඇන්ඩ් සෑහෙන වැඩකෑලි ටිකක් පෙන්නන්න පුළුවන්.හැබැයි වැඩේ කියන්නේ, ඒ features ගොඩක්ම use කරන්නේ tech"
Download (869).wav,"ටෙක් එන්තූසියාස්ට්ස්ලා. සාමාන්‍ය මිනිහෙක්ට ඒක හරියට යූස් කරගන්න තේරෙන්නේ නෑ. හැබැයි දැන් ඇපල්ලා, ප්ලේන් ඉංග්ලිෂ් වලින් ඔයාට ඩිස්ක්‍රයිබ් කරන්න පුළුවන් ඔයාට මොන වගේ ෂෝර්ට්කට් එකක්ද ඕනේ කියලා, එයා ඒ","tech enthusiasts ලා. සාමාන්‍ය මිනිහෙක්ට ඒක හරියට use කරගන්න තේරෙන්නේ නෑ. හැබැයි දැන් Apple ලා, plain English වලින් ඔයාට describe කරන්න පුළුවන් ඔයාට මොන වගේ shortcut එකක්ද ඕනේ කියලා, එයා ඒ"
Download (870).wav,"එයා ඒ ෂෝර්ට්කට් එක හදලා දෙනවා. මං හිතනවා මේක ඇත්තටම වැදගත් ෆීචර් එකක්. බිකෝස් මම ඉන්ස්ටග්‍රෑම් ඇන්ඩ් ටික්ටොක් වල ෂෝර්ට් වීඩියෝස් කරනකොට, මෙන්න මේ ෂෝර්ට්ස් ගැන ෂෝර්ට් වීඩියෝස් කරනකොට ගොඩක් කට්ටිය","එයා ඒ shortcut එක හදලා දෙනවා. මං හිතනවා මේක ඇත්තටම වැදගත් feature එකක්. Because මම Instagram ඇන්ඩ් TikTok වල short videos කරනකොට, මෙන්න මේ shorts ගැන short videos කරනකොට ගොඩක් කට්ටිය"
Download (871).wav,"කට්ටිය කොහොමද ඒක කරන්නේ, කරගන්න තේරෙන්නේ නෑ වගේ ගොඩක් කමෙන්ට්ස් ඇන්ඩ් මැසේජස් එනවා. සෝ දැන් එයාලට කිසිම ප්‍රශ්නයක් නැතුව, ඒ.අයි. එකට කියලා වැඩේ කරගන්න පුළුවන්. සෝ ඕවර්ඕල් මෙන්න මේ ඩබ්ලිව්.ඩබ්ලිව්.ඩී.සී. 2026","කට්ටිය කොහොමද ඒක කරන්නේ, කරගන්න තේරෙන්නේ නෑ වගේ ගොඩක් comments and messages එනවා. So දැන් එයාලට කිසිම ප්‍රශ්නයක් නැතුව, AI එකට කියලා වැඩේ කරගන්න පුළුවන්.So overall මෙන්න මේ WWDC 2026"
Download (872).wav,"2026 ඉවෙන්ට් එකේ ඇපල්ලා කරපු දේ තමයි එයාලා කලින් තිබ්බ බග්ස් ඔක්කොම ෆික්ස් කරනවා, ප්ලස් ඇපල්ලා ඒ.අයි. රේස් එකේ අනිත් කම්පනීස් එක්ක බලනකොට සෑහෙන දුරට පිටිපස්සෙන් ඉන්නේ","2026 event එකේ appleලා  කරපු දේ තමයි එයාලා කලින් තිබ්බ bugs ඔක්කොම fix කරනවා, plus appleලා AI race එකේ අනිත් companies එක්ක බලනකොට සෑහෙන දුරට පිටිපස්සෙන් ඉන්නේ"
Download (873).wav,"පස්සෙන් ඉන්නේ. සෝ ඒක කැච් අප් කරන්න කරපු ඉවෙන්ට් එකක්. සෝ කොහොම වුණත් මගේ මතය තමයි ඇපල්ලා ජෙමිනයි එකක් කොලැබරේට් වෙච්ච එක ඇත්තටම හොඳ දෙයක්.සෝ දැනටමත් ඕපන්ඒ.අයි., ක්ලෝඩ්,","පස්සෙන් ඉන්නේ. So ඒක catch up කරන්න කරපු event එකක්. So කොහොම වුණත් මගේ මතය තමයි Appleලා Gemini එකක් collaborate වෙච්ච එක ඇත්තටම හොඳ දෙයක්.So දැනටමත් open AI, claude"
Download (874).wav,"ජෙමිනයි ගාව තියෙන ඒ.අයි. මොඩල්ස් එහෙම සෑහෙන ඩිවෙලොප් වෙලා තියෙන්නේ. සෝ ඇපල්ලා එයාලව කැච් කරන රේස් එක අතඇරලා, ගූගල් එක්ක කොලැබරේට් වෙලා, ඒක කොහොමද අයිෆෝන්","Gemini ගාව තියෙන AI models එහෙම සෑහෙන develop වෙලා තියෙන්නේ. So appleලා එයාලව catch කරන raceඑක අතඇරලා, Google එක්ක collaborate වෙලා, ඒක කොහොමද iPhone"
Download (875).wav,"අයිෆෝන් එකේ හොඳ විදිහට ඉම්ප්ලිමෙන්ට් කරන්න පුළුවන් කියලා තින්ක් කරපු එක ඇත්තටම ඇප්‍රිෂියේට් කරන්න ඕන දෙයක්. සෝ ගූගල්ලාගේ ඇපල්ලාගේ පාට්නර්ෂිප් එක කොච්චර හොඳට වැඩ කරයිද, එහෙමත් නැත්නම් ඒකත්","iPhone එකේ හොඳ විදිහට implement කරන්න පුළුවන් කියලා think කරපු එක ඇත්තටම appriciate කරන්න ඕන දෙයක්. So Googleලාගේ Appleලාගේ partnership එක කොච්චර හොඳට වැඩ කරයිද, එහෙමත් නැත්නම් ඒකත්"
Download (876).wav,නැත්නම් ඒකත් චැට්ජීපීටී වගේ නතර වෙයිද කියලා පොඩ්ඩක් අපි හිතලම බලමු.සෝ මං හිතනවා මෙන්න මේ ඩබ්ලිව්.ඩබ්ලිව්.ඩී.සී. එකේ ෆුල් සමරියක් මං දුන්නා කියලා. මේ එක වීඩියෝ එකක් බලපු ගමන් ඔයාලට ටෝටල් අයිඩියා එකක් ගන්න පුළුවන් මොකක්ද..,නැත්නම් ඒකත් ChatGPT වගේ නතර වෙයිද කියලා පොඩ්ඩක් අපි හිතලම බලමු.So මං හිතනවා මෙන්න මේ WWDC. එකේ full summaryක් මං දුන්නා කියලා. මේ එක video එකක් බලපු ගමන් ඔයාලට total idea එකක් ගන්න පුළුවන් මොකක්ද..
Download (877).wav,"මොකක්ද වුණේ කියලා. ඒ වගේම ඩබ්ලිව්.ඩබ්ලිව්.ඩී.සී. එකේ ඔයාලා මොනවාද හිතන්නේ, ඔයාලගේ අයිඩියාස් මොනවාද කියලා පල්ලෙහායින් කමෙන්ට් කරගෙන යන්න. ඇන්ඩ් මේ වගේ තවත් යූස්ෆුල් වීඩියෝ එකකින් මං ඔයාලව ආයෙත් හම්බවෙන්නම්. අන්ටිල් දෙන්","මොකක්ද වුණේ කියලා. ඒ වගේම WWDC එකේ ඔයාලා මොනවාද හිතන්නේ, ඔයාලගේ ideas මොනවාද කියලා පල්ලෙහායින් comment කරගෙන යන්න. And මේ වගේ තවත් useful video එකකින් මං ඔයාලව ආයෙත් හම්බවෙන්නම්. Until then"
Download (879).wav,ඔන්න කේබල් එකක් ඩැමේජ් වෙන්නැතුව ඔයාගේ බෑග් එකේ නැත්නම් ඕනෑම තැනක අරන් යන්න පුළුවන් ට්‍රික් එකක්,ඔන්න cable එකක් damage වෙන්නැතුව ඔයාගේ bag එකේ නැත්නම් ඕනෑම තැනක අරන් යන්න පුළුවන් trick එකක්
Download (880).wav,"ඇන්ඩ් මේකත් තවත් එක්සාම්පල් එකක්. පළවෙනි එක හරි ලේසියි. ඔයාට මේ වගේ එන්ඩ්ස් දෙක මේ වගේ තියලා, ඒක දෙකට රෝල් කරලා මෙන්න මේ වගේ නොට් එකක් දාන්නයි තියෙන්නේ","and මේකත් තවත් example එකක්. පළවෙනි එක හරි ලේසියි. ඔයාට මේ වගේ ends දෙක මේ වගේ තියලා, ඒක දෙකට රෝල් කරලා මෙන්න මේ වගේ knot එකක් දාන්නයි තියෙන්නේ"
Download (881).wav,"තියෙන්නේ. ඇන්ඩ් ඔයා ගාව මෙන්න මේ වගේ දිග කේබල් එකක් තියෙනවා නම්, ඒක දෙසැරයක් මෙන්න මේ වගේ ෆෝල්ඩ් කරලා, ඊට පස්සේ මම අර කියපු නොට් එක දාන්න.","තියෙන්නේ. and ඔයා ගාව මෙන්න මේ වගේ දිග cable එකක් තියෙනවා නම්, ඒක දෙසැරයක් මෙන්න මේ වගේ fold කරලා, ඊට පස්සේ මම අර කියපු knot එක දාන්න."
Download (882).wav,"ඇන්ඩ් සෙකන්ඩ් මෙතඩ් එක තමයි, කේබල් එක මේ වගේ අරන් කොයිල් එකක් විදිහට රෝල් කරන්න. ඇන්ඩ් මෙතන ට්‍රික් එක තමයි, මෙන්න මේ ලූප්ස් ඔක්කොම එකම සයිස් එකේ තියාගන්න, එතකොට ඔයාට නීට්","And second method එක තමයි,cable එක මේ වගේ අරන් coil එකක් විදිහට roll කරන්න. and මෙතන trick එක තමයි, මෙන්න මේ loops ඔක්කොම එකමsize එකේ තියාගන්න, එතකොට ඔයාට neat"
Download (883).wav,"ඔයාට නීට් එකට වැඩේ කරගන්න පුළුවන්. ඊට පස්සේ එන්ඩ්ස් දෙකම මෙන්න මේ වගේ ස්ටික් කරන්න, එතකොට ආයෙ මේක ගැලවෙන්නේ නෑ, ඒ වගේම දැන් ඔයාට ලැප්ටොප් ඩොට් එල්කේ එකෙන් යුග්‍රීන්, ඒ වගේම ඇන්කර්","ඔයාට neat එකට වැඩේ කරගන්න පුළුවන්. ඊට පස්සේ ends දෙකම මෙන්න මේ වගේ stick කරන්න, එතකොට ආයෙ මේක ගැලවෙන්නේ නෑ, ඒ වගේම දැන් ඔයාට laptop.lk එකෙන් Ugreen, ඒ වගේම Anker"
Download (884).wav,"ඇන්කර් කේබල්ස් බලාගන්න පුළුවන්. මේ කේබල්ස් ඔයාගේ අයිෆෝන් එකට වුණත් යූස් කරගන්න පුළුවන්, බැටරි හෙල්ත් එකට කිසිම දෙයක් වෙන්නේ නෑ. ඇන්ඩ් මේ වීඩියෝ එක බැලුවොත් හොඳයි කියලා හිතෙන ඔයාගේ යාළුවන්ව ටැග් කරගෙන යන්න","Anker cables බලාගන්න පුළුවන්. මේ cables ඔයාගේ iPhone එකට වුණත් use කරගන්න පුළුවන්, battery health එකට කිසිම දෙයක් වෙන්නේ නෑ. and මේ video එක බැලුවොත් හොඳයි කියලා හිතෙන ඔයාගේ යාළුවන්ව tag කරගෙන යන්න"
Download (886).wav,ඔයාගේ ක්‍රෝම් ටැබ් එක මෙන්න මේ විදිහේ ඉඳන් මෙන්න මේ විදිහට මාරු කරගන්න කැමතිද? දැන් ඔයාගේ යාළුවෝ නැත්නම් කෝ-වර්කර්ව ඉම්ප්‍රෙස් කරන්න කාලය හරි. ඔයාට සිංගල් ක්ලික් එකකින්,ඔයාගේ chrome tab එක මෙන්න මේ විදිහේ ඉඳන් මෙන්න මේ විදිහට මාරු කරගන්න කැමතිද? දැන් ඔයාගේ යාළුවෝ නැත්නම් co-worker impress කරන්න කාලය හරි. ඔයාට single click එකකින්
Download (887).wav,"ක්ලික් එකකින් මෙන්න මේ වගේ පික්සල් ඩිසයින් එකක් තියෙන ස්ක්‍රීන් එකක් ගන්න පුළුවන්. මේකේ ටයිම්, ඩේට්, වෙදර් අප්ඩේට්ස්, ඒ විතරක් නෙවෙයි ඔයාට ඒ.අයි. ටූල්සුත්","click එකකින් මෙන්න මේ වගේ pixel design එකක් තියෙන screen එකක් ගන්න පුළුවන්. මේකේ time, date, weather updates, ඒ විතරක් නෙවෙයි ඔයාට AI toolsත්"
Download (888).wav,ඒ.අයි. ටූල්සුත් බලාගන්න පුළුවන්. මේ වගේ නෝමල් ටැබ් එකක් ස්ටෙරොයිඩ් එකක්. ඔයාට මේකේ කලර් එකත් මේ විදිහට කස්ටමයිස් කරගන්න පුළුවන්. මේ එක්ස්ටෙන්ෂන් එකේ නම මැටීරියල් යූ,AI toolsත් බලාගන්න පුළුවන්. මේ වගේ normal tab එකක් steroid එකක්. ඔයාට මේකේ color එකත් මේ විදිහට customize කරගන්න පුළුවන්. මේ extension  එකේ නම Material You
Download (889).wav,මැටීරියල් යූ නිව් ටැබ්. මේක ඕනෑම බ්‍රවුසර් එකක වැඩ කරනවා. දැන්ම ට්‍රයි එකක් දීලා බලන්න. ඒ වගේම ලැප්ටොප් ඩොට් එල්කේ අපිව ෆලෝ කරන්නත් අමතක කරන්න එපා. පීස්.,Material You new tab. මේක ඕනෑම browser එකක වැඩ කරනවා. දැන්ම try එකක් දීලා බලන්න. ඒ වගේම laptop.lk අපිව follow කරන්නත් අමතක කරන්න එපා. Peace.
Download (890).wav," ඔන්න ජී.ටී.ඒ. 6 ෆයිනලි රිලීස් වෙන්නයි යන්නේ. මේ ගේම් එක ගැන ඔයා දන්නැති දේවල් හතක්. රොක්ස්ටාර්ලාට මෙන්න මේ ෆෙනොමිනල් ගේම් එක හදන්න අවුරුදු අටක්, ඒ වගේම කෝටි"," ඔන්න GTA 6 finally release වෙන්නයි යන්නේ. මේ game එක ගැන ඔයා දන්නැති දේවල් හතක්. Rockstar ලාට මෙන්න මේ phenomenal game එක හදන්න අවුරුදු අටක්, ඒ වගේම කෝටි"
Download (891).wav,කෝටි හැට හත්දාහක් ගිහිල්ලා තියෙනවා. හැබැයි ඔයාට පුළුවන් ජස්ට් විසි හත්දාහට මේ ගේම් එක ප්‍රී-ඕඩර් කරන්න. ඒ වගේම පළවෙනි ජී.ටී.ඒ. 6 ට්‍රේලර් එක ගිනස් රෙකෝඩ් තුනක් කඩලා තියෙනවා.,කෝටි හැට හත්දාහක් ගිහිල්ලා තියෙනවා. හැබැයි ඔයාට පුළුවන් Just විසි හත්දාහට මේ game එක pre-order කරන්න. ඒ වගේම පළවෙනි GTA 6 trailer එක Guinness record තුනක් කඩලා තියෙනවා.
Download (892).wav,"තියෙනවා. ෆස්ට් මෝස්ට් වීව්ඩ් ගේම් රිවීල් ඉන් 24 අවර්ස්, මෝස්ට් ලයික්ඩ් ගේම් ට්‍රේලර් එවර්, මෝස්ට් වීව්ඩ් යූටියුබ් වීඩියෝ ඉන් 24 අවර්ස් ෆෝ නොන්-මියුසික් වීඩියෝ. සෝ මේකේ","තියෙනවා. First most viewed game reveal in 24 hours, most liked game trailer ever, most viewed YouTube video in 24 hours for non-music video. So මේකේ"
Download (893).wav,මේකේ මැඩ්නස් එක පොඩ්ඩක් හිතලා බලන්නකෝ. ඇන්ඩ් ගේම් එකසිද්ධ වෙන්නේ ලියොනිඩා කියන ප්ලේස් එකේ. මේක බේසිකලි ෆ්ලොරිඩා. ඒ වගේම ජී.ටී.ඒ. 6 එකේ මැප් එක ජී.ටී.ඒ. 5 එකට වඩා දෙගුණයක් ලොකුයි. ඒ,මේකේ madness එක පොඩ්ඩක් හිතලා බලන්නකෝ.And  game එක සිද්ධ වෙන්නේ Leonida කියන place එකේ. මේක basically Florida. ඒ වගේම GTA 6 එකේ map එක GTA 5 එකට වඩා දෙගුණයක් ලොකුයි. ඒ
Download (894).wav,ඒ වගේම වයිස් සිටි එකත් මේ ලියොනිඩා එකේ පාර්ට් එකක් තමයි.ඇන්ඩ් මේක තමයි කූල්ම පාර්ට් එක. මේ ගේම් එකේ එන්ටයර් ඩිවෙලොප්මන්ට් එකට ඒ.අයි. යූස් කරලා තියෙන්නේ 0%. ඒ වගේම සික්ස්,ඒ වගේම Vice City එකත් මේ Leonida එකේ part එකක් තමයි. And මේක තමයි cool ම part එක. මේ game එකේ entire development එකට AI use කරලා තියෙන්නේ 0%. ඒ වගේම six
Download (895).wav,සික්ස් තවුසන්ඩ් ඩිවෙලොපර්ස්ලා වැඩ කරලා තියෙනවා මේ ගේම් එක ඩිවෙලොප් කරන්න. ඇන්ඩ් හොඳම පාර්ට් එක තමයි වීහිකල්ස්.ඔයාට මේකේ වීහිකල්ස් දෙසියයක් විතර ඩ්‍රයිව් කරන්න පුළුවන්. ඔයාට අවශ්‍ය විදිහට ස්ටියරින්ග්,six thousand developers ලා වැඩ කරලා තියෙනවා මේ game එක develop කරන්න. And හොඳම part එක තමයි vehicles. ඔයාට මේකේ vehicles දෙසියයක් විතර drive කරන්න පුළුවන්. ඔයාට අවශ්‍ය විදිහට steering
Download (896).wav,"ස්ටියරින්ග් වීල් ඇජස්ට්මන්ට්, සීට්ස් ඇජස්ට්මන්ට්, ආම්පිට් ඇජස්ට්මන්ට්, රියර්-වීව් ඇජස්ට්මන්ට්, ඒ වගේම සන් වයිසර් එකත් අවශ්‍ය විදිහට ඇජස්ට් කරගන්න පුළුවන්. ඒ වගේම ඔයාගේ කාර් එකේ ස්පොයිලර් එකක් නැත්නම්","steering wheel adjustment, seats adjustment, armpit adjustment, rear-view adjustment, ඒ වගේම sun visor එකත් අවශ්‍ය විදිහට adjust කරගන්න පුළුවන්. ඒ වගේම ඔයාගේ car එකේ spoiler එකක් නැත්නම්"
Download (897).wav,"නැත්නම් ෆිසිකල් මොඩිෆිකේෂන් එකක් දැම්මොත් එහෙම, ඒක ඩ්‍රයිවින්ග් ෆිසික්ස් එකට ඇත්තටම ඉෆෙක්ට් වෙනවා. සෝ මින්පස්සේ කාර් මොඩිෆිකේෂන්, කොස්මෙටික් පාර්ට් එකක් නෙවෙයි. ඒ වගේම මේ සැරේ ග්‍රැෆික්ස් ඔයාට නෙක්ස්ට්","නැත්නම් physical modification එකක් දැම්මොත් එහෙම, ඒක driving physics එකට ඇත්තටම effect වෙනවා. So මින්පස්සේ car modification, cosmetic part එකක් නෙවෙයි.ඒ වගේම මේ සැරේ graphics ඔයාට next"
Download (898).wav,"නෙක්ස්ට් ලෙවල් විදිහට බලාගන්න පුළුවන්. ඒ වගේම කැරැක්ටර්ස්ලාගේ හෙයාර් ඔක්කොම දවස් ගානට අනුව ග්‍රෝ වෙනවා. ඇන්ඩ් ඊළඟ දේ තමයි, ක්ලෝත්ස්, වෝටර් ඇන්ඩ් වින්ඩ් වලට රියැක්ට් කරනවා. ඒ වගේම කාර් ඩ්‍රයිව් කරනකොට","next level විදිහට බලාගන්න පුළුවන්. ඒ වගේම characters ලාගේ hair ඔක්කොම දවස් ගානට අනුව grow වෙනවා. And ඊළඟ දේ තමයි, clothes, water and  wind වලට react කරනවා.ඒ වගේම car drive කරනකොට"
Download (899).wav,"කරනකොට වෙදර් එකට අනුව ඩ්‍රයිවින්ග් එක්ස්පීරියන්ස් එක වෙනස් වෙනවා. මේක 2026 ගේම් එකක්, ඒ නිසා ගොඩක් රූමර්ස් ඇවිල්ලා තියෙනවා මේ ගේම් එකේ සෝෂල් මීඩියා එක ලොකු ඉම්පැක්ට් එකක් කරනවා කියලා. ඔයාගේ ක්‍රෝම්","කරනකොට weather එකට අනුව driving experience එක වෙනස් වෙනවා. මේක 2026 game එකක්, ඒ නිසා ගොඩක් rumors ඇවිල්ලා තියෙනවා මේ game එකේ social media එක ලොකු impact එකක් කරනවා කියලා. ඔයාගේ Chrome"
Download (900).wav,"ඔයාගේ ක්‍රයිම් එකක් සෝෂල් මීඩියා එකට පෝස්ට් වුණොත් ඔයාගේ කැරැක්ටර් රෙපියුටේෂන් එක අඩු වෙනවා, ඒ වගේම පොලිස් එකටත් ඇලර්ට් එකක් යනවා. ඇන්ඩ් ජී.ටී.ඒ. 6 ගේම් එක මේ අවුරුද්දේ ඉන්ටර්නැෂනල් මෙන්ස් ඩේ එකට","ඔයාගේ crime එකක් social media එකට post වුණොත් ඔයාගේ character reputation එක අඩු වෙනවා, ඒ වගේම police එකටත් alert එකක් යනවා. And GTA 6 game එක මේ අවුරුද්දේ International Men's Day එකට"
Download (901).wav,ඩේ එකට ප්ලේස්ටේෂන් ඇන්ඩ් එක්ස්බොක්ස් වලට විතරක් බලාගන්න පුළුවන්. ඇන්ඩ් පී.සී. යූසර්ස්ලාට අවුරුදු දෙකක් නැත්නම් තුනක් ඉන්න වෙයි. සෝ මේ වීඩියෝ එක පී.සී. ගේමර්ස්ලා හැමෝටම ෂෙයාර් කරන්න.,Day එකට PlayStation and Xbox වලට විතරක් බලාගන්න පුළුවන්. and PC users ලාට අවුරුදු දෙකක් නැත්නම් තුනක් ඉන්න වෙයි. So මේ video එක PC gamers ලා හැමෝටම share කරන්න.
Download (903).wav,"ඔයාගේ සැම්සුන්ග් ගැලැක්සි ෆෝන් එක පිටිපස්සේ හිඩන් බටන් එකක් තියෙනවා. ඔයාට ඩබල් ටැප් කරලා ස්ක්‍රීන්ෂොට් එකක් ගන්න පුළුවන්, ඒ වගේම ඔයාට ඩබල් ටැප් කරලා ඇප් එකක් ඕපන් කරන්න පුළුවන් ලයික් ෆේස්බුක් වගේ","ඔයාගේ Samsung Galaxy phone එක පිටිපස්සේ hidden button එකක් තියෙනවා. ඔයාට double tap කරලා screenshot එකක් ගන්න පුළුවන්, ඒ වගේම ඔයාට double tap කරලා app එකක් open කරන්න පුළුවන් like Facebook වගේ"
Download (904).wav,"ෆේස්බුක් වගේ. ට්‍රිපල් ටැප් කරලා නොටිෆිකේෂන් පැනල් එකලා බලාගන්න පුළුවන්, ඒ වගේම ඩබල් ටැප් කරලා වින්ඩෝ ඇප් එකක් පොප් අවුට් කරන්නත් පුළුවන්. මේක සෙටප් කරන්න මිනිත්තුවක්වත් යන්නේ නෑ. වීඩියෝ එක සේව්","Facebook වගේ. Triple tap කරලා notification panel එක බලාගන්න පුළුවන්, ඒ වගේම double tap කරලා window app එකක් pop out කරන්නත් පුළුවන් . මේක setup කරන්න මිනිත්තුවක්වත් යන්නේ නෑ. Video එක save"
Download (905).wav,"වීඩියෝ එක සේව් කරලා තියාගන්න, එතකොට ආයෙ ඔයාට පස්සේ ඇවිල්ලා මේක බලන්න පුළුවන්. ඔයාගේ ෆෝන් එකේ ගැලැක්සි ස්ටෝ එකට යන්න. දැන් මේ ගුඩ් ලොක් කියන ඇප් එක ඉන්ස්ටෝල් කරගන්න. දැන් ගුඩ් ලොක් ඕපන් කරලා මෙන්න","Video එක save කරලා තියාගන්න, එතකොට ආයෙ ඔයාට පස්සේ ඇවිල්ලා මේක බලන්න පුළුවන්. ඔයාගේ phone එකේ Galaxy Store එකට යන්න. දැන් මේ Good Lock කියන app එක install කරගන්න. දැන් Good Lock open කරලා මෙන්න"
Download (906).wav,"මෙන්න මේ රෙජිස්ටාර් කියන එක ඉන්ස්ටෝල් කරගන්න. දැන් රෙජිස්ටාර් එකට ගිහින් බැක්-ටැප් ක්ලික් කරලා ඒක ඔන් කරගන්න. දැන් ඩබල් ටැප් එකට කැමති දෙයක් තියාගන්න, ඇන්ඩ් ඔයාට ඇප්","මෙන්න මේ RegiStar කියන එක install කරගන්න. දැන් RegiStar එකට ගිහින් Back-Tap click කරලා ඒක on කරගන්න. දැන් double tap එකට කැමති දෙයක් තියාගන්න, And ඔයාට app"
Download (907).wav,ඇප් එකක් ඕපන් කරන්න පුළුවන් ඔප්ෂන් එකක් දීලා තියෙනවා. ඒ වගේම ට්‍රිපල් ටැප් එකටත් මේ වගේ කැමති ඔප්ෂන් එකක් තියාගන්න. සෝ මේ වගේ යූස්ෆුල් වීඩියෝස් බලන්න මා ෆලෝ කරලා තියාගන්න,app එකක් open කරන්න පුළුවන් option එකක් දීලා තියෙනවා. ඒ වගේම triple tap එකටත් මේ වගේ කැමති option එකක් තියාගන්න.So මේ වගේ useful videos බලන්න මා follow කරලා තියාගන්න
